

================================================================
== Synthesis Summary Report of 'distilbert_hls_top'
================================================================
+ General Information: 
    * Date:           Fri Jun 26 17:32:11 2026
    * Version:        2021.2 (Build 3367213 on Tue Oct 19 02:47:39 MDT 2021)
    * Project:        build_hls
    * Solution:       solution1 (Vitis Kernel Flow Target)
    * Product family: virtexuplus
    * Target device:  xcu250-figd2104-2L-e
    

+ Performance & Resource Estimates: 
    
    PS: '+' for module; 'o' for loop; '*' for dataflow
    +------------------------------------------------------------------------------+--------+-------+----------+-----------+----------+----------+------+----------+----------+------------+--------------+--------------+-----------+
    |                                    Modules                                   |  Issue |       | Latency  |  Latency  | Iteration|          | Trip |          |          |            |              |              |           |
    |                                    & Loops                                   |  Type  | Slack | (cycles) |    (ns)   |  Latency | Interval | Count| Pipelined|   BRAM   |     DSP    |      FF      |      LUT     |    URAM   |
    +------------------------------------------------------------------------------+--------+-------+----------+-----------+----------+----------+------+----------+----------+------------+--------------+--------------+-----------+
    |+ distilbert_hls_top                                                          |  Timing|  -0.00|  82189536|  4.109e+08|         -|  82189537|     -|        no|  426 (7%)|  3945 (32%)|  560089 (16%)|  448324 (25%)|  160 (12%)|
    | + embedding_forward_hls                                                      |  Timing|  -0.00|     33775|  1.689e+05|         -|     33775|     -|        no|  32 (~0%)|     9 (~0%)|   13086 (~0%)|   11317 (~0%)|          -|
    |  + embedding_forward_hls_Pipeline_LOAD_EMB_NORM                              |  Timing|  -0.00|       169|    845.000|         -|       169|     -|        no|         -|           -|    1300 (~0%)|     286 (~0%)|          -|
    |   o LOAD_EMB_NORM                                                            |      II|   3.65|       167|    835.000|        74|         2|    48|       yes|         -|           -|             -|             -|          -|
    |  o EMB_TOKEN                                                                 |       -|   3.65|     33536|  1.677e+05|       524|         -|    64|        no|         -|           -|             -|             -|          -|
    |   + embedding_forward_hls_Pipeline_EMB_PACK                                  |  Timing|  -0.00|       175|    875.000|         -|       175|     -|        no|         -|           -|    1824 (~0%)|     533 (~0%)|          -|
    |    o EMB_PACK                                                                |      II|   3.65|       173|    865.000|        80|         2|    48|       yes|         -|           -|             -|             -|          -|
    |   + layer_norm_token_local                                                   |       -|   0.13|       343|  1.715e+03|         -|       343|     -|        no|         -|     9 (~0%)|    8054 (~0%)|    6496 (~0%)|          -|
    |    + layer_norm_token_local_Pipeline_LN_SUM_PACK                             |       -|   0.48|       156|    780.000|         -|       156|     -|        no|         -|           -|    2971 (~0%)|    3087 (~0%)|          -|
    |     o LN_SUM_PACK                                                            |      II|   3.65|       154|    770.000|        14|         3|    48|       yes|         -|           -|             -|             -|          -|
    |    + layer_norm_token_local_Pipeline_LN_APPLY_PACK                           |       -|   0.13|        69|    345.000|         -|        69|     -|        no|         -|           -|    4475 (~0%)|     656 (~0%)|          -|
    |     o LN_APPLY_PACK                                                          |       -|   3.65|        67|    335.000|        21|         1|    48|       yes|         -|           -|             -|             -|          -|
    | + distilbert_hls_top_Pipeline_STORE_OUTPUT_STORE_OUTPUT_PACK                 |  Timing|  -0.00|      3075|  1.538e+04|         -|      3075|     -|        no|         -|           -|     543 (~0%)|     200 (~0%)|          -|
    |  o STORE_OUTPUT_STORE_OUTPUT_PACK                                            |       -|   3.65|      3073|  1.536e+04|         3|         1|  3072|       yes|         -|           -|             -|             -|          -|
    | o LAYER_LOOP                                                                 |       -|   3.65|  82152612|  4.108e+08|  13692102|         -|     6|        no|         -|           -|             -|             -|          -|
    |  + attention_forward_hls                                                     |  Timing|  -0.00|   8406533|  4.203e+07|         -|   8406533|     -|        no|   2 (~0%)|    647 (5%)|   162200 (4%)|   112685 (6%)|    64 (5%)|
    |   + qkv_projection_fused_hls                                                 |  Timing|  -0.00|    859969|  4.300e+06|         -|    859969|     -|        no|         -|    640 (5%)|   102985 (2%)|    67596 (3%)|          -|
    |    o QKV_TOKEN                                                               |       -|   3.65|    859968|  4.300e+06|      8958|         -|    96|        no|         -|           -|             -|             -|          -|
    |     + qkv_projection_fused_hls_Pipeline_QKV_LOAD_BIAS                        |       -|   0.49|        10|     50.000|         -|        10|     -|        no|         -|           -|     774 (~0%)|   16392 (~0%)|          -|
    |      o QKV_LOAD_BIAS                                                         |       -|   3.65|         8|     40.000|         1|         1|     8|       yes|         -|           -|             -|             -|          -|
    |     + qkv_projection_fused_hls_Pipeline_QKV_INIT_TOKEN                       |       -|   2.35|        66|    330.000|         -|        66|     -|        no|         -|           -|       9 (~0%)|      52 (~0%)|          -|
    |      o QKV_INIT_TOKEN                                                        |       -|   3.65|        64|    320.000|         1|         1|    64|       yes|         -|           -|             -|             -|          -|
    |     + qkv_projection_fused_hls_Pipeline_QKV_STORE_TOKEN                      |       -|   1.25|        66|    330.000|         -|        66|     -|        no|         -|           -|      23 (~0%)|      97 (~0%)|          -|
    |      o QKV_STORE_TOKEN                                                       |       -|   3.65|        64|    320.000|         2|         1|    64|       yes|         -|           -|             -|             -|          -|
    |     o QKV_IN_PACK                                                            |       -|   3.65|      8736|  4.368e+04|       182|         -|    48|        no|         -|           -|             -|             -|          -|
    |      + qkv_projection_fused_hls_Pipeline_QKV_LOAD_W                          |  Timing|  -0.00|        81|    405.000|         -|        81|     -|        no|         -|           -|   14279 (~0%)|    3933 (~0%)|          -|
    |       o QKV_LOAD_W                                                           |       -|   3.65|        79|    395.000|        73|         1|     8|       yes|         -|           -|             -|             -|          -|
    |      + qkv_projection_fused_hls_Pipeline_QKV_TOKEN_DOT                       |       -|   0.67|        96|    480.000|         -|        96|     -|        no|         -|    640 (5%)|    72221 (2%)|    39041 (2%)|          -|
    |       o QKV_TOKEN_DOT                                                        |       -|   3.65|        94|    470.000|        32|         1|    64|       yes|         -|           -|             -|             -|          -|
    |   + attention_forward_hls_Pipeline_ATTN_CONTEXT_INIT_ATTN_CONTEXT_INIT_PACK  |       -|   0.23|      3074|  1.537e+04|         -|      3074|     -|        no|         -|           -|      27 (~0%)|     178 (~0%)|          -|
    |    o ATTN_CONTEXT_INIT_ATTN_CONTEXT_INIT_PACK                                |       -|   3.65|      3072|  1.536e+04|         1|         1|  3072|       yes|         -|           -|             -|             -|          -|
    |   + linear_hidden_to_hidden_parallel_hls                                     |  Timing|  -0.00|    448705|  2.244e+06|         -|    448705|     -|        no|         -|           -|    38189 (1%)|   15946 (~0%)|          -|
    |    o LINEAR_PAR_TOKEN                                                        |       -|   3.65|    448704|  2.244e+06|      9348|         -|    48|        no|         -|           -|             -|             -|          -|
    |     + linear_hidden_to_hidden_parallel_hls_Pipeline_LINEAR_PAR_LOAD_BIAS     |       -|   0.49|        18|     90.000|         -|        18|     -|        no|         -|           -|     519 (~0%)|    5575 (~0%)|          -|
    |      o LINEAR_PAR_LOAD_BIAS                                                  |       -|   3.65|        16|     80.000|         1|         1|    16|       yes|         -|           -|             -|             -|          -|
    |     + linear_hidden_to_hidden_parallel_hls_Pipeline_LINEAR_PAR_INIT_TOKEN    |       -|   2.35|        66|    330.000|         -|        66|     -|        no|         -|           -|       9 (~0%)|      52 (~0%)|          -|
    |      o LINEAR_PAR_INIT_TOKEN                                                 |       -|   3.65|        64|    320.000|         1|         1|    64|       yes|         -|           -|             -|             -|          -|
    |     + linear_hidden_to_hidden_parallel_hls_Pipeline_LINEAR_PAR_STORE_TOKEN   |       -|   1.25|        66|    330.000|         -|        66|     -|        no|         -|           -|      23 (~0%)|      97 (~0%)|          -|
    |      o LINEAR_PAR_STORE_TOKEN                                                |       -|   3.65|        64|    320.000|         2|         1|    64|       yes|         -|           -|             -|             -|          -|
    |     o LINEAR_PAR_IN_PACK                                                     |       -|   3.65|      9120|  4.560e+04|       190|         -|    48|        no|         -|           -|             -|             -|          -|
    |      + linear_hidden_to_hidden_parallel_hls_Pipeline_LINEAR_PAR_LOAD_W       |  Timing|  -0.00|        89|    445.000|         -|        89|     -|        no|         -|           -|    9045 (~0%)|    2600 (~0%)|          -|
    |       o LINEAR_PAR_LOAD_W                                                    |       -|   3.65|        87|    435.000|        73|         1|    16|       yes|         -|           -|             -|             -|          -|
    |      + linear_hidden_to_hidden_parallel_hls_Pipeline_LINEAR_PAR_TOKEN_DOT    |       -|   0.67|        96|    480.000|         -|        96|     -|        no|         -|           -|   18669 (~0%)|     641 (~0%)|          -|
    |       o LINEAR_PAR_TOKEN_DOT                                                 |       -|   3.65|        94|    470.000|        32|         1|    64|       yes|         -|           -|             -|             -|          -|
    |   o ATTN_QUERY_ATTN_HEAD                                                     |       -|   3.65|   7097856|  3.549e+07|      9242|         -|   768|        no|         -|           -|             -|             -|          -|
    |    + attention_forward_hls_Pipeline_ATTN_EXP                                 |  Timing|  -0.00|       267|  1.335e+03|         -|       267|     -|        no|         -|     7 (~0%)|   14107 (~0%)|    1331 (~0%)|          -|
    |     o ATTN_EXP                                                               |      II|   3.65|       265|  1.325e+03|        77|         3|    64|       yes|         -|           -|             -|             -|          -|
    |    o ATTN_SCORE                                                              |       -|   3.65|      8129|  4.064e+04|       127|         -|    64|        no|         -|           -|             -|             -|          -|
    |     + attention_dot64                                                        |       -|   0.48|        47|    235.000|         -|        47|     -|        no|         -|           -|    2226 (~0%)|     887 (~0%)|          -|
    |      + attention_dot64_Pipeline_DOT64_PACK                                   |       -|   0.48|        45|    225.000|         -|        45|     -|        no|         -|           -|    2206 (~0%)|     721 (~0%)|          -|
    |       o DOT64_PACK                                                           |      II|   3.65|        43|    215.000|        35|         3|     4|       yes|         -|           -|             -|             -|          -|
    |    o ATTN_VALUE_PACK                                                         |       -|   3.65|       832|  4.160e+03|       208|         -|     4|        no|         -|           -|             -|             -|          -|
    |     + attention_forward_hls_Pipeline_ATTN_VALUE_KEY                          |       -|   0.13|       205|  1.025e+03|         -|       205|     -|        no|         -|           -|    1665 (~0%)|     790 (~0%)|          -|
    |      o ATTN_VALUE_KEY                                                        |      II|   3.65|       203|  1.015e+03|        15|         3|    64|       yes|         -|           -|             -|             -|          -|
    |  + add_layer_norm_hls                                                        |  Timing|  -0.00|     22458|  1.123e+05|         -|     22458|     -|        no|  32 (~0%)|    169 (1%)|   23126 (~0%)|    20737 (1%)|          -|
    |   + load_norm_vector                                                         |  Timing|  -0.00|       123|    615.000|         -|       123|     -|        no|         -|           -|     668 (~0%)|     624 (~0%)|          -|
    |    + load_norm_vector_Pipeline_LOAD_NORM_VECTOR                              |  Timing|  -0.00|        51|    255.000|         -|        51|     -|        no|         -|           -|     536 (~0%)|      74 (~0%)|          -|
    |     o LOAD_NORM_VECTOR                                                       |       -|   3.65|        49|    245.000|         3|         1|    48|       yes|         -|           -|             -|             -|          -|
    |   o ADD_LN_TOKEN                                                             |       -|   3.65|     22208|  1.110e+05|       347|         -|    64|        no|         -|           -|             -|             -|          -|
    |    + add_layer_norm_hls_Pipeline_ADD_LN_SUM_PACK                             |       -|   0.48|       159|    795.000|         -|       159|     -|        no|         -|           -|    6221 (~0%)|    5852 (~0%)|          -|
    |     o ADD_LN_SUM_PACK                                                        |      II|   3.65|       157|    785.000|        17|         3|    48|       yes|         -|           -|             -|             -|          -|
    |    + add_layer_norm_hls_Pipeline_ADD_LN_APPLY_PACK                           |       -|   0.13|        69|    345.000|         -|        69|     -|        no|         -|    130 (1%)|   13523 (~0%)|    8404 (~0%)|          -|
    |     o ADD_LN_APPLY_PACK                                                      |       -|   3.65|        67|    335.000|        21|         1|    48|       yes|         -|           -|             -|             -|          -|
    |  + ffn_forward_hls                                                           |  Timing|  -0.00|   5240645|  2.620e+07|         -|   5240645|     -|        no|         -|  1840 (14%)|   251180 (7%)|  176083 (10%)|    48 (3%)|
    |   + linear_hidden_to_ffn_parallel_hls                                        |  Timing|  -0.00|   3478657|  1.739e+07|         -|   3478657|     -|        no|         -|  1840 (14%)|   212949 (6%)|   144942 (8%)|          -|
    |    o FFN1_TOKEN                                                              |       -|   3.65|   3478656|  1.739e+07|      9059|         -|   384|        no|         -|           -|             -|             -|          -|
    |     + linear_hidden_to_ffn_parallel_hls_Pipeline_FFN1_LOAD_BIAS              |       -|   0.49|        10|     50.000|         -|        10|     -|        no|         -|           -|     262 (~0%)|    5502 (~0%)|          -|
    |      o FFN1_LOAD_BIAS                                                        |       -|   3.65|         8|     40.000|         1|         1|     8|       yes|         -|           -|             -|             -|          -|
    |     + linear_hidden_to_ffn_parallel_hls_Pipeline_FFN1_INIT_TOKEN             |       -|   2.35|        66|    330.000|         -|        66|     -|        no|         -|           -|       9 (~0%)|      52 (~0%)|          -|
    |      o FFN1_INIT_TOKEN                                                       |       -|   3.65|        64|    320.000|         1|         1|    64|       yes|         -|           -|             -|             -|          -|
    |     + linear_hidden_to_ffn_parallel_hls_Pipeline_FFN1_STORE_TOKEN            |  Timing|  -0.00|       169|    845.000|         -|       169|     -|        no|         -|  1840 (14%)|   192743 (5%)|   132567 (7%)|          -|
    |      o FFN1_STORE_TOKEN                                                      |       -|   3.65|       167|    835.000|       105|         1|    64|       yes|         -|           -|             -|             -|          -|
    |       + generic_erf_float_s                                                  |       -|   0.06|        88|    440.000|         -|         1|     -|       yes|         -|    230 (1%)|   23800 (~0%)|   16523 (~0%)|          -|
    |       + generic_erf_float_s                                                  |       -|   0.06|        88|    440.000|         -|         1|     -|       yes|         -|    230 (1%)|   23800 (~0%)|   16523 (~0%)|          -|
    |       + generic_erf_float_s                                                  |       -|   0.06|        88|    440.000|         -|         1|     -|       yes|         -|    230 (1%)|   23800 (~0%)|   16523 (~0%)|          -|
    |       + generic_erf_float_s                                                  |       -|   0.06|        88|    440.000|         -|         1|     -|       yes|         -|    230 (1%)|   23800 (~0%)|   16523 (~0%)|          -|
    |       + generic_erf_float_s                                                  |       -|   0.06|        88|    440.000|         -|         1|     -|       yes|         -|    230 (1%)|   23800 (~0%)|   16523 (~0%)|          -|
    |       + generic_erf_float_s                                                  |       -|   0.06|        88|    440.000|         -|         1|     -|       yes|         -|    230 (1%)|   23800 (~0%)|   16523 (~0%)|          -|
    |       + generic_erf_float_s                                                  |       -|   0.06|        88|    440.000|         -|         1|     -|       yes|         -|    230 (1%)|   23800 (~0%)|   16523 (~0%)|          -|
    |       + generic_erf_float_s                                                  |       -|   0.06|        88|    440.000|         -|         1|     -|       yes|         -|    230 (1%)|   23800 (~0%)|   16523 (~0%)|          -|
    |     o FFN1_IN_PACK                                                           |       -|   3.65|      8736|  4.368e+04|       182|         -|    48|        no|         -|           -|             -|             -|          -|
    |      + linear_hidden_to_ffn_parallel_hls_Pipeline_FFN1_LOAD_W                |  Timing|  -0.00|        81|    405.000|         -|        81|     -|        no|         -|           -|    4947 (~0%)|    1455 (~0%)|          -|
    |       o FFN1_LOAD_W                                                          |       -|   3.65|        79|    395.000|        73|         1|     8|       yes|         -|           -|             -|             -|          -|
    |      + linear_hidden_to_ffn_parallel_hls_Pipeline_FFN1_TOKEN_DOT             |       -|   0.67|        96|    480.000|         -|        96|     -|        no|         -|           -|    9661 (~0%)|     385 (~0%)|          -|
    |       o FFN1_TOKEN_DOT                                                       |       -|   3.65|        94|    470.000|        32|         1|    64|       yes|         -|           -|             -|             -|          -|
    |   + linear_ffn_to_hidden_parallel_hls                                        |  Timing|  -0.00|   1761985|  8.810e+06|         -|   1761985|     -|        no|         -|           -|    38193 (1%)|   15953 (~0%)|          -|
    |    o FFN2_TOKEN                                                              |       -|   3.65|   1761984|  8.810e+06|     36708|         -|    48|        no|         -|           -|             -|             -|          -|
    |     + linear_ffn_to_hidden_parallel_hls_Pipeline_FFN2_LOAD_BIAS              |       -|   0.49|        18|     90.000|         -|        18|     -|        no|         -|           -|     519 (~0%)|    5575 (~0%)|          -|
    |      o FFN2_LOAD_BIAS                                                        |       -|   3.65|        16|     80.000|         1|         1|    16|       yes|         -|           -|             -|             -|          -|
    |     + linear_ffn_to_hidden_parallel_hls_Pipeline_FFN2_INIT_TOKEN             |       -|   2.35|        66|    330.000|         -|        66|     -|        no|         -|           -|       9 (~0%)|      52 (~0%)|          -|
    |      o FFN2_INIT_TOKEN                                                       |       -|   3.65|        64|    320.000|         1|         1|    64|       yes|         -|           -|             -|             -|          -|
    |     + linear_ffn_to_hidden_parallel_hls_Pipeline_FFN2_STORE_TOKEN            |       -|   1.25|        66|    330.000|         -|        66|     -|        no|         -|           -|      23 (~0%)|      97 (~0%)|          -|
    |      o FFN2_STORE_TOKEN                                                      |       -|   3.65|        64|    320.000|         2|         1|    64|       yes|         -|           -|             -|             -|          -|
    |     o FFN2_IN_PACK                                                           |       -|   3.65|     36480|  1.824e+05|       190|         -|   192|        no|         -|           -|             -|             -|          -|
    |      + linear_ffn_to_hidden_parallel_hls_Pipeline_FFN2_LOAD_W                |  Timing|  -0.00|        89|    445.000|         -|        89|     -|        no|         -|           -|    9045 (~0%)|    2606 (~0%)|          -|
    |       o FFN2_LOAD_W                                                          |       -|   3.65|        87|    435.000|        73|         1|    16|       yes|         -|           -|             -|             -|          -|
    |      + linear_ffn_to_hidden_parallel_hls_Pipeline_FFN2_TOKEN_DOT             |       -|   0.67|        96|    480.000|         -|        96|     -|        no|         -|           -|   18669 (~0%)|     639 (~0%)|          -|
    |       o FFN2_TOKEN_DOT                                                       |       -|   3.65|        94|    470.000|        32|         1|    64|       yes|         -|           -|             -|             -|          -|
    +------------------------------------------------------------------------------+--------+-------+----------+-----------+----------+----------+------+----------+----------+------------+--------------+--------------+-----------+


================================================================
== HW Interfaces
================================================================
* M_AXI
+-----------------------+------------+---------------+---------+--------+----------+-----------+--------------+--------------+-------------+-------------+-------------------+
| Interface             | Data Width | Address Width | Latency | Offset | Register | Max Widen | Max Read     | Max Write    | Num Read    | Num Write   | Resource Estimate |
|                       | (SW->HW)   |               |         |        |          | Bitwidth  | Burst Length | Burst Length | Outstanding | Outstanding |                   |
+-----------------------+------------+---------------+---------+--------+----------+-----------+--------------+--------------+-------------+-------------+-------------------+
| m_axi_gmem_attn_b     | 512 -> 512 | 64            | 64      | slave  | 0        | 512       | 16           | 16           | 16          | 16          | BRAM=30           |
| m_axi_gmem_attn_k_w   | 512 -> 512 | 64            | 64      | slave  | 0        | 512       | 64           | 16           | 32          | 16          | BRAM=30           |
| m_axi_gmem_attn_norm  | 512 -> 512 | 64            | 64      | slave  | 0        | 512       | 16           | 16           | 16          | 16          | BRAM=30           |
| m_axi_gmem_attn_o_w   | 512 -> 512 | 64            | 64      | slave  | 0        | 512       | 64           | 16           | 32          | 16          | BRAM=30           |
| m_axi_gmem_attn_q_w   | 512 -> 512 | 64            | 64      | slave  | 0        | 512       | 64           | 16           | 32          | 16          | BRAM=30           |
| m_axi_gmem_attn_v_w   | 512 -> 512 | 64            | 64      | slave  | 0        | 512       | 64           | 16           | 32          | 16          | BRAM=30           |
| m_axi_gmem_emb        | 512 -> 512 | 64            | 64      | slave  | 0        | 512       | 16           | 16           | 16          | 16          | BRAM=30           |
| m_axi_gmem_ffn_b      | 512 -> 512 | 64            | 64      | slave  | 0        | 512       | 16           | 16           | 16          | 16          | BRAM=30           |
| m_axi_gmem_ffn_down_w | 512 -> 512 | 64            | 64      | slave  | 0        | 512       | 64           | 16           | 32          | 16          | BRAM=30           |
| m_axi_gmem_ffn_norm   | 512 -> 512 | 64            | 64      | slave  | 0        | 512       | 16           | 16           | 16          | 16          | BRAM=30           |
| m_axi_gmem_ffn_up_w   | 512 -> 512 | 64            | 64      | slave  | 0        | 512       | 64           | 16           | 32          | 16          | BRAM=30           |
| m_axi_gmem_io         | 32 -> 512  | 64            | 64      | slave  | 0        | 512       | 16           | 16           | 16          | 16          | BRAM=30           |
+-----------------------+------------+---------------+---------+--------+----------+-----------+--------------+--------------+-------------+-------------+-------------------+

* S_AXILITE Interfaces
+---------------+------------+---------------+--------+----------+
| Interface     | Data Width | Address Width | Offset | Register |
+---------------+------------+---------------+--------+----------+
| s_axi_control | 32         | 8             | 16     | 0        |
+---------------+------------+---------------+--------+----------+

* S_AXILITE Registers
+---------------+-----------------------+--------+-------+--------+------------------------------------+------------------------------------------------------------------------+
| Interface     | Register              | Offset | Width | Access | Description                        | Bit Fields                                                             |
+---------------+-----------------------+--------+-------+--------+------------------------------------+------------------------------------------------------------------------+
| s_axi_control | CTRL                  | 0x00   | 32    | RW     | Control signals                    | 0=AP_START 1=AP_DONE 2=AP_IDLE 3=AP_READY 4=AP_CONTINUE 7=AUTO_RESTART |
| s_axi_control | GIER                  | 0x04   | 32    | RW     | Global Interrupt Enable Register   | 0=Enable                                                               |
| s_axi_control | IP_IER                | 0x08   | 32    | RW     | IP Interrupt Enable Register       | 0=CHAN0_INT_EN 1=CHAN1_INT_EN 5=CHAN2_INT_EN                           |
| s_axi_control | IP_ISR                | 0x0c   | 32    | RW     | IP Interrupt Status Register       | 0=CHAN0_INT_ST 1=CHAN1_INT_ST 5=CHAN2_INT_ST                           |
| s_axi_control | input_ids_1           | 0x10   | 32    | W      | Data signal of input_ids           |                                                                        |
| s_axi_control | input_ids_2           | 0x14   | 32    | W      | Data signal of input_ids           |                                                                        |
| s_axi_control | attention_mask_1      | 0x1c   | 32    | W      | Data signal of attention_mask      |                                                                        |
| s_axi_control | attention_mask_2      | 0x20   | 32    | W      | Data signal of attention_mask      |                                                                        |
| s_axi_control | embedding_blob_1      | 0x28   | 32    | W      | Data signal of embedding_blob      |                                                                        |
| s_axi_control | embedding_blob_2      | 0x2c   | 32    | W      | Data signal of embedding_blob      |                                                                        |
| s_axi_control | attn_q_w_all_1        | 0x34   | 32    | W      | Data signal of attn_q_w_all        |                                                                        |
| s_axi_control | attn_q_w_all_2        | 0x38   | 32    | W      | Data signal of attn_q_w_all        |                                                                        |
| s_axi_control | attn_q_b_all_1        | 0x40   | 32    | W      | Data signal of attn_q_b_all        |                                                                        |
| s_axi_control | attn_q_b_all_2        | 0x44   | 32    | W      | Data signal of attn_q_b_all        |                                                                        |
| s_axi_control | attn_k_w_all_1        | 0x4c   | 32    | W      | Data signal of attn_k_w_all        |                                                                        |
| s_axi_control | attn_k_w_all_2        | 0x50   | 32    | W      | Data signal of attn_k_w_all        |                                                                        |
| s_axi_control | attn_k_b_all_1        | 0x58   | 32    | W      | Data signal of attn_k_b_all        |                                                                        |
| s_axi_control | attn_k_b_all_2        | 0x5c   | 32    | W      | Data signal of attn_k_b_all        |                                                                        |
| s_axi_control | attn_v_w_all_1        | 0x64   | 32    | W      | Data signal of attn_v_w_all        |                                                                        |
| s_axi_control | attn_v_w_all_2        | 0x68   | 32    | W      | Data signal of attn_v_w_all        |                                                                        |
| s_axi_control | attn_v_b_all_1        | 0x70   | 32    | W      | Data signal of attn_v_b_all        |                                                                        |
| s_axi_control | attn_v_b_all_2        | 0x74   | 32    | W      | Data signal of attn_v_b_all        |                                                                        |
| s_axi_control | attn_o_w_all_1        | 0x7c   | 32    | W      | Data signal of attn_o_w_all        |                                                                        |
| s_axi_control | attn_o_w_all_2        | 0x80   | 32    | W      | Data signal of attn_o_w_all        |                                                                        |
| s_axi_control | attn_o_b_all_1        | 0x88   | 32    | W      | Data signal of attn_o_b_all        |                                                                        |
| s_axi_control | attn_o_b_all_2        | 0x8c   | 32    | W      | Data signal of attn_o_b_all        |                                                                        |
| s_axi_control | attn_norm_gamma_all_1 | 0x94   | 32    | W      | Data signal of attn_norm_gamma_all |                                                                        |
| s_axi_control | attn_norm_gamma_all_2 | 0x98   | 32    | W      | Data signal of attn_norm_gamma_all |                                                                        |
| s_axi_control | attn_norm_beta_all_1  | 0xa0   | 32    | W      | Data signal of attn_norm_beta_all  |                                                                        |
| s_axi_control | attn_norm_beta_all_2  | 0xa4   | 32    | W      | Data signal of attn_norm_beta_all  |                                                                        |
| s_axi_control | ffn_up_w_all_1        | 0xac   | 32    | W      | Data signal of ffn_up_w_all        |                                                                        |
| s_axi_control | ffn_up_w_all_2        | 0xb0   | 32    | W      | Data signal of ffn_up_w_all        |                                                                        |
| s_axi_control | ffn_up_b_all_1        | 0xb8   | 32    | W      | Data signal of ffn_up_b_all        |                                                                        |
| s_axi_control | ffn_up_b_all_2        | 0xbc   | 32    | W      | Data signal of ffn_up_b_all        |                                                                        |
| s_axi_control | ffn_down_w_all_1      | 0xc4   | 32    | W      | Data signal of ffn_down_w_all      |                                                                        |
| s_axi_control | ffn_down_w_all_2      | 0xc8   | 32    | W      | Data signal of ffn_down_w_all      |                                                                        |
| s_axi_control | ffn_down_b_all_1      | 0xd0   | 32    | W      | Data signal of ffn_down_b_all      |                                                                        |
| s_axi_control | ffn_down_b_all_2      | 0xd4   | 32    | W      | Data signal of ffn_down_b_all      |                                                                        |
| s_axi_control | ffn_norm_gamma_all_1  | 0xdc   | 32    | W      | Data signal of ffn_norm_gamma_all  |                                                                        |
| s_axi_control | ffn_norm_gamma_all_2  | 0xe0   | 32    | W      | Data signal of ffn_norm_gamma_all  |                                                                        |
| s_axi_control | ffn_norm_beta_all_1   | 0xe8   | 32    | W      | Data signal of ffn_norm_beta_all   |                                                                        |
| s_axi_control | ffn_norm_beta_all_2   | 0xec   | 32    | W      | Data signal of ffn_norm_beta_all   |                                                                        |
| s_axi_control | output_hidden_1       | 0xf4   | 32    | W      | Data signal of output_hidden       |                                                                        |
| s_axi_control | output_hidden_2       | 0xf8   | 32    | W      | Data signal of output_hidden       |                                                                        |
+---------------+-----------------------+--------+-------+--------+------------------------------------+------------------------------------------------------------------------+

* TOP LEVEL CONTROL
+-----------+---------------+-----------+
| Interface | Type          | Ports     |
+-----------+---------------+-----------+
| ap_clk    | clock         | ap_clk    |
| ap_rst_n  | reset         | ap_rst_n  |
| interrupt | interrupt     | interrupt |
| ap_ctrl   | ap_ctrl_chain |           |
+-----------+---------------+-----------+


================================================================
== SW I/O Information
================================================================
* Top Function Arguments
+---------------------+-----------+----------------------+
| Argument            | Direction | Datatype             |
+---------------------+-----------+----------------------+
| input_ids           | inout     | int const *          |
| attention_mask      | inout     | int const *          |
| embedding_blob      | in        | ap_uint<512> const * |
| attn_q_w_all        | in        | ap_uint<512> const * |
| attn_q_b_all        | in        | ap_uint<512> const * |
| attn_k_w_all        | in        | ap_uint<512> const * |
| attn_k_b_all        | in        | ap_uint<512> const * |
| attn_v_w_all        | in        | ap_uint<512> const * |
| attn_v_b_all        | in        | ap_uint<512> const * |
| attn_o_w_all        | in        | ap_uint<512> const * |
| attn_o_b_all        | in        | ap_uint<512> const * |
| attn_norm_gamma_all | in        | ap_uint<512> const * |
| attn_norm_beta_all  | in        | ap_uint<512> const * |
| ffn_up_w_all        | in        | ap_uint<512> const * |
| ffn_up_b_all        | in        | ap_uint<512> const * |
| ffn_down_w_all      | in        | ap_uint<512> const * |
| ffn_down_b_all      | in        | ap_uint<512> const * |
| ffn_norm_gamma_all  | in        | ap_uint<512> const * |
| ffn_norm_beta_all   | in        | ap_uint<512> const * |
| output_hidden       | inout     | ap_uint<512>*        |
+---------------------+-----------+----------------------+

* SW-to-HW Mapping
+---------------------+-----------------------+-----------+----------+-------------------------------------------------+
| Argument            | HW Interface          | HW Type   | HW Usage | HW Info                                         |
+---------------------+-----------------------+-----------+----------+-------------------------------------------------+
| input_ids           | m_axi_gmem_io         | interface |          |                                                 |
| input_ids           | s_axi_control         | register  | offset   | name=input_ids_1 offset=0x10 range=32           |
| input_ids           | s_axi_control         | register  | offset   | name=input_ids_2 offset=0x14 range=32           |
| attention_mask      | m_axi_gmem_io         | interface |          |                                                 |
| attention_mask      | s_axi_control         | register  | offset   | name=attention_mask_1 offset=0x1c range=32      |
| attention_mask      | s_axi_control         | register  | offset   | name=attention_mask_2 offset=0x20 range=32      |
| embedding_blob      | m_axi_gmem_emb        | interface |          |                                                 |
| embedding_blob      | s_axi_control         | register  | offset   | name=embedding_blob_1 offset=0x28 range=32      |
| embedding_blob      | s_axi_control         | register  | offset   | name=embedding_blob_2 offset=0x2c range=32      |
| attn_q_w_all        | m_axi_gmem_attn_q_w   | interface |          |                                                 |
| attn_q_w_all        | s_axi_control         | register  | offset   | name=attn_q_w_all_1 offset=0x34 range=32        |
| attn_q_w_all        | s_axi_control         | register  | offset   | name=attn_q_w_all_2 offset=0x38 range=32        |
| attn_q_b_all        | m_axi_gmem_attn_b     | interface |          |                                                 |
| attn_q_b_all        | s_axi_control         | register  | offset   | name=attn_q_b_all_1 offset=0x40 range=32        |
| attn_q_b_all        | s_axi_control         | register  | offset   | name=attn_q_b_all_2 offset=0x44 range=32        |
| attn_k_w_all        | m_axi_gmem_attn_k_w   | interface |          |                                                 |
| attn_k_w_all        | s_axi_control         | register  | offset   | name=attn_k_w_all_1 offset=0x4c range=32        |
| attn_k_w_all        | s_axi_control         | register  | offset   | name=attn_k_w_all_2 offset=0x50 range=32        |
| attn_k_b_all        | m_axi_gmem_attn_b     | interface |          |                                                 |
| attn_k_b_all        | s_axi_control         | register  | offset   | name=attn_k_b_all_1 offset=0x58 range=32        |
| attn_k_b_all        | s_axi_control         | register  | offset   | name=attn_k_b_all_2 offset=0x5c range=32        |
| attn_v_w_all        | m_axi_gmem_attn_v_w   | interface |          |                                                 |
| attn_v_w_all        | s_axi_control         | register  | offset   | name=attn_v_w_all_1 offset=0x64 range=32        |
| attn_v_w_all        | s_axi_control         | register  | offset   | name=attn_v_w_all_2 offset=0x68 range=32        |
| attn_v_b_all        | m_axi_gmem_attn_b     | interface |          |                                                 |
| attn_v_b_all        | s_axi_control         | register  | offset   | name=attn_v_b_all_1 offset=0x70 range=32        |
| attn_v_b_all        | s_axi_control         | register  | offset   | name=attn_v_b_all_2 offset=0x74 range=32        |
| attn_o_w_all        | m_axi_gmem_attn_o_w   | interface |          |                                                 |
| attn_o_w_all        | s_axi_control         | register  | offset   | name=attn_o_w_all_1 offset=0x7c range=32        |
| attn_o_w_all        | s_axi_control         | register  | offset   | name=attn_o_w_all_2 offset=0x80 range=32        |
| attn_o_b_all        | m_axi_gmem_attn_b     | interface |          |                                                 |
| attn_o_b_all        | s_axi_control         | register  | offset   | name=attn_o_b_all_1 offset=0x88 range=32        |
| attn_o_b_all        | s_axi_control         | register  | offset   | name=attn_o_b_all_2 offset=0x8c range=32        |
| attn_norm_gamma_all | m_axi_gmem_attn_norm  | interface |          |                                                 |
| attn_norm_gamma_all | s_axi_control         | register  | offset   | name=attn_norm_gamma_all_1 offset=0x94 range=32 |
| attn_norm_gamma_all | s_axi_control         | register  | offset   | name=attn_norm_gamma_all_2 offset=0x98 range=32 |
| attn_norm_beta_all  | m_axi_gmem_attn_norm  | interface |          |                                                 |
| attn_norm_beta_all  | s_axi_control         | register  | offset   | name=attn_norm_beta_all_1 offset=0xa0 range=32  |
| attn_norm_beta_all  | s_axi_control         | register  | offset   | name=attn_norm_beta_all_2 offset=0xa4 range=32  |
| ffn_up_w_all        | m_axi_gmem_ffn_up_w   | interface |          |                                                 |
| ffn_up_w_all        | s_axi_control         | register  | offset   | name=ffn_up_w_all_1 offset=0xac range=32        |
| ffn_up_w_all        | s_axi_control         | register  | offset   | name=ffn_up_w_all_2 offset=0xb0 range=32        |
| ffn_up_b_all        | m_axi_gmem_ffn_b      | interface |          |                                                 |
| ffn_up_b_all        | s_axi_control         | register  | offset   | name=ffn_up_b_all_1 offset=0xb8 range=32        |
| ffn_up_b_all        | s_axi_control         | register  | offset   | name=ffn_up_b_all_2 offset=0xbc range=32        |
| ffn_down_w_all      | m_axi_gmem_ffn_down_w | interface |          |                                                 |
| ffn_down_w_all      | s_axi_control         | register  | offset   | name=ffn_down_w_all_1 offset=0xc4 range=32      |
| ffn_down_w_all      | s_axi_control         | register  | offset   | name=ffn_down_w_all_2 offset=0xc8 range=32      |
| ffn_down_b_all      | m_axi_gmem_ffn_b      | interface |          |                                                 |
| ffn_down_b_all      | s_axi_control         | register  | offset   | name=ffn_down_b_all_1 offset=0xd0 range=32      |
| ffn_down_b_all      | s_axi_control         | register  | offset   | name=ffn_down_b_all_2 offset=0xd4 range=32      |
| ffn_norm_gamma_all  | m_axi_gmem_ffn_norm   | interface |          |                                                 |
| ffn_norm_gamma_all  | s_axi_control         | register  | offset   | name=ffn_norm_gamma_all_1 offset=0xdc range=32  |
| ffn_norm_gamma_all  | s_axi_control         | register  | offset   | name=ffn_norm_gamma_all_2 offset=0xe0 range=32  |
| ffn_norm_beta_all   | m_axi_gmem_ffn_norm   | interface |          |                                                 |
| ffn_norm_beta_all   | s_axi_control         | register  | offset   | name=ffn_norm_beta_all_1 offset=0xe8 range=32   |
| ffn_norm_beta_all   | s_axi_control         | register  | offset   | name=ffn_norm_beta_all_2 offset=0xec range=32   |
| output_hidden       | m_axi_gmem_io         | interface |          |                                                 |
| output_hidden       | s_axi_control         | register  | offset   | name=output_hidden_1 offset=0xf4 range=32       |
| output_hidden       | s_axi_control         | register  | offset   | name=output_hidden_2 offset=0xf8 range=32       |
+---------------------+-----------------------+-----------+----------+-------------------------------------------------+


================================================================
== M_AXI Burst Information
================================================================
 Note: All burst requests might be further partitioned into multiple requests during RTL generation based on max_read_burst_length or max_write_burst_length settings.

* Inferred Burst Summary
+----------------------+------------------+-----------+--------+-------+----------------------+
| HW Interface         | Loop             | Direction | Length | Width | Location             |
+----------------------+------------------+-----------+--------+-------+----------------------+
| m_axi_gmem_io        | STORE_OUTPUT     | write     | 3072   | 512   | top.cpp:126:5        |
| m_axi_gmem_io        |                  | read      | 4      | 512   | embedding.cpp:88:5   |
| m_axi_gmem_io        |                  | read      | 4      | 512   | attention.cpp:285:13 |
| m_axi_gmem_io        |                  | read      | 4      | 512   | attention.cpp:298:13 |
| m_axi_gmem_attn_norm | LOAD_NORM_VECTOR | read      | 48     | 512   | ops.cpp:10:5         |
+----------------------+------------------+-----------+--------+-------+----------------------+

* Inferred Bursts and Widening Missed
+-----------------------+----------------+----------------------+----------------------------------------------------------------------------------------------------------------------+------------+----------------------+
| HW Interface          | Variable       | Loop                 | Problem                                                                                                              | Resolution | Location             |
+-----------------------+----------------+----------------------+----------------------------------------------------------------------------------------------------------------------+------------+----------------------+
| m_axi_gmem_ffn_b      | bias_all       | FFN1_LOAD_BIAS       | Could not analyze pattern                                                                                            | 214-229    | ffn.cpp:27:9         |
| m_axi_gmem_ffn_up_w   | weight_all     | FFN1_LOAD_W          | Stride is incompatible                                                                                               | 214-230    | ffn.cpp:49:13        |
| m_axi_gmem_ffn_b      | bias_all       | FFN2_LOAD_BIAS       | Could not analyze pattern                                                                                            | 214-229    | ffn.cpp:105:9        |
| m_axi_gmem_ffn_down_w | weight_all     | FFN2_LOAD_W          | Stride is incompatible                                                                                               | 214-230    | ffn.cpp:127:13       |
| m_axi_gmem_attn_b     | q_b_all        | QKV_LOAD_BIAS        | Could not analyze pattern                                                                                            | 214-229    | attention.cpp:114:9  |
| m_axi_gmem_attn_b     | k_b_all        | QKV_LOAD_BIAS        | Could not analyze pattern                                                                                            | 214-229    | attention.cpp:114:9  |
| m_axi_gmem_attn_b     | v_b_all        | QKV_LOAD_BIAS        | Could not analyze pattern                                                                                            | 214-229    | attention.cpp:114:9  |
| m_axi_gmem_attn_q_w   | q_w_all        | QKV_LOAD_W           | Stride is incompatible                                                                                               | 214-230    | attention.cpp:146:13 |
| m_axi_gmem_attn_k_w   | k_w_all        | QKV_LOAD_W           | Stride is incompatible                                                                                               | 214-230    | attention.cpp:146:13 |
| m_axi_gmem_attn_v_w   | v_w_all        | QKV_LOAD_W           | Stride is incompatible                                                                                               | 214-230    | attention.cpp:146:13 |
| m_axi_gmem_attn_b     | bias_all       | LINEAR_PAR_LOAD_BIAS | Could not analyze pattern                                                                                            | 214-229    | attention.cpp:22:9   |
| m_axi_gmem_attn_o_w   | weight_all     | LINEAR_PAR_LOAD_W    | Stride is incompatible                                                                                               | 214-230    | attention.cpp:44:13  |
| m_axi_gmem_emb        | embedding_blob |                      | Could not widen since the size of type 'i512' is greater than or equal to the max_widen_bitwidth threshold of '512'. |            | embedding.cpp:95:9   |
| m_axi_gmem_emb        | embedding_blob |                      | Could not widen since the size of type 'i512' is greater than or equal to the max_widen_bitwidth threshold of '512'. |            | embedding.cpp:95:9   |
| m_axi_gmem_emb        | embedding_blob |                      | Could not widen since the size of type 'i512' is greater than or equal to the max_widen_bitwidth threshold of '512'. |            | embedding.cpp:72:5   |
| m_axi_gmem_emb        | embedding_blob |                      | Could not widen since the size of type 'i512' is greater than or equal to the max_widen_bitwidth threshold of '512'. |            | embedding.cpp:72:5   |
| m_axi_gmem_io         | output_hidden  |                      | Could not widen since the size of type 'i512' is greater than or equal to the max_widen_bitwidth threshold of '512'. |            | top.cpp:126:5        |
| m_axi_gmem_ffn_norm   | blob           |                      | Could not widen since the size of type 'i512' is greater than or equal to the max_widen_bitwidth threshold of '512'. |            | ops.cpp:10:5         |
| m_axi_gmem_emb        |                |                      | Could not burst due to multiple potential reads to the same bundle in the same region.                               | 214-224    | embedding.cpp:72:5   |
| m_axi_gmem_emb        |                |                      | Could not burst due to multiple potential reads to the same bundle in the same region.                               | 214-224    | embedding.cpp:95:9   |
+-----------------------+----------------+----------------------+----------------------------------------------------------------------------------------------------------------------+------------+----------------------+

    * Resolution URL: www.xilinx.com/cgi-bin/docs/rdoc?v=2021.2;t=hls+guidance;d=XXX-YYY.html (replace XXX-YYY with column value)

================================================================
== Bind Op Report
================================================================
+-----------------------------------------------------------------------------+------+--------+------------------+--------+---------+---------+
| Name                                                                        | DSP  | Pragma | Variable         | Op     | Impl    | Latency |
+-----------------------------------------------------------------------------+------+--------+------------------+--------+---------+---------+
| + distilbert_hls_top                                                        | 3945 |        |                  |        |         |         |
|   layer_2_fu_1121_p2                                                        | -    |        | layer_2          | add    | fabric  | 0       |
|  + embedding_forward_hls                                                    | 9    |        |                  |        |         |         |
|    add_ln72_fu_496_p2                                                       | -    |        | add_ln72         | add    | fabric  | 0       |
|    add_ln72_1_fu_513_p2                                                     | -    |        | add_ln72_1       | add    | fabric  | 0       |
|    add_ln88_fu_539_p2                                                       | -    |        | add_ln88         | add    | fabric  | 0       |
|    sub_ln105_fu_584_p2                                                      | -    |        | sub_ln105        | sub    | fabric  | 0       |
|    sub_ln89_fu_614_p2                                                       | -    |        | sub_ln89         | sub    | fabric  | 0       |
|    add_ln89_fu_624_p2                                                       | -    |        | add_ln89         | add    | fabric  | 0       |
|    add_ln89_1_fu_634_p2                                                     | -    |        | add_ln89_1       | add    | fabric  | 0       |
|    p_op_fu_673_p2                                                           | -    |        | p_op             | sub    | fabric  | 0       |
|    add_ln95_fu_699_p2                                                       | -    |        | add_ln95         | add    | fabric  | 0       |
|   + embedding_forward_hls_Pipeline_LOAD_EMB_NORM                            | 0    |        |                  |        |         |         |
|     add_ln72_fu_788_p2                                                      | -    |        | add_ln72         | add    | fabric  | 0       |
|     add_ln708_fu_798_p2                                                     | -    |        | add_ln708        | add    | fabric  | 0       |
|     add_ln708_1_fu_804_p2                                                   | -    |        | add_ln708_1      | add    | fabric  | 0       |
|   + embedding_forward_hls_Pipeline_EMB_PACK                                 | 0    |        |                  |        |         |         |
|     add_ln95_fu_574_p2                                                      | -    |        | add_ln95         | add    | fabric  | 0       |
|     add_ln105_fu_1060_p2                                                    | -    |        | add_ln105        | add    | fabric  | 0       |
|     add_ln708_fu_584_p2                                                     | -    |        | add_ln708        | add    | fabric  | 0       |
|     add_ln708_2_fu_590_p2                                                   | -    |        | add_ln708_2      | add    | fabric  | 0       |
|   + layer_norm_token_local                                                  | 9    |        |                  |        |         |         |
|     sub_ln27_fu_491_p2                                                      | -    |        | sub_ln27         | sub    | fabric  | 0       |
|     frsqrt_32ns_32ns_32_11_full_dsp_1_U249                                  | 9    |        | inv_std          | frsqrt | fulldsp | 10      |
|    + layer_norm_token_local_Pipeline_LN_SUM_PACK                            | 0    |        |                  |        |         |         |
|      add_ln22_fu_948_p2                                                     | -    |        | add_ln22         | add    | fabric  | 0       |
|      add_ln27_fu_958_p2                                                     | -    |        | add_ln27         | add    | fabric  | 0       |
|      fadd_32ns_32ns_32_4_no_dsp_1_U70                                       | -    |        | add14_1          | fadd   | fabric  | 3       |
|      fadd_32ns_32ns_32_4_no_dsp_1_U71                                       | -    |        | add14_2          | fadd   | fabric  | 3       |
|      fadd_32ns_32ns_32_4_no_dsp_1_U72                                       | -    |        | add14_3          | fadd   | fabric  | 3       |
|      fadd_32ns_32ns_32_4_no_dsp_1_U73                                       | -    |        | add14_4          | fadd   | fabric  | 3       |
|      fadd_32ns_32ns_32_4_no_dsp_1_U74                                       | -    |        | add14_5          | fadd   | fabric  | 3       |
|      fadd_32ns_32ns_32_4_no_dsp_1_U70                                       | -    |        | add10_6          | fadd   | fabric  | 3       |
|      fadd_32ns_32ns_32_4_no_dsp_1_U71                                       | -    |        | add10_7          | fadd   | fabric  | 3       |
|      fadd_32ns_32ns_32_4_no_dsp_1_U72                                       | -    |        | add10_8          | fadd   | fabric  | 3       |
|      fadd_32ns_32ns_32_4_no_dsp_1_U73                                       | -    |        | add10_9          | fadd   | fabric  | 3       |
|      fadd_32ns_32ns_32_4_no_dsp_1_U74                                       | -    |        | add10_s          | fadd   | fabric  | 3       |
|      fadd_32ns_32ns_32_4_no_dsp_1_U70                                       | -    |        | add14_11         | fadd   | fabric  | 3       |
|      fadd_32ns_32ns_32_4_no_dsp_1_U71                                       | -    |        | add14_12         | fadd   | fabric  | 3       |
|      fadd_32ns_32ns_32_4_no_dsp_1_U72                                       | -    |        | add14_13         | fadd   | fabric  | 3       |
|      fadd_32ns_32ns_32_4_no_dsp_1_U73                                       | -    |        | add14_14         | fadd   | fabric  | 3       |
|    + layer_norm_token_local_Pipeline_LN_APPLY_PACK                          | 0    |        |                  |        |         |         |
|      add_ln47_fu_1136_p2                                                    | -    |        | add_ln47         | add    | fabric  | 0       |
|      add_ln53_fu_1146_p2                                                    | -    |        | add_ln53         | add    | fabric  | 0       |
|  + attention_forward_hls                                                    | 647  |        |                  |        |         |         |
|    add_ln279_1_fu_1402_p2                                                   | -    |        | add_ln279_1      | add    | fabric  | 0       |
|    add_ln279_fu_1417_p2                                                     | -    |        | add_ln279        | add    | fabric  | 0       |
|    sub_ln335_fu_1477_p2                                                     | -    |        | sub_ln335        | sub    | fabric  | 0       |
|    add_ln285_fu_1493_p2                                                     | -    |        | add_ln285        | add    | fabric  | 0       |
|    add_ln311_fu_1637_p2                                                     | -    |        | add_ln311        | add    | fabric  | 0       |
|    add_ln335_fu_1647_p2                                                     | -    |        | add_ln335        | add    | fabric  | 0       |
|    add_ln335_1_fu_1668_p2                                                   | -    |        | add_ln335_1      | add    | fabric  | 0       |
|    add_ln311_1_fu_1673_p2                                                   | -    |        | add_ln311_1      | add    | fabric  | 0       |
|    add_ln281_fu_1679_p2                                                     | -    |        | add_ln281        | add    | fabric  | 0       |
|    add_ln281_1_fu_1684_p2                                                   | -    |        | add_ln281_1      | add    | fabric  | 0       |
|   + qkv_projection_fused_hls                                                | 640  |        |                  |        |         |         |
|     bias_base_fu_5209_p2                                                    | -    |        | bias_base        | sub    | fabric  | 0       |
|     add_ln110_fu_5247_p2                                                    | -    |        | add_ln110        | add    | fabric  | 0       |
|     add_ln112_fu_5264_p2                                                    | -    |        | add_ln112        | add    | fabric  | 0       |
|     add_ln112_1_fu_5279_p2                                                  | -    |        | add_ln112_1      | add    | fabric  | 0       |
|     add_ln112_2_fu_5284_p2                                                  | -    |        | add_ln112_2      | add    | fabric  | 0       |
|     add_ln134_fu_5537_p2                                                    | -    |        | add_ln134        | add    | fabric  | 0       |
|     add_ln99_fu_5549_p2                                                     | -    |        | add_ln99         | add    | fabric  | 0       |
|    + qkv_projection_fused_hls_Pipeline_QKV_LOAD_BIAS                        | 0    |        |                  |        |         |         |
|      add_ln114_fu_736_p2                                                    | -    |        | add_ln114        | add    | fabric  | 0       |
|      sub_ln708_fu_794_p2                                                    | -    |        | sub_ln708        | sub    | fabric  | 0       |
|      sub_ln708_1_fu_806_p2                                                  | -    |        | sub_ln708_1      | sub    | fabric  | 0       |
|      sub_ln708_2_fu_836_p2                                                  | -    |        | sub_ln708_2      | sub    | fabric  | 0       |
|      sub_ln708_3_fu_900_p2                                                  | -    |        | sub_ln708_3      | sub    | fabric  | 0       |
|      sub_ln708_4_fu_912_p2                                                  | -    |        | sub_ln708_4      | sub    | fabric  | 0       |
|      sub_ln708_5_fu_942_p2                                                  | -    |        | sub_ln708_5      | sub    | fabric  | 0       |
|      sub_ln708_6_fu_998_p2                                                  | -    |        | sub_ln708_6      | sub    | fabric  | 0       |
|      sub_ln708_7_fu_1010_p2                                                 | -    |        | sub_ln708_7      | sub    | fabric  | 0       |
|      sub_ln708_8_fu_1040_p2                                                 | -    |        | sub_ln708_8      | sub    | fabric  | 0       |
|    + qkv_projection_fused_hls_Pipeline_QKV_INIT_TOKEN                       | 0    |        |                  |        |         |         |
|      add_ln122_fu_620_p2                                                    | -    |        | add_ln122        | add    | fabric  | 0       |
|    + qkv_projection_fused_hls_Pipeline_QKV_STORE_TOKEN                      | 0    |        |                  |        |         |         |
|      add_ln176_fu_1402_p2                                                   | -    |        | add_ln176        | add    | fabric  | 0       |
|      sub_ln182_fu_1463_p2                                                   | -    |        | sub_ln182        | add    | tadder  | 0       |
|      add_ln182_fu_1469_p2                                                   | -    |        | add_ln182        | add    | tadder  | 0       |
|    + qkv_projection_fused_hls_Pipeline_QKV_LOAD_W                           | 0    |        |                  |        |         |         |
|      add_ln146_fu_10242_p2                                                  | -    |        | add_ln146        | add    | fabric  | 0       |
|      add_ln148_fu_10252_p2                                                  | -    |        | add_ln148        | add    | fabric  | 0       |
|      sub_ln148_fu_10282_p2                                                  | -    |        | sub_ln148        | sub    | fabric  | 0       |
|      tmp_fu_10292_p2                                                        | -    |        | tmp              | add    | tadder  | 0       |
|      add_ln148_2411_fu_10298_p2                                             | -    |        | add_ln148_2411   | add    | tadder  | 0       |
|      empty_487_fu_10316_p2                                                  | -    |        | empty_487        | add    | fabric  | 0       |
|      empty_488_fu_10336_p2                                                  | -    |        | empty_488        | add    | fabric  | 0       |
|      empty_489_fu_10342_p2                                                  | -    |        | empty_489        | add    | fabric  | 0       |
|    + qkv_projection_fused_hls_Pipeline_QKV_TOKEN_DOT                        | 640  |        |                  |        |         |         |
|      add_ln154_fu_6914_p2                                                   | -    |        | add_ln154        | add    | fabric  | 0       |
|      sub_ln162_fu_6944_p2                                                   | -    |        | sub_ln162        | add    | tadder  | 0       |
|      add_ln162_fu_6950_p2                                                   | -    |        | add_ln162        | add    | tadder  | 0       |
|      fadd_32ns_32ns_32_5_full_dsp_1_U1627                                   | 2    |        | add29_i_i1       | fadd   | fulldsp | 4       |
|      fadd_32ns_32ns_32_5_full_dsp_1_U1628                                   | 2    |        | add29_i_i131_s   | fadd   | fulldsp | 4       |
|      fadd_32ns_32ns_32_5_full_dsp_1_U1675                                   | 2    |        | add35_i_i1       | fadd   | fulldsp | 4       |
|      fadd_32ns_32ns_32_5_full_dsp_1_U1699                                   | 2    |        | add              | fadd   | fulldsp | 4       |
|      fadd_32ns_32ns_32_5_full_dsp_1_U1629                                   | 2    |        | add29_i_i2       | fadd   | fulldsp | 4       |
|      fadd_32ns_32ns_32_5_full_dsp_1_U1630                                   | 2    |        | add29_i_i73_s    | fadd   | fulldsp | 4       |
|      fadd_32ns_32ns_32_5_full_dsp_1_U1676                                   | 2    |        | add35_i_i2       | fadd   | fulldsp | 4       |
|      fadd_32ns_32ns_32_5_full_dsp_1_U1700                                   | 2    |        | add1             | fadd   | fulldsp | 4       |
|      fadd_32ns_32ns_32_5_full_dsp_1_U1631                                   | 2    |        | add29_i_i        | fadd   | fulldsp | 4       |
|      fadd_32ns_32ns_32_5_full_dsp_1_U1632                                   | 2    |        | add29_i_i_s      | fadd   | fulldsp | 4       |
|      fadd_32ns_32ns_32_5_full_dsp_1_U1677                                   | 2    |        | add35_i_i        | fadd   | fulldsp | 4       |
|      fadd_32ns_32ns_32_5_full_dsp_1_U1701                                   | 2    |        | add2             | fadd   | fulldsp | 4       |
|      fadd_32ns_32ns_32_5_full_dsp_1_U1633                                   | 2    |        | add29_i_i131_1   | fadd   | fulldsp | 4       |
|      fadd_32ns_32ns_32_5_full_dsp_1_U1634                                   | 2    |        | add29_i_i131_1_1 | fadd   | fulldsp | 4       |
|      fadd_32ns_32ns_32_5_full_dsp_1_U1678                                   | 2    |        | add35_i_i137_1   | fadd   | fulldsp | 4       |
|      fadd_32ns_32ns_32_5_full_dsp_1_U1702                                   | 2    |        | add87_1          | fadd   | fulldsp | 4       |
|      fadd_32ns_32ns_32_5_full_dsp_1_U1635                                   | 2    |        | add29_i_i73_1    | fadd   | fulldsp | 4       |
|      fadd_32ns_32ns_32_5_full_dsp_1_U1636                                   | 2    |        | add29_i_i73_1_1  | fadd   | fulldsp | 4       |
|      fadd_32ns_32ns_32_5_full_dsp_1_U1679                                   | 2    |        | add35_i_i79_1    | fadd   | fulldsp | 4       |
|      fadd_32ns_32ns_32_5_full_dsp_1_U1703                                   | 2    |        | add97_1          | fadd   | fulldsp | 4       |
|      fadd_32ns_32ns_32_5_full_dsp_1_U1637                                   | 2    |        | add29_i_i_1      | fadd   | fulldsp | 4       |
|      fadd_32ns_32ns_32_5_full_dsp_1_U1638                                   | 2    |        | add29_i_i_1_1    | fadd   | fulldsp | 4       |
|      fadd_32ns_32ns_32_5_full_dsp_1_U1680                                   | 2    |        | add35_i_i_1      | fadd   | fulldsp | 4       |
|      fadd_32ns_32ns_32_5_full_dsp_1_U1704                                   | 2    |        | add107_1         | fadd   | fulldsp | 4       |
|      fadd_32ns_32ns_32_5_full_dsp_1_U1639                                   | 2    |        | add29_i_i131_2   | fadd   | fulldsp | 4       |
|      fadd_32ns_32ns_32_5_full_dsp_1_U1640                                   | 2    |        | add29_i_i131_2_1 | fadd   | fulldsp | 4       |
|      fadd_32ns_32ns_32_5_full_dsp_1_U1681                                   | 2    |        | add35_i_i137_2   | fadd   | fulldsp | 4       |
|      fadd_32ns_32ns_32_5_full_dsp_1_U1705                                   | 2    |        | add87_2          | fadd   | fulldsp | 4       |
|      fadd_32ns_32ns_32_5_full_dsp_1_U1641                                   | 2    |        | add29_i_i73_2    | fadd   | fulldsp | 4       |
|      fadd_32ns_32ns_32_5_full_dsp_1_U1642                                   | 2    |        | add29_i_i73_2_1  | fadd   | fulldsp | 4       |
|      fadd_32ns_32ns_32_5_full_dsp_1_U1682                                   | 2    |        | add35_i_i79_2    | fadd   | fulldsp | 4       |
|      fadd_32ns_32ns_32_5_full_dsp_1_U1706                                   | 2    |        | add97_2          | fadd   | fulldsp | 4       |
|      fadd_32ns_32ns_32_5_full_dsp_1_U1643                                   | 2    |        | add29_i_i_2      | fadd   | fulldsp | 4       |
|      fadd_32ns_32ns_32_5_full_dsp_1_U1644                                   | 2    |        | add29_i_i_2_1    | fadd   | fulldsp | 4       |
|      fadd_32ns_32ns_32_5_full_dsp_1_U1683                                   | 2    |        | add35_i_i_2      | fadd   | fulldsp | 4       |
|      fadd_32ns_32ns_32_5_full_dsp_1_U1707                                   | 2    |        | add107_2         | fadd   | fulldsp | 4       |
|      fadd_32ns_32ns_32_5_full_dsp_1_U1645                                   | 2    |        | add29_i_i131_3   | fadd   | fulldsp | 4       |
|      fadd_32ns_32ns_32_5_full_dsp_1_U1646                                   | 2    |        | add29_i_i131_3_1 | fadd   | fulldsp | 4       |
|      fadd_32ns_32ns_32_5_full_dsp_1_U1684                                   | 2    |        | add35_i_i137_3   | fadd   | fulldsp | 4       |
|      fadd_32ns_32ns_32_5_full_dsp_1_U1708                                   | 2    |        | add87_3          | fadd   | fulldsp | 4       |
|      fadd_32ns_32ns_32_5_full_dsp_1_U1647                                   | 2    |        | add29_i_i73_3    | fadd   | fulldsp | 4       |
|      fadd_32ns_32ns_32_5_full_dsp_1_U1648                                   | 2    |        | add29_i_i73_3_1  | fadd   | fulldsp | 4       |
|      fadd_32ns_32ns_32_5_full_dsp_1_U1685                                   | 2    |        | add35_i_i79_3    | fadd   | fulldsp | 4       |
|      fadd_32ns_32ns_32_5_full_dsp_1_U1709                                   | 2    |        | add97_3          | fadd   | fulldsp | 4       |
|      fadd_32ns_32ns_32_5_full_dsp_1_U1649                                   | 2    |        | add29_i_i_3      | fadd   | fulldsp | 4       |
|      fadd_32ns_32ns_32_5_full_dsp_1_U1650                                   | 2    |        | add29_i_i_3_1    | fadd   | fulldsp | 4       |
|      fadd_32ns_32ns_32_5_full_dsp_1_U1686                                   | 2    |        | add35_i_i_3      | fadd   | fulldsp | 4       |
|      fadd_32ns_32ns_32_5_full_dsp_1_U1710                                   | 2    |        | add107_3         | fadd   | fulldsp | 4       |
|      fadd_32ns_32ns_32_5_full_dsp_1_U1651                                   | 2    |        | add29_i_i131_4   | fadd   | fulldsp | 4       |
|      fadd_32ns_32ns_32_5_full_dsp_1_U1652                                   | 2    |        | add29_i_i131_4_1 | fadd   | fulldsp | 4       |
|      fadd_32ns_32ns_32_5_full_dsp_1_U1687                                   | 2    |        | add35_i_i137_4   | fadd   | fulldsp | 4       |
|      fadd_32ns_32ns_32_5_full_dsp_1_U1711                                   | 2    |        | add87_4          | fadd   | fulldsp | 4       |
|      fadd_32ns_32ns_32_5_full_dsp_1_U1653                                   | 2    |        | add29_i_i73_4    | fadd   | fulldsp | 4       |
|      fadd_32ns_32ns_32_5_full_dsp_1_U1654                                   | 2    |        | add29_i_i73_4_1  | fadd   | fulldsp | 4       |
|      fadd_32ns_32ns_32_5_full_dsp_1_U1688                                   | 2    |        | add35_i_i79_4    | fadd   | fulldsp | 4       |
|      fadd_32ns_32ns_32_5_full_dsp_1_U1712                                   | 2    |        | add97_4          | fadd   | fulldsp | 4       |
|      fadd_32ns_32ns_32_5_full_dsp_1_U1655                                   | 2    |        | add29_i_i_4      | fadd   | fulldsp | 4       |
|      fadd_32ns_32ns_32_5_full_dsp_1_U1656                                   | 2    |        | add29_i_i_4_1    | fadd   | fulldsp | 4       |
|      fadd_32ns_32ns_32_5_full_dsp_1_U1689                                   | 2    |        | add35_i_i_4      | fadd   | fulldsp | 4       |
|      fadd_32ns_32ns_32_5_full_dsp_1_U1713                                   | 2    |        | add107_4         | fadd   | fulldsp | 4       |
|      fadd_32ns_32ns_32_5_full_dsp_1_U1657                                   | 2    |        | add29_i_i131_5   | fadd   | fulldsp | 4       |
|      fadd_32ns_32ns_32_5_full_dsp_1_U1658                                   | 2    |        | add29_i_i131_5_1 | fadd   | fulldsp | 4       |
|      fadd_32ns_32ns_32_5_full_dsp_1_U1690                                   | 2    |        | add35_i_i137_5   | fadd   | fulldsp | 4       |
|      fadd_32ns_32ns_32_5_full_dsp_1_U1714                                   | 2    |        | add87_5          | fadd   | fulldsp | 4       |
|      fmul_32ns_32ns_32_4_max_dsp_1_U1979                                    | 3    |        | mul_i33_5        | fmul   | maxdsp  | 3       |
|      fmul_32ns_32ns_32_4_max_dsp_1_U1980                                    | 3    |        | mul_i33_5_1      | fmul   | maxdsp  | 3       |
|      fmul_32ns_32ns_32_4_max_dsp_1_U1981                                    | 3    |        | mul_i33_5_2      | fmul   | maxdsp  | 3       |
|      fmul_32ns_32ns_32_4_max_dsp_1_U1982                                    | 3    |        | mul_i33_5_3      | fmul   | maxdsp  | 3       |
|      fmul_32ns_32ns_32_4_max_dsp_1_U1983                                    | 3    |        | mul_i33_5_4      | fmul   | maxdsp  | 3       |
|      fmul_32ns_32ns_32_4_max_dsp_1_U1984                                    | 3    |        | mul_i33_5_5      | fmul   | maxdsp  | 3       |
|      fmul_32ns_32ns_32_4_max_dsp_1_U1985                                    | 3    |        | mul_i33_5_6      | fmul   | maxdsp  | 3       |
|      fmul_32ns_32ns_32_4_max_dsp_1_U1986                                    | 3    |        | mul_i33_5_7      | fmul   | maxdsp  | 3       |
|      fmul_32ns_32ns_32_4_max_dsp_1_U1987                                    | 3    |        | mul_i33_5_8      | fmul   | maxdsp  | 3       |
|      fmul_32ns_32ns_32_4_max_dsp_1_U1988                                    | 3    |        | mul_i33_5_9      | fmul   | maxdsp  | 3       |
|      fmul_32ns_32ns_32_4_max_dsp_1_U1989                                    | 3    |        | mul_i33_5_s      | fmul   | maxdsp  | 3       |
|      fmul_32ns_32ns_32_4_max_dsp_1_U1990                                    | 3    |        | mul_i33_5_10     | fmul   | maxdsp  | 3       |
|      fmul_32ns_32ns_32_4_max_dsp_1_U1991                                    | 3    |        | mul_i33_5_11     | fmul   | maxdsp  | 3       |
|      fmul_32ns_32ns_32_4_max_dsp_1_U1992                                    | 3    |        | mul_i33_5_12     | fmul   | maxdsp  | 3       |
|      fmul_32ns_32ns_32_4_max_dsp_1_U1993                                    | 3    |        | mul_i33_5_13     | fmul   | maxdsp  | 3       |
|      fmul_32ns_32ns_32_4_max_dsp_1_U1994                                    | 3    |        | mul_i33_5_14     | fmul   | maxdsp  | 3       |
|      fadd_32ns_32ns_32_5_full_dsp_1_U1595                                   | 2    |        | add16_i_i60_5    | fadd   | fulldsp | 4       |
|      fadd_32ns_32ns_32_5_full_dsp_1_U1596                                   | 2    |        | add16_i_i60_5_1  | fadd   | fulldsp | 4       |
|      fadd_32ns_32ns_32_5_full_dsp_1_U1597                                   | 2    |        | add16_i_i60_5_2  | fadd   | fulldsp | 4       |
|      fadd_32ns_32ns_32_5_full_dsp_1_U1598                                   | 2    |        | add16_i_i60_5_3  | fadd   | fulldsp | 4       |
|      fadd_32ns_32ns_32_5_full_dsp_1_U1659                                   | 2    |        | add29_i_i73_5    | fadd   | fulldsp | 4       |
|      fadd_32ns_32ns_32_5_full_dsp_1_U1660                                   | 2    |        | add29_i_i73_5_1  | fadd   | fulldsp | 4       |
|      fadd_32ns_32ns_32_5_full_dsp_1_U1691                                   | 2    |        | add35_i_i79_5    | fadd   | fulldsp | 4       |
|      fadd_32ns_32ns_32_5_full_dsp_1_U1715                                   | 2    |        | add97_5          | fadd   | fulldsp | 4       |
|      fmul_32ns_32ns_32_4_max_dsp_1_U1995                                    | 3    |        | mul_i22_5        | fmul   | maxdsp  | 3       |
|      fmul_32ns_32ns_32_4_max_dsp_1_U1996                                    | 3    |        | mul_i22_5_1      | fmul   | maxdsp  | 3       |
|      fmul_32ns_32ns_32_4_max_dsp_1_U1997                                    | 3    |        | mul_i22_5_2      | fmul   | maxdsp  | 3       |
|      fmul_32ns_32ns_32_4_max_dsp_1_U1998                                    | 3    |        | mul_i22_5_3      | fmul   | maxdsp  | 3       |
|      fmul_32ns_32ns_32_4_max_dsp_1_U1999                                    | 3    |        | mul_i22_5_4      | fmul   | maxdsp  | 3       |
|      fmul_32ns_32ns_32_4_max_dsp_1_U2000                                    | 3    |        | mul_i22_5_5      | fmul   | maxdsp  | 3       |
|      fmul_32ns_32ns_32_4_max_dsp_1_U2001                                    | 3    |        | mul_i22_5_6      | fmul   | maxdsp  | 3       |
|      fmul_32ns_32ns_32_4_max_dsp_1_U2002                                    | 3    |        | mul_i22_5_7      | fmul   | maxdsp  | 3       |
|      fmul_32ns_32ns_32_4_max_dsp_1_U2003                                    | 3    |        | mul_i22_5_8      | fmul   | maxdsp  | 3       |
|      fmul_32ns_32ns_32_4_max_dsp_1_U2004                                    | 3    |        | mul_i22_5_9      | fmul   | maxdsp  | 3       |
|      fmul_32ns_32ns_32_4_max_dsp_1_U2005                                    | 3    |        | mul_i22_5_s      | fmul   | maxdsp  | 3       |
|      fmul_32ns_32ns_32_4_max_dsp_1_U2006                                    | 3    |        | mul_i22_5_10     | fmul   | maxdsp  | 3       |
|      fmul_32ns_32ns_32_4_max_dsp_1_U2007                                    | 3    |        | mul_i22_5_11     | fmul   | maxdsp  | 3       |
|      fmul_32ns_32ns_32_4_max_dsp_1_U2008                                    | 3    |        | mul_i22_5_12     | fmul   | maxdsp  | 3       |
|      fmul_32ns_32ns_32_4_max_dsp_1_U2009                                    | 3    |        | mul_i22_5_13     | fmul   | maxdsp  | 3       |
|      fmul_32ns_32ns_32_4_max_dsp_1_U2010                                    | 3    |        | mul_i22_5_14     | fmul   | maxdsp  | 3       |
|      fadd_32ns_32ns_32_5_full_dsp_1_U1599                                   | 2    |        | add16_i_i_5      | fadd   | fulldsp | 4       |
|      fadd_32ns_32ns_32_5_full_dsp_1_U1600                                   | 2    |        | add16_i_i_5_1    | fadd   | fulldsp | 4       |
|      fadd_32ns_32ns_32_5_full_dsp_1_U1601                                   | 2    |        | add16_i_i_5_2    | fadd   | fulldsp | 4       |
|      fadd_32ns_32ns_32_5_full_dsp_1_U1602                                   | 2    |        | add16_i_i_5_3    | fadd   | fulldsp | 4       |
|      fadd_32ns_32ns_32_5_full_dsp_1_U1661                                   | 2    |        | add29_i_i_5      | fadd   | fulldsp | 4       |
|      fadd_32ns_32ns_32_5_full_dsp_1_U1662                                   | 2    |        | add29_i_i_5_1    | fadd   | fulldsp | 4       |
|      fadd_32ns_32ns_32_5_full_dsp_1_U1692                                   | 2    |        | add35_i_i_5      | fadd   | fulldsp | 4       |
|      fadd_32ns_32ns_32_5_full_dsp_1_U1716                                   | 2    |        | add107_5         | fadd   | fulldsp | 4       |
|      fmul_32ns_32ns_32_4_max_dsp_1_U2011                                    | 3    |        | mul_i91_6        | fmul   | maxdsp  | 3       |
|      fmul_32ns_32ns_32_4_max_dsp_1_U2012                                    | 3    |        | mul_i91_6_1      | fmul   | maxdsp  | 3       |
|      fmul_32ns_32ns_32_4_max_dsp_1_U2013                                    | 3    |        | mul_i91_6_2      | fmul   | maxdsp  | 3       |
|      fmul_32ns_32ns_32_4_max_dsp_1_U2014                                    | 3    |        | mul_i91_6_3      | fmul   | maxdsp  | 3       |
|      fmul_32ns_32ns_32_4_max_dsp_1_U2015                                    | 3    |        | mul_i91_6_4      | fmul   | maxdsp  | 3       |
|      fmul_32ns_32ns_32_4_max_dsp_1_U2016                                    | 3    |        | mul_i91_6_5      | fmul   | maxdsp  | 3       |
|      fmul_32ns_32ns_32_4_max_dsp_1_U2017                                    | 3    |        | mul_i91_6_6      | fmul   | maxdsp  | 3       |
|      fmul_32ns_32ns_32_4_max_dsp_1_U2018                                    | 3    |        | mul_i91_6_7      | fmul   | maxdsp  | 3       |
|      fmul_32ns_32ns_32_4_max_dsp_1_U2019                                    | 3    |        | mul_i91_6_8      | fmul   | maxdsp  | 3       |
|      fmul_32ns_32ns_32_4_max_dsp_1_U2020                                    | 3    |        | mul_i91_6_9      | fmul   | maxdsp  | 3       |
|      fmul_32ns_32ns_32_4_max_dsp_1_U2021                                    | 3    |        | mul_i91_6_s      | fmul   | maxdsp  | 3       |
|      fmul_32ns_32ns_32_4_max_dsp_1_U2022                                    | 3    |        | mul_i91_6_10     | fmul   | maxdsp  | 3       |
|      fmul_32ns_32ns_32_4_max_dsp_1_U2023                                    | 3    |        | mul_i91_6_11     | fmul   | maxdsp  | 3       |
|      fmul_32ns_32ns_32_4_max_dsp_1_U2024                                    | 3    |        | mul_i91_6_12     | fmul   | maxdsp  | 3       |
|      fmul_32ns_32ns_32_4_max_dsp_1_U2025                                    | 3    |        | mul_i91_6_13     | fmul   | maxdsp  | 3       |
|      fmul_32ns_32ns_32_4_max_dsp_1_U2026                                    | 3    |        | mul_i91_6_14     | fmul   | maxdsp  | 3       |
|      fadd_32ns_32ns_32_5_full_dsp_1_U1603                                   | 2    |        | add16_i_i118_6   | fadd   | fulldsp | 4       |
|      fadd_32ns_32ns_32_5_full_dsp_1_U1604                                   | 2    |        | add16_i_i118_6_1 | fadd   | fulldsp | 4       |
|      fadd_32ns_32ns_32_5_full_dsp_1_U1605                                   | 2    |        | add16_i_i118_6_2 | fadd   | fulldsp | 4       |
|      fadd_32ns_32ns_32_5_full_dsp_1_U1606                                   | 2    |        | add16_i_i118_6_3 | fadd   | fulldsp | 4       |
|      fadd_32ns_32ns_32_5_full_dsp_1_U1663                                   | 2    |        | add29_i_i131_6   | fadd   | fulldsp | 4       |
|      fadd_32ns_32ns_32_5_full_dsp_1_U1664                                   | 2    |        | add29_i_i131_6_1 | fadd   | fulldsp | 4       |
|      fadd_32ns_32ns_32_5_full_dsp_1_U1693                                   | 2    |        | add35_i_i137_6   | fadd   | fulldsp | 4       |
|      fadd_32ns_32ns_32_5_full_dsp_1_U1717                                   | 2    |        | add87_6          | fadd   | fulldsp | 4       |
|      fmul_32ns_32ns_32_4_max_dsp_1_U2027                                    | 3    |        | mul_i33_6        | fmul   | maxdsp  | 3       |
|      fmul_32ns_32ns_32_4_max_dsp_1_U2028                                    | 3    |        | mul_i33_6_1      | fmul   | maxdsp  | 3       |
|      fmul_32ns_32ns_32_4_max_dsp_1_U2029                                    | 3    |        | mul_i33_6_2      | fmul   | maxdsp  | 3       |
|      fmul_32ns_32ns_32_4_max_dsp_1_U2030                                    | 3    |        | mul_i33_6_3      | fmul   | maxdsp  | 3       |
|      fmul_32ns_32ns_32_4_max_dsp_1_U2031                                    | 3    |        | mul_i33_6_4      | fmul   | maxdsp  | 3       |
|      fmul_32ns_32ns_32_4_max_dsp_1_U2032                                    | 3    |        | mul_i33_6_5      | fmul   | maxdsp  | 3       |
|      fmul_32ns_32ns_32_4_max_dsp_1_U2033                                    | 3    |        | mul_i33_6_6      | fmul   | maxdsp  | 3       |
|      fmul_32ns_32ns_32_4_max_dsp_1_U2034                                    | 3    |        | mul_i33_6_7      | fmul   | maxdsp  | 3       |
|      fmul_32ns_32ns_32_4_max_dsp_1_U2035                                    | 3    |        | mul_i33_6_8      | fmul   | maxdsp  | 3       |
|      fmul_32ns_32ns_32_4_max_dsp_1_U2036                                    | 3    |        | mul_i33_6_9      | fmul   | maxdsp  | 3       |
|      fmul_32ns_32ns_32_4_max_dsp_1_U2037                                    | 3    |        | mul_i33_6_s      | fmul   | maxdsp  | 3       |
|      fmul_32ns_32ns_32_4_max_dsp_1_U2038                                    | 3    |        | mul_i33_6_10     | fmul   | maxdsp  | 3       |
|      fmul_32ns_32ns_32_4_max_dsp_1_U2039                                    | 3    |        | mul_i33_6_11     | fmul   | maxdsp  | 3       |
|      fmul_32ns_32ns_32_4_max_dsp_1_U2040                                    | 3    |        | mul_i33_6_12     | fmul   | maxdsp  | 3       |
|      fmul_32ns_32ns_32_4_max_dsp_1_U2041                                    | 3    |        | mul_i33_6_13     | fmul   | maxdsp  | 3       |
|      fmul_32ns_32ns_32_4_max_dsp_1_U2042                                    | 3    |        | mul_i33_6_14     | fmul   | maxdsp  | 3       |
|      fadd_32ns_32ns_32_5_full_dsp_1_U1607                                   | 2    |        | add16_i_i60_6    | fadd   | fulldsp | 4       |
|      fadd_32ns_32ns_32_5_full_dsp_1_U1608                                   | 2    |        | add16_i_i60_6_1  | fadd   | fulldsp | 4       |
|      fadd_32ns_32ns_32_5_full_dsp_1_U1609                                   | 2    |        | add16_i_i60_6_2  | fadd   | fulldsp | 4       |
|      fadd_32ns_32ns_32_5_full_dsp_1_U1610                                   | 2    |        | add16_i_i60_6_3  | fadd   | fulldsp | 4       |
|      fadd_32ns_32ns_32_5_full_dsp_1_U1665                                   | 2    |        | add29_i_i73_6    | fadd   | fulldsp | 4       |
|      fadd_32ns_32ns_32_5_full_dsp_1_U1666                                   | 2    |        | add29_i_i73_6_1  | fadd   | fulldsp | 4       |
|      fadd_32ns_32ns_32_5_full_dsp_1_U1694                                   | 2    |        | add35_i_i79_6    | fadd   | fulldsp | 4       |
|      fadd_32ns_32ns_32_5_full_dsp_1_U1718                                   | 2    |        | add97_6          | fadd   | fulldsp | 4       |
|      fmul_32ns_32ns_32_4_max_dsp_1_U2043                                    | 3    |        | mul_i22_6        | fmul   | maxdsp  | 3       |
|      fmul_32ns_32ns_32_4_max_dsp_1_U2044                                    | 3    |        | mul_i22_6_1      | fmul   | maxdsp  | 3       |
|      fmul_32ns_32ns_32_4_max_dsp_1_U2045                                    | 3    |        | mul_i22_6_2      | fmul   | maxdsp  | 3       |
|      fmul_32ns_32ns_32_4_max_dsp_1_U2046                                    | 3    |        | mul_i22_6_3      | fmul   | maxdsp  | 3       |
|      fmul_32ns_32ns_32_4_max_dsp_1_U2047                                    | 3    |        | mul_i22_6_4      | fmul   | maxdsp  | 3       |
|      fmul_32ns_32ns_32_4_max_dsp_1_U2048                                    | 3    |        | mul_i22_6_5      | fmul   | maxdsp  | 3       |
|      fmul_32ns_32ns_32_4_max_dsp_1_U2049                                    | 3    |        | mul_i22_6_6      | fmul   | maxdsp  | 3       |
|      fmul_32ns_32ns_32_4_max_dsp_1_U2050                                    | 3    |        | mul_i22_6_7      | fmul   | maxdsp  | 3       |
|      fmul_32ns_32ns_32_4_max_dsp_1_U2051                                    | 3    |        | mul_i22_6_8      | fmul   | maxdsp  | 3       |
|      fmul_32ns_32ns_32_4_max_dsp_1_U2052                                    | 3    |        | mul_i22_6_9      | fmul   | maxdsp  | 3       |
|      fmul_32ns_32ns_32_4_max_dsp_1_U2053                                    | 3    |        | mul_i22_6_s      | fmul   | maxdsp  | 3       |
|      fmul_32ns_32ns_32_4_max_dsp_1_U2054                                    | 3    |        | mul_i22_6_10     | fmul   | maxdsp  | 3       |
|      fmul_32ns_32ns_32_4_max_dsp_1_U2055                                    | 3    |        | mul_i22_6_11     | fmul   | maxdsp  | 3       |
|      fmul_32ns_32ns_32_4_max_dsp_1_U2056                                    | 3    |        | mul_i22_6_12     | fmul   | maxdsp  | 3       |
|      fmul_32ns_32ns_32_4_max_dsp_1_U2057                                    | 3    |        | mul_i22_6_13     | fmul   | maxdsp  | 3       |
|      fmul_32ns_32ns_32_4_max_dsp_1_U2058                                    | 3    |        | mul_i22_6_14     | fmul   | maxdsp  | 3       |
|      fadd_32ns_32ns_32_5_full_dsp_1_U1611                                   | 2    |        | add16_i_i_6      | fadd   | fulldsp | 4       |
|      fadd_32ns_32ns_32_5_full_dsp_1_U1612                                   | 2    |        | add16_i_i_6_1    | fadd   | fulldsp | 4       |
|      fadd_32ns_32ns_32_5_full_dsp_1_U1613                                   | 2    |        | add16_i_i_6_2    | fadd   | fulldsp | 4       |
|      fadd_32ns_32ns_32_5_full_dsp_1_U1614                                   | 2    |        | add16_i_i_6_3    | fadd   | fulldsp | 4       |
|      fadd_32ns_32ns_32_5_full_dsp_1_U1667                                   | 2    |        | add29_i_i_6      | fadd   | fulldsp | 4       |
|      fadd_32ns_32ns_32_5_full_dsp_1_U1668                                   | 2    |        | add29_i_i_6_1    | fadd   | fulldsp | 4       |
|      fadd_32ns_32ns_32_5_full_dsp_1_U1695                                   | 2    |        | add35_i_i_6      | fadd   | fulldsp | 4       |
|      fadd_32ns_32ns_32_5_full_dsp_1_U1719                                   | 2    |        | add107_6         | fadd   | fulldsp | 4       |
|      fmul_32ns_32ns_32_4_max_dsp_1_U2059                                    | 3    |        | mul_i91_7        | fmul   | maxdsp  | 3       |
|      fmul_32ns_32ns_32_4_max_dsp_1_U2060                                    | 3    |        | mul_i91_7_1      | fmul   | maxdsp  | 3       |
|      fmul_32ns_32ns_32_4_max_dsp_1_U2061                                    | 3    |        | mul_i91_7_2      | fmul   | maxdsp  | 3       |
|      fmul_32ns_32ns_32_4_max_dsp_1_U2062                                    | 3    |        | mul_i91_7_3      | fmul   | maxdsp  | 3       |
|      fmul_32ns_32ns_32_4_max_dsp_1_U2063                                    | 3    |        | mul_i91_7_4      | fmul   | maxdsp  | 3       |
|      fmul_32ns_32ns_32_4_max_dsp_1_U2064                                    | 3    |        | mul_i91_7_5      | fmul   | maxdsp  | 3       |
|      fmul_32ns_32ns_32_4_max_dsp_1_U2065                                    | 3    |        | mul_i91_7_6      | fmul   | maxdsp  | 3       |
|      fmul_32ns_32ns_32_4_max_dsp_1_U2066                                    | 3    |        | mul_i91_7_7      | fmul   | maxdsp  | 3       |
|      fmul_32ns_32ns_32_4_max_dsp_1_U2067                                    | 3    |        | mul_i91_7_8      | fmul   | maxdsp  | 3       |
|      fmul_32ns_32ns_32_4_max_dsp_1_U2068                                    | 3    |        | mul_i91_7_9      | fmul   | maxdsp  | 3       |
|      fmul_32ns_32ns_32_4_max_dsp_1_U2069                                    | 3    |        | mul_i91_7_s      | fmul   | maxdsp  | 3       |
|      fmul_32ns_32ns_32_4_max_dsp_1_U2070                                    | 3    |        | mul_i91_7_10     | fmul   | maxdsp  | 3       |
|      fmul_32ns_32ns_32_4_max_dsp_1_U2071                                    | 3    |        | mul_i91_7_11     | fmul   | maxdsp  | 3       |
|      fmul_32ns_32ns_32_4_max_dsp_1_U2072                                    | 3    |        | mul_i91_7_12     | fmul   | maxdsp  | 3       |
|      fmul_32ns_32ns_32_4_max_dsp_1_U2073                                    | 3    |        | mul_i91_7_13     | fmul   | maxdsp  | 3       |
|      fmul_32ns_32ns_32_4_max_dsp_1_U2074                                    | 3    |        | mul_i91_7_14     | fmul   | maxdsp  | 3       |
|      fadd_32ns_32ns_32_5_full_dsp_1_U1615                                   | 2    |        | add16_i_i118_7   | fadd   | fulldsp | 4       |
|      fadd_32ns_32ns_32_5_full_dsp_1_U1616                                   | 2    |        | add16_i_i118_7_1 | fadd   | fulldsp | 4       |
|      fadd_32ns_32ns_32_5_full_dsp_1_U1617                                   | 2    |        | add16_i_i118_7_2 | fadd   | fulldsp | 4       |
|      fadd_32ns_32ns_32_5_full_dsp_1_U1618                                   | 2    |        | add16_i_i118_7_3 | fadd   | fulldsp | 4       |
|      fadd_32ns_32ns_32_5_full_dsp_1_U1669                                   | 2    |        | add29_i_i131_7   | fadd   | fulldsp | 4       |
|      fadd_32ns_32ns_32_5_full_dsp_1_U1670                                   | 2    |        | add29_i_i131_7_1 | fadd   | fulldsp | 4       |
|      fadd_32ns_32ns_32_5_full_dsp_1_U1696                                   | 2    |        | add35_i_i137_7   | fadd   | fulldsp | 4       |
|      fadd_32ns_32ns_32_5_full_dsp_1_U1720                                   | 2    |        | add87_7          | fadd   | fulldsp | 4       |
|      fmul_32ns_32ns_32_4_max_dsp_1_U2075                                    | 3    |        | mul_i33_7        | fmul   | maxdsp  | 3       |
|      fmul_32ns_32ns_32_4_max_dsp_1_U2076                                    | 3    |        | mul_i33_7_1      | fmul   | maxdsp  | 3       |
|      fmul_32ns_32ns_32_4_max_dsp_1_U2077                                    | 3    |        | mul_i33_7_2      | fmul   | maxdsp  | 3       |
|      fmul_32ns_32ns_32_4_max_dsp_1_U2078                                    | 3    |        | mul_i33_7_3      | fmul   | maxdsp  | 3       |
|      fmul_32ns_32ns_32_4_max_dsp_1_U2079                                    | 3    |        | mul_i33_7_4      | fmul   | maxdsp  | 3       |
|      fmul_32ns_32ns_32_4_max_dsp_1_U2080                                    | 3    |        | mul_i33_7_5      | fmul   | maxdsp  | 3       |
|      fmul_32ns_32ns_32_4_max_dsp_1_U2081                                    | 3    |        | mul_i33_7_6      | fmul   | maxdsp  | 3       |
|      fmul_32ns_32ns_32_4_max_dsp_1_U2082                                    | 3    |        | mul_i33_7_7      | fmul   | maxdsp  | 3       |
|      fmul_32ns_32ns_32_4_max_dsp_1_U2083                                    | 3    |        | mul_i33_7_8      | fmul   | maxdsp  | 3       |
|      fmul_32ns_32ns_32_4_max_dsp_1_U2084                                    | 3    |        | mul_i33_7_9      | fmul   | maxdsp  | 3       |
|      fmul_32ns_32ns_32_4_max_dsp_1_U2085                                    | 3    |        | mul_i33_7_s      | fmul   | maxdsp  | 3       |
|      fmul_32ns_32ns_32_4_max_dsp_1_U2086                                    | 3    |        | mul_i33_7_10     | fmul   | maxdsp  | 3       |
|      fmul_32ns_32ns_32_4_max_dsp_1_U2087                                    | 3    |        | mul_i33_7_11     | fmul   | maxdsp  | 3       |
|      fmul_32ns_32ns_32_4_max_dsp_1_U2088                                    | 3    |        | mul_i33_7_12     | fmul   | maxdsp  | 3       |
|      fmul_32ns_32ns_32_4_max_dsp_1_U2089                                    | 3    |        | mul_i33_7_13     | fmul   | maxdsp  | 3       |
|      fmul_32ns_32ns_32_4_max_dsp_1_U2090                                    | 3    |        | mul_i33_7_14     | fmul   | maxdsp  | 3       |
|      fadd_32ns_32ns_32_5_full_dsp_1_U1619                                   | 2    |        | add16_i_i60_7    | fadd   | fulldsp | 4       |
|      fadd_32ns_32ns_32_5_full_dsp_1_U1620                                   | 2    |        | add16_i_i60_7_1  | fadd   | fulldsp | 4       |
|      fadd_32ns_32ns_32_5_full_dsp_1_U1621                                   | 2    |        | add16_i_i60_7_2  | fadd   | fulldsp | 4       |
|      fadd_32ns_32ns_32_5_full_dsp_1_U1622                                   | 2    |        | add16_i_i60_7_3  | fadd   | fulldsp | 4       |
|      fadd_32ns_32ns_32_5_full_dsp_1_U1671                                   | 2    |        | add29_i_i73_7    | fadd   | fulldsp | 4       |
|      fadd_32ns_32ns_32_5_full_dsp_1_U1672                                   | 2    |        | add29_i_i73_7_1  | fadd   | fulldsp | 4       |
|      fadd_32ns_32ns_32_5_full_dsp_1_U1697                                   | 2    |        | add35_i_i79_7    | fadd   | fulldsp | 4       |
|      fadd_32ns_32ns_32_5_full_dsp_1_U1721                                   | 2    |        | add97_7          | fadd   | fulldsp | 4       |
|      fmul_32ns_32ns_32_4_max_dsp_1_U2091                                    | 3    |        | mul_i22_7        | fmul   | maxdsp  | 3       |
|      fmul_32ns_32ns_32_4_max_dsp_1_U2092                                    | 3    |        | mul_i22_7_1      | fmul   | maxdsp  | 3       |
|      fmul_32ns_32ns_32_4_max_dsp_1_U2093                                    | 3    |        | mul_i22_7_2      | fmul   | maxdsp  | 3       |
|      fmul_32ns_32ns_32_4_max_dsp_1_U2094                                    | 3    |        | mul_i22_7_3      | fmul   | maxdsp  | 3       |
|      fmul_32ns_32ns_32_4_max_dsp_1_U2095                                    | 3    |        | mul_i22_7_4      | fmul   | maxdsp  | 3       |
|      fmul_32ns_32ns_32_4_max_dsp_1_U2096                                    | 3    |        | mul_i22_7_5      | fmul   | maxdsp  | 3       |
|      fmul_32ns_32ns_32_4_max_dsp_1_U2097                                    | 3    |        | mul_i22_7_6      | fmul   | maxdsp  | 3       |
|      fmul_32ns_32ns_32_4_max_dsp_1_U2098                                    | 3    |        | mul_i22_7_7      | fmul   | maxdsp  | 3       |
|      fmul_32ns_32ns_32_4_max_dsp_1_U2099                                    | 3    |        | mul_i22_7_8      | fmul   | maxdsp  | 3       |
|      fmul_32ns_32ns_32_4_max_dsp_1_U2100                                    | 3    |        | mul_i22_7_9      | fmul   | maxdsp  | 3       |
|      fmul_32ns_32ns_32_4_max_dsp_1_U2101                                    | 3    |        | mul_i22_7_s      | fmul   | maxdsp  | 3       |
|      fmul_32ns_32ns_32_4_max_dsp_1_U2102                                    | 3    |        | mul_i22_7_10     | fmul   | maxdsp  | 3       |
|      fmul_32ns_32ns_32_4_max_dsp_1_U2103                                    | 3    |        | mul_i22_7_11     | fmul   | maxdsp  | 3       |
|      fmul_32ns_32ns_32_4_max_dsp_1_U2104                                    | 3    |        | mul_i22_7_12     | fmul   | maxdsp  | 3       |
|      fmul_32ns_32ns_32_4_max_dsp_1_U2105                                    | 3    |        | mul_i22_7_13     | fmul   | maxdsp  | 3       |
|      fmul_32ns_32ns_32_4_max_dsp_1_U2106                                    | 3    |        | mul_i22_7_14     | fmul   | maxdsp  | 3       |
|      fadd_32ns_32ns_32_5_full_dsp_1_U1623                                   | 2    |        | add16_i_i_7      | fadd   | fulldsp | 4       |
|      fadd_32ns_32ns_32_5_full_dsp_1_U1624                                   | 2    |        | add16_i_i_7_1    | fadd   | fulldsp | 4       |
|      fadd_32ns_32ns_32_5_full_dsp_1_U1625                                   | 2    |        | add16_i_i_7_2    | fadd   | fulldsp | 4       |
|      fadd_32ns_32ns_32_5_full_dsp_1_U1626                                   | 2    |        | add16_i_i_7_3    | fadd   | fulldsp | 4       |
|      fadd_32ns_32ns_32_5_full_dsp_1_U1673                                   | 2    |        | add29_i_i_7      | fadd   | fulldsp | 4       |
|      fadd_32ns_32ns_32_5_full_dsp_1_U1674                                   | 2    |        | add29_i_i_7_1    | fadd   | fulldsp | 4       |
|      fadd_32ns_32ns_32_5_full_dsp_1_U1698                                   | 2    |        | add35_i_i_7      | fadd   | fulldsp | 4       |
|      fadd_32ns_32ns_32_5_full_dsp_1_U1722                                   | 2    |        | add107_7         | fadd   | fulldsp | 4       |
|   + attention_forward_hls_Pipeline_ATTN_CONTEXT_INIT_ATTN_CONTEXT_INIT_PACK | 0    |        |                  |        |         |         |
|     add_ln266_1_fu_408_p2                                                   | -    |        | add_ln266_1      | add    | fabric  | 0       |
|     add_ln266_fu_420_p2                                                     | -    |        | add_ln266        | add    | fabric  | 0       |
|     sub_ln273_fu_472_p2                                                     | -    |        | sub_ln273        | add    | tadder  | 0       |
|     add_ln273_fu_482_p2                                                     | -    |        | add_ln273        | add    | tadder  | 0       |
|     add_ln268_fu_508_p2                                                     | -    |        | add_ln268        | add    | fabric  | 0       |
|   + linear_hidden_to_hidden_parallel_hls                                    | 0    |        |                  |        |         |         |
|     bias_base_fu_3453_p2                                                    | -    |        | bias_base        | sub    | fabric  | 0       |
|     add_ln110_fu_3487_p2                                                    | -    |        | add_ln110        | add    | fabric  | 0       |
|     add_ln112_fu_3504_p2                                                    | -    |        | add_ln112        | add    | fabric  | 0       |
|     add_ln38_fu_3663_p2                                                     | -    |        | add_ln38         | add    | fabric  | 0       |
|     add_ln15_fu_3669_p2                                                     | -    |        | add_ln15         | add    | fabric  | 0       |
|    + linear_hidden_to_hidden_parallel_hls_Pipeline_LINEAR_PAR_LOAD_BIAS     | 0    |        |                  |        |         |         |
|      r_fu_512_p2                                                            | -    |        | r                | add    | fabric  | 0       |
|      sub_ln708_fu_560_p2                                                    | -    |        | sub_ln708        | sub    | fabric  | 0       |
|      sub_ln708_9_fu_572_p2                                                  | -    |        | sub_ln708_9      | sub    | fabric  | 0       |
|      sub_ln708_10_fu_602_p2                                                 | -    |        | sub_ln708_10     | sub    | fabric  | 0       |
|    + linear_hidden_to_hidden_parallel_hls_Pipeline_LINEAR_PAR_INIT_TOKEN    | 0    |        |                  |        |         |         |
|      add_ln28_fu_428_p2                                                     | -    |        | add_ln28         | add    | fabric  | 0       |
|    + linear_hidden_to_hidden_parallel_hls_Pipeline_LINEAR_PAR_STORE_TOKEN   | 0    |        |                  |        |         |         |
|      add_ln70_fu_632_p2                                                     | -    |        | add_ln70         | add    | fabric  | 0       |
|      sub_ln75_fu_685_p2                                                     | -    |        | sub_ln75         | add    | tadder  | 0       |
|      add_ln75_fu_691_p2                                                     | -    |        | add_ln75         | add    | tadder  | 0       |
|    + linear_hidden_to_hidden_parallel_hls_Pipeline_LINEAR_PAR_LOAD_W        | 0    |        |                  |        |         |         |
|      add_ln44_fu_6882_p2                                                    | -    |        | add_ln44         | add    | fabric  | 0       |
|      add_ln46_fu_6892_p2                                                    | -    |        | add_ln46         | add    | fabric  | 0       |
|      sub_ln46_fu_6922_p2                                                    | -    |        | sub_ln46         | sub    | fabric  | 0       |
|      tmp_fu_6932_p2                                                         | -    |        | tmp              | add    | tadder  | 0       |
|      add_ln46_2269_fu_6938_p2                                               | -    |        | add_ln46_2269    | add    | tadder  | 0       |
|      empty_767_fu_6956_p2                                                   | -    |        | empty_767        | add    | fabric  | 0       |
|    + linear_hidden_to_hidden_parallel_hls_Pipeline_LINEAR_PAR_TOKEN_DOT     | 0    |        |                  |        |         |         |
|      add_ln50_fu_4714_p2                                                    | -    |        | add_ln50         | add    | fabric  | 0       |
|      sub_ln58_fu_4744_p2                                                    | -    |        | sub_ln58         | add    | tadder  | 0       |
|      add_ln58_fu_4750_p2                                                    | -    |        | add_ln58         | add    | tadder  | 0       |
|   + attention_forward_hls_Pipeline_ATTN_EXP                                 | 7    |        |                  |        |         |         |
|     add_ln298_fu_228_p2                                                     | -    |        | add_ln298        | add    | fabric  | 0       |
|     fexp_32ns_32ns_32_8_full_dsp_1_U3307                                    | 7    |        | p_3              | fexp   | fulldsp | 7       |
|   + attention_dot64                                                         | 0    |        |                  |        |         |         |
|     sub_ln211_fu_209_p2                                                     | -    |        | sub_ln211        | sub    | fabric  | 0       |
|     sub_ln212_fu_236_p2                                                     | -    |        | sub_ln212        | sub    | fabric  | 0       |
|    + attention_dot64_Pipeline_DOT64_PACK                                    | 0    |        |                  |        |         |         |
|      add_ln201_fu_630_p2                                                    | -    |        | add_ln201        | add    | fabric  | 0       |
|      add_ln212_fu_652_p2                                                    | -    |        | add_ln212        | add    | fabric  | 0       |
|      add_ln211_fu_678_p2                                                    | -    |        | add_ln211        | add    | fabric  | 0       |
|   + attention_forward_hls_Pipeline_ATTN_VALUE_KEY                           | 0    |        |                  |        |         |         |
|     add_ln322_fu_680_p2                                                     | -    |        | add_ln322        | add    | fabric  | 0       |
|     newFirst_fu_718_p2                                                      | -    |        | newFirst         | add    | tadder  | 0       |
|     newSecond_fu_723_p2                                                     | -    |        | newSecond        | add    | tadder  | 0       |
|  + add_layer_norm_hls                                                       | 169  |        |                  |        |         |         |
|    norm_base_fu_697_p2                                                      | -    |        | norm_base        | sub    | fabric  | 0       |
|    add_ln40_fu_718_p2                                                       | -    |        | add_ln40         | add    | fabric  | 0       |
|    sub_ln60_fu_748_p2                                                       | -    |        | sub_ln60         | sub    | fabric  | 0       |
|    faddfsub_32ns_32ns_32_5_full_dsp_1_U6140                                 | 2    |        | total_sum        | fadd   | fulldsp | 4       |
|    faddfsub_32ns_32ns_32_5_full_dsp_1_U6140                                 | 2    |        | total_sum_sq     | fadd   | fulldsp | 4       |
|    fmul_32ns_32ns_32_4_max_dsp_1_U6141                                      | 2    |        | total_sum_16     | fadd   | fulldsp | 4       |
|    faddfsub_32ns_32ns_32_5_full_dsp_1_U6140                                 | 2    |        | total_sum_sq_16  | fadd   | fulldsp | 4       |
|    faddfsub_32ns_32ns_32_5_full_dsp_1_U6140                                 | 2    |        | total_sum_17     | fadd   | fulldsp | 4       |
|    faddfsub_32ns_32ns_32_5_full_dsp_1_U6140                                 | 2    |        | total_sum_sq_17  | fadd   | fulldsp | 4       |
|    faddfsub_32ns_32ns_32_5_full_dsp_1_U6140                                 | 2    |        | total_sum_18     | fadd   | fulldsp | 4       |
|    faddfsub_32ns_32ns_32_5_full_dsp_1_U6140                                 | 2    |        | total_sum_sq_18  | fadd   | fulldsp | 4       |
|    faddfsub_32ns_32ns_32_5_full_dsp_1_U6140                                 | 2    |        | total_sum_19     | fadd   | fulldsp | 4       |
|    faddfsub_32ns_32ns_32_5_full_dsp_1_U6140                                 | 2    |        | total_sum_sq_19  | fadd   | fulldsp | 4       |
|    faddfsub_32ns_32ns_32_5_full_dsp_1_U6140                                 | 2    |        | total_sum_20     | fadd   | fulldsp | 4       |
|    faddfsub_32ns_32ns_32_5_full_dsp_1_U6140                                 | 2    |        | total_sum_sq_20  | fadd   | fulldsp | 4       |
|    fmul_32ns_32ns_32_4_max_dsp_1_U6149                                      | 2    |        | total_sum_21     | fadd   | fulldsp | 4       |
|    faddfsub_32ns_32ns_32_5_full_dsp_1_U6140                                 | 2    |        | total_sum_sq_21  | fadd   | fulldsp | 4       |
|    faddfsub_32ns_32ns_32_5_full_dsp_1_U6140                                 | 2    |        | total_sum_22     | fadd   | fulldsp | 4       |
|    faddfsub_32ns_32ns_32_5_full_dsp_1_U6140                                 | 2    |        | total_sum_sq_22  | fadd   | fulldsp | 4       |
|    faddfsub_32ns_32ns_32_5_full_dsp_1_U6140                                 | 2    |        | total_sum_23     | fadd   | fulldsp | 4       |
|    faddfsub_32ns_32ns_32_5_full_dsp_1_U6140                                 | 2    |        | total_sum_sq_23  | fadd   | fulldsp | 4       |
|    faddfsub_32ns_32ns_32_5_full_dsp_1_U6140                                 | 2    |        | total_sum_24     | fadd   | fulldsp | 4       |
|    faddfsub_32ns_32ns_32_5_full_dsp_1_U6140                                 | 2    |        | total_sum_sq_24  | fadd   | fulldsp | 4       |
|    faddfsub_32ns_32ns_32_5_full_dsp_1_U6140                                 | 2    |        | total_sum_25     | fadd   | fulldsp | 4       |
|    faddfsub_32ns_32ns_32_5_full_dsp_1_U6140                                 | 2    |        | total_sum_sq_25  | fadd   | fulldsp | 4       |
|    fmul_32ns_32ns_32_4_max_dsp_1_U6150                                      | 2    |        | total_sum_26     | fadd   | fulldsp | 4       |
|    faddfsub_32ns_32ns_32_5_full_dsp_1_U6140                                 | 2    |        | total_sum_sq_26  | fadd   | fulldsp | 4       |
|    faddfsub_32ns_32ns_32_5_full_dsp_1_U6140                                 | 2    |        | total_sum_27     | fadd   | fulldsp | 4       |
|    faddfsub_32ns_32ns_32_5_full_dsp_1_U6140                                 | 2    |        | total_sum_sq_27  | fadd   | fulldsp | 4       |
|    faddfsub_32ns_32ns_32_5_full_dsp_1_U6140                                 | 2    |        | total_sum_28     | fadd   | fulldsp | 4       |
|    faddfsub_32ns_32ns_32_5_full_dsp_1_U6140                                 | 2    |        | total_sum_sq_28  | fadd   | fulldsp | 4       |
|    faddfsub_32ns_32ns_32_5_full_dsp_1_U6140                                 | 2    |        | total_sum_29     | fadd   | fulldsp | 4       |
|    faddfsub_32ns_32ns_32_5_full_dsp_1_U6140                                 | 2    |        | total_sum_sq_29  | fadd   | fulldsp | 4       |
|    faddfsub_32ns_32ns_32_5_full_dsp_1_U6140                                 | 2    |        | total_sum_30     | fadd   | fulldsp | 4       |
|    faddfsub_32ns_32ns_32_5_full_dsp_1_U6140                                 | 2    |        | total_sum_sq_30  | fadd   | fulldsp | 4       |
|    fmul_32ns_32ns_32_4_max_dsp_1_U6151                                      | -    |        | mean             | fdiv   | fabric  | 9       |
|    fdiv_32ns_32ns_32_10_no_dsp_1_U6142                                      | -    |        | div              | fdiv   | fabric  | 9       |
|    fmul_32ns_32ns_32_4_max_dsp_1_U6141                                      | 3    |        | mul41            | fmul   | maxdsp  | 3       |
|    faddfsub_32ns_32ns_32_5_full_dsp_1_U6140                                 | 2    |        | variance         | fadd   | fulldsp | 4       |
|    faddfsub_32ns_32ns_32_5_full_dsp_1_U6140                                 | 2    |        | x_assign         | fadd   | fulldsp | 4       |
|    frsqrt_32ns_32ns_32_11_full_dsp_1_U6143                                  | 9    |        | inv_std          | frsqrt | fulldsp | 10      |
|   + load_norm_vector                                                        | 0    |        |                  |        |         |         |
|     add_ln10_fu_154_p2                                                      | -    |        | add_ln10         | add    | fabric  | 0       |
|    + load_norm_vector_Pipeline_LOAD_NORM_VECTOR                             | 0    |        |                  |        |         |         |
|      add_ln10_fu_449_p2                                                     | -    |        | add_ln10         | add    | fabric  | 0       |
|   + add_layer_norm_hls_Pipeline_ADD_LN_SUM_PACK                             | 0    |        |                  |        |         |         |
|     add_ln54_fu_1276_p2                                                     | -    |        | add_ln54         | add    | fabric  | 0       |
|     add_ln60_fu_1286_p2                                                     | -    |        | add_ln60         | add    | fabric  | 0       |
|     fadd_32ns_32ns_32_4_no_dsp_1_U5942                                      | -    |        | add              | fadd   | fabric  | 3       |
|     fadd_32ns_32ns_32_4_no_dsp_1_U5948                                      | -    |        | add20            | fadd   | fabric  | 3       |
|     fadd_32ns_32ns_32_4_no_dsp_1_U5943                                      | -    |        | add24_1          | fadd   | fabric  | 3       |
|     fadd_32ns_32ns_32_4_no_dsp_1_U5949                                      | -    |        | add28_1          | fadd   | fabric  | 3       |
|     fadd_32ns_32ns_32_4_no_dsp_1_U5944                                      | -    |        | add24_2          | fadd   | fabric  | 3       |
|     fadd_32ns_32ns_32_4_no_dsp_1_U5950                                      | -    |        | add28_2          | fadd   | fabric  | 3       |
|     fadd_32ns_32ns_32_4_no_dsp_1_U5945                                      | -    |        | add24_3          | fadd   | fabric  | 3       |
|     fadd_32ns_32ns_32_4_no_dsp_1_U5951                                      | -    |        | add28_3          | fadd   | fabric  | 3       |
|     fadd_32ns_32ns_32_4_no_dsp_1_U5946                                      | -    |        | add24_4          | fadd   | fabric  | 3       |
|     fadd_32ns_32ns_32_4_no_dsp_1_U5952                                      | -    |        | add28_4          | fadd   | fabric  | 3       |
|     fadd_32ns_32ns_32_4_no_dsp_1_U5947                                      | -    |        | add24_5          | fadd   | fabric  | 3       |
|     fadd_32ns_32ns_32_4_no_dsp_1_U5946                                      | -    |        | add28_5          | fadd   | fabric  | 3       |
|     fadd_32ns_32ns_32_4_no_dsp_1_U5942                                      | -    |        | add24_6          | fadd   | fabric  | 3       |
|     fadd_32ns_32ns_32_4_no_dsp_1_U5947                                      | -    |        | add28_6          | fadd   | fabric  | 3       |
|     fadd_32ns_32ns_32_4_no_dsp_1_U5943                                      | -    |        | add24_7          | fadd   | fabric  | 3       |
|     fadd_32ns_32ns_32_4_no_dsp_1_U5948                                      | -    |        | add28_7          | fadd   | fabric  | 3       |
|     fadd_32ns_32ns_32_4_no_dsp_1_U5944                                      | -    |        | add24_8          | fadd   | fabric  | 3       |
|     fadd_32ns_32ns_32_4_no_dsp_1_U5949                                      | -    |        | add28_8          | fadd   | fabric  | 3       |
|     fadd_32ns_32ns_32_4_no_dsp_1_U5945                                      | -    |        | add24_9          | fadd   | fabric  | 3       |
|     fadd_32ns_32ns_32_4_no_dsp_1_U5950                                      | -    |        | add28_9          | fadd   | fabric  | 3       |
|     fadd_32ns_32ns_32_4_no_dsp_1_U5946                                      | -    |        | add24_s          | fadd   | fabric  | 3       |
|     fadd_32ns_32ns_32_4_no_dsp_1_U5951                                      | -    |        | add28_s          | fadd   | fabric  | 3       |
|     fadd_32ns_32ns_32_4_no_dsp_1_U5947                                      | -    |        | add24_10         | fadd   | fabric  | 3       |
|     fadd_32ns_32ns_32_4_no_dsp_1_U5952                                      | -    |        | add28_10         | fadd   | fabric  | 3       |
|     fadd_32ns_32ns_32_4_no_dsp_1_U5942                                      | -    |        | add24_11         | fadd   | fabric  | 3       |
|     fadd_32ns_32ns_32_4_no_dsp_1_U5948                                      | -    |        | add28_11         | fadd   | fabric  | 3       |
|     fadd_32ns_32ns_32_4_no_dsp_1_U5943                                      | -    |        | add24_12         | fadd   | fabric  | 3       |
|     fadd_32ns_32ns_32_4_no_dsp_1_U5949                                      | -    |        | add28_12         | fadd   | fabric  | 3       |
|     fadd_32ns_32ns_32_4_no_dsp_1_U5944                                      | -    |        | add24_13         | fadd   | fabric  | 3       |
|     fadd_32ns_32ns_32_4_no_dsp_1_U5950                                      | -    |        | add28_13         | fadd   | fabric  | 3       |
|     fadd_32ns_32ns_32_4_no_dsp_1_U5945                                      | -    |        | add24_14         | fadd   | fabric  | 3       |
|     fadd_32ns_32ns_32_4_no_dsp_1_U5951                                      | -    |        | add28_14         | fadd   | fabric  | 3       |
|   + add_layer_norm_hls_Pipeline_ADD_LN_APPLY_PACK                           | 130  |        |                  |        |         |         |
|     add_ln81_fu_1136_p2                                                     | -    |        | add_ln81         | add    | fabric  | 0       |
|     add_ln87_fu_1146_p2                                                     | -    |        | add_ln87         | add    | fabric  | 0       |
|     fmul_32ns_32ns_32_4_max_dsp_1_U6056                                     | 3    |        | mul55            | fmul   | maxdsp  | 3       |
|     fmul_32ns_32ns_32_4_max_dsp_1_U6072                                     | 3    |        | mul              | fmul   | maxdsp  | 3       |
|     fadd_32ns_32ns_32_5_full_dsp_1_U6040                                    | 2    |        | add              | fadd   | fulldsp | 4       |
|     fmul_32ns_32ns_32_4_max_dsp_1_U6057                                     | 3    |        | mul55_1          | fmul   | maxdsp  | 3       |
|     fmul_32ns_32ns_32_4_max_dsp_1_U6073                                     | 3    |        | mul58_1          | fmul   | maxdsp  | 3       |
|     fadd_32ns_32ns_32_5_full_dsp_1_U6041                                    | 2    |        | add61_1          | fadd   | fulldsp | 4       |
|     fmul_32ns_32ns_32_4_max_dsp_1_U6058                                     | 3    |        | mul55_2          | fmul   | maxdsp  | 3       |
|     fmul_32ns_32ns_32_4_max_dsp_1_U6074                                     | 3    |        | mul58_2          | fmul   | maxdsp  | 3       |
|     fadd_32ns_32ns_32_5_full_dsp_1_U6042                                    | 2    |        | add61_2          | fadd   | fulldsp | 4       |
|     fmul_32ns_32ns_32_4_max_dsp_1_U6059                                     | 3    |        | mul55_3          | fmul   | maxdsp  | 3       |
|     fmul_32ns_32ns_32_4_max_dsp_1_U6075                                     | 3    |        | mul58_3          | fmul   | maxdsp  | 3       |
|     fadd_32ns_32ns_32_5_full_dsp_1_U6043                                    | 2    |        | add61_3          | fadd   | fulldsp | 4       |
|     fmul_32ns_32ns_32_4_max_dsp_1_U6060                                     | 3    |        | mul55_4          | fmul   | maxdsp  | 3       |
|     fmul_32ns_32ns_32_4_max_dsp_1_U6076                                     | 3    |        | mul58_4          | fmul   | maxdsp  | 3       |
|     fadd_32ns_32ns_32_5_full_dsp_1_U6044                                    | 2    |        | add61_4          | fadd   | fulldsp | 4       |
|     fmul_32ns_32ns_32_4_max_dsp_1_U6061                                     | 3    |        | mul55_5          | fmul   | maxdsp  | 3       |
|     fmul_32ns_32ns_32_4_max_dsp_1_U6077                                     | 3    |        | mul58_5          | fmul   | maxdsp  | 3       |
|     fadd_32ns_32ns_32_5_full_dsp_1_U6045                                    | 2    |        | add61_5          | fadd   | fulldsp | 4       |
|     fsub_32ns_32ns_32_5_full_dsp_1_U6030                                    | 2    |        | sub54_6          | fsub   | fulldsp | 4       |
|     fmul_32ns_32ns_32_4_max_dsp_1_U6078                                     | 3    |        | mul58_6          | fmul   | maxdsp  | 3       |
|     fadd_32ns_32ns_32_5_full_dsp_1_U6046                                    | 2    |        | add61_6          | fadd   | fulldsp | 4       |
|     fsub_32ns_32ns_32_5_full_dsp_1_U6031                                    | 2    |        | sub54_7          | fsub   | fulldsp | 4       |
|     fmul_32ns_32ns_32_4_max_dsp_1_U6079                                     | 3    |        | mul58_7          | fmul   | maxdsp  | 3       |
|     fadd_32ns_32ns_32_5_full_dsp_1_U6047                                    | 2    |        | add61_7          | fadd   | fulldsp | 4       |
|     fsub_32ns_32ns_32_5_full_dsp_1_U6032                                    | 2    |        | sub54_8          | fsub   | fulldsp | 4       |
|     fmul_32ns_32ns_32_4_max_dsp_1_U6080                                     | 3    |        | mul58_8          | fmul   | maxdsp  | 3       |
|     fadd_32ns_32ns_32_5_full_dsp_1_U6048                                    | 2    |        | add61_8          | fadd   | fulldsp | 4       |
|     fsub_32ns_32ns_32_5_full_dsp_1_U6033                                    | 2    |        | sub54_9          | fsub   | fulldsp | 4       |
|     fmul_32ns_32ns_32_4_max_dsp_1_U6081                                     | 3    |        | mul58_9          | fmul   | maxdsp  | 3       |
|     fadd_32ns_32ns_32_5_full_dsp_1_U6049                                    | 2    |        | add61_9          | fadd   | fulldsp | 4       |
|     fsub_32ns_32ns_32_5_full_dsp_1_U6034                                    | 2    |        | sub54_s          | fsub   | fulldsp | 4       |
|     fmul_32ns_32ns_32_4_max_dsp_1_U6082                                     | 3    |        | mul58_s          | fmul   | maxdsp  | 3       |
|     fadd_32ns_32ns_32_5_full_dsp_1_U6050                                    | 2    |        | add61_s          | fadd   | fulldsp | 4       |
|     fsub_32ns_32ns_32_5_full_dsp_1_U6035                                    | 2    |        | sub54_10         | fsub   | fulldsp | 4       |
|     fmul_32ns_32ns_32_4_max_dsp_1_U6083                                     | 3    |        | mul58_10         | fmul   | maxdsp  | 3       |
|     fadd_32ns_32ns_32_5_full_dsp_1_U6051                                    | 2    |        | add61_10         | fadd   | fulldsp | 4       |
|     fsub_32ns_32ns_32_5_full_dsp_1_U6036                                    | 2    |        | sub54_11         | fsub   | fulldsp | 4       |
|     fmul_32ns_32ns_32_4_max_dsp_1_U6068                                     | 3    |        | mul55_11         | fmul   | maxdsp  | 3       |
|     fmul_32ns_32ns_32_4_max_dsp_1_U6084                                     | 3    |        | mul58_11         | fmul   | maxdsp  | 3       |
|     fadd_32ns_32ns_32_5_full_dsp_1_U6052                                    | 2    |        | add61_11         | fadd   | fulldsp | 4       |
|     fsub_32ns_32ns_32_5_full_dsp_1_U6037                                    | 2    |        | sub54_12         | fsub   | fulldsp | 4       |
|     fmul_32ns_32ns_32_4_max_dsp_1_U6069                                     | 3    |        | mul55_12         | fmul   | maxdsp  | 3       |
|     fmul_32ns_32ns_32_4_max_dsp_1_U6085                                     | 3    |        | mul58_12         | fmul   | maxdsp  | 3       |
|     fadd_32ns_32ns_32_5_full_dsp_1_U6053                                    | 2    |        | add61_12         | fadd   | fulldsp | 4       |
|     fsub_32ns_32ns_32_5_full_dsp_1_U6038                                    | 2    |        | sub54_13         | fsub   | fulldsp | 4       |
|     fmul_32ns_32ns_32_4_max_dsp_1_U6070                                     | 3    |        | mul55_13         | fmul   | maxdsp  | 3       |
|     fmul_32ns_32ns_32_4_max_dsp_1_U6086                                     | 3    |        | mul58_13         | fmul   | maxdsp  | 3       |
|     fadd_32ns_32ns_32_5_full_dsp_1_U6054                                    | 2    |        | add61_13         | fadd   | fulldsp | 4       |
|     fsub_32ns_32ns_32_5_full_dsp_1_U6039                                    | 2    |        | sub54_14         | fsub   | fulldsp | 4       |
|     fmul_32ns_32ns_32_4_max_dsp_1_U6071                                     | 3    |        | mul55_14         | fmul   | maxdsp  | 3       |
|     fmul_32ns_32ns_32_4_max_dsp_1_U6087                                     | 3    |        | mul58_14         | fmul   | maxdsp  | 3       |
|     fadd_32ns_32ns_32_5_full_dsp_1_U6055                                    | 2    |        | add61_14         | fadd   | fulldsp | 4       |
|  + ffn_forward_hls                                                          | 1840 |        |                  |        |         |         |
|   + linear_hidden_to_ffn_parallel_hls                                       | 1840 |        |                  |        |         |         |
|     bias_base_fu_1907_p2                                                    | -    |        | bias_base        | sub    | fabric  | 0       |
|     add_ln110_fu_1945_p2                                                    | -    |        | add_ln110        | add    | fabric  | 0       |
|     add_ln112_fu_1962_p2                                                    | -    |        | add_ln112        | add    | fabric  | 0       |
|     add_ln43_fu_2057_p2                                                     | -    |        | add_ln43         | add    | fabric  | 0       |
|     add_ln20_fu_2069_p2                                                     | -    |        | add_ln20         | add    | fabric  | 0       |
|    + linear_hidden_to_ffn_parallel_hls_Pipeline_FFN1_LOAD_BIAS              | 0    |        |                  |        |         |         |
|      add_ln27_fu_304_p2                                                     | -    |        | add_ln27         | add    | fabric  | 0       |
|      sub_ln708_fu_362_p2                                                    | -    |        | sub_ln708        | sub    | fabric  | 0       |
|      sub_ln708_11_fu_374_p2                                                 | -    |        | sub_ln708_11     | sub    | fabric  | 0       |
|      sub_ln708_12_fu_404_p2                                                 | -    |        | sub_ln708_12     | sub    | fabric  | 0       |
|    + linear_hidden_to_ffn_parallel_hls_Pipeline_FFN1_INIT_TOKEN             | 0    |        |                  |        |         |         |
|      add_ln33_fu_236_p2                                                     | -    |        | add_ln33         | add    | fabric  | 0       |
|    + linear_hidden_to_ffn_parallel_hls_Pipeline_FFN1_STORE_TOKEN            | 1840 |        |                  |        |         |         |
|      add_ln75_fu_714_p2                                                     | -    |        | add_ln75         | add    | fabric  | 0       |
|      sub_ln80_fu_759_p2                                                     | -    |        | sub_ln80         | add    | tadder  | 0       |
|      add_ln80_fu_765_p2                                                     | -    |        | add_ln80         | add    | tadder  | 0       |
|     + generic_erf_float_s                                                   | 230  |        |                  |        |         |         |
|       fmul_32ns_32ns_32_4_max_dsp_1_U6936                                   | 3    |        | mul25            | fmul   | maxdsp  | 3       |
|       fdiv_32ns_32ns_32_10_no_dsp_1_U6981                                   | -    |        | s_2              | fdiv   | fabric  | 9       |
|       fmul_32ns_32ns_32_4_max_dsp_1_U6957                                   | 3    |        | s2_2             | fmul   | maxdsp  | 3       |
|       fmul_32ns_32ns_32_4_max_dsp_1_U6968                                   | 3    |        | s4_1             | fmul   | maxdsp  | 3       |
|       fmul_32ns_32ns_32_4_max_dsp_1_U6969                                   | 3    |        | s6_1             | fmul   | maxdsp  | 3       |
|       fmul_32ns_32ns_32_4_max_dsp_1_U6958                                   | 3    |        | mul26            | fmul   | maxdsp  | 3       |
|       fadd_32ns_32ns_32_5_full_dsp_1_U6911                                  | 2    |        | R1               | fadd   | fulldsp | 4       |
|       fmul_32ns_32ns_32_4_max_dsp_1_U6959                                   | 3    |        | mul27            | fmul   | maxdsp  | 3       |
|       fadd_32ns_32ns_32_5_full_dsp_1_U6912                                  | 2    |        | S1               | fadd   | fulldsp | 4       |
|       fmul_32ns_32ns_32_4_max_dsp_1_U6960                                   | 3    |        | mul28            | fmul   | maxdsp  | 3       |
|       fadd_32ns_32ns_32_5_full_dsp_1_U6913                                  | 2    |        | R2               | fadd   | fulldsp | 4       |
|       fmul_32ns_32ns_32_4_max_dsp_1_U6961                                   | 3    |        | mul29            | fmul   | maxdsp  | 3       |
|       fadd_32ns_32ns_32_5_full_dsp_1_U6914                                  | 2    |        | S2               | fadd   | fulldsp | 4       |
|       fmul_32ns_32ns_32_4_max_dsp_1_U6970                                   | 3    |        | s8               | fmul   | maxdsp  | 3       |
|       fmul_32ns_32ns_32_4_max_dsp_1_U6962                                   | 3    |        | mul30            | fmul   | maxdsp  | 3       |
|       fadd_32ns_32ns_32_5_full_dsp_1_U6915                                  | 2    |        | R3               | fadd   | fulldsp | 4       |
|       fmul_32ns_32ns_32_4_max_dsp_1_U6963                                   | 3    |        | mul31            | fmul   | maxdsp  | 3       |
|       fadd_32ns_32ns_32_5_full_dsp_1_U6916                                  | 2    |        | S3               | fadd   | fulldsp | 4       |
|       fmul_32ns_32ns_32_4_max_dsp_1_U6964                                   | 3    |        | mul32            | fmul   | maxdsp  | 3       |
|       fadd_32ns_32ns_32_5_full_dsp_1_U6917                                  | 2    |        | R4               | fadd   | fulldsp | 4       |
|       fmul_32ns_32ns_32_4_max_dsp_1_U6965                                   | 3    |        | mul33            | fmul   | maxdsp  | 3       |
|       fadd_32ns_32ns_32_5_full_dsp_1_U6918                                  | 2    |        | S4               | fadd   | fulldsp | 4       |
|       fmul_32ns_32ns_32_4_max_dsp_1_U6971                                   | 3    |        | mul34            | fmul   | maxdsp  | 3       |
|       fadd_32ns_32ns_32_5_full_dsp_1_U6923                                  | 2    |        | add10            | fadd   | fulldsp | 4       |
|       fmul_32ns_32ns_32_4_max_dsp_1_U6972                                   | 3    |        | mul35            | fmul   | maxdsp  | 3       |
|       fadd_32ns_32ns_32_5_full_dsp_1_U6927                                  | 2    |        | add11            | fadd   | fulldsp | 4       |
|       fmul_32ns_32ns_32_4_max_dsp_1_U6975                                   | 3    |        | mul36            | fmul   | maxdsp  | 3       |
|       fadd_32ns_32ns_32_5_full_dsp_1_U6929                                  | 2    |        | R                | fadd   | fulldsp | 4       |
|       fmul_32ns_32ns_32_4_max_dsp_1_U6973                                   | 3    |        | mul37            | fmul   | maxdsp  | 3       |
|       fadd_32ns_32ns_32_5_full_dsp_1_U6924                                  | 2    |        | add12            | fadd   | fulldsp | 4       |
|       fmul_32ns_32ns_32_4_max_dsp_1_U6974                                   | 3    |        | mul38            | fmul   | maxdsp  | 3       |
|       fadd_32ns_32ns_32_5_full_dsp_1_U6928                                  | 2    |        | add13            | fadd   | fulldsp | 4       |
|       fmul_32ns_32ns_32_4_max_dsp_1_U6976                                   | 3    |        | mul39            | fmul   | maxdsp  | 3       |
|       fadd_32ns_32ns_32_5_full_dsp_1_U6930                                  | 2    |        | add14            | fadd   | fulldsp | 4       |
|       fmul_32ns_32ns_32_4_max_dsp_1_U6977                                   | 3    |        | mul40            | fmul   | maxdsp  | 3       |
|       fadd_32ns_32ns_32_5_full_dsp_1_U6932                                  | 2    |        | S                | fadd   | fulldsp | 4       |
|       fmul_32ns_32ns_32_4_max_dsp_1_U6958                                   | 3    |        | mul41            | fmul   | maxdsp  | 3       |
|       fadd_32ns_32ns_32_5_full_dsp_1_U6911                                  | 2    |        | R1_1             | fadd   | fulldsp | 4       |
|       fmul_32ns_32ns_32_4_max_dsp_1_U6959                                   | 3    |        | mul42            | fmul   | maxdsp  | 3       |
|       fadd_32ns_32ns_32_5_full_dsp_1_U6912                                  | 2    |        | S1_1             | fadd   | fulldsp | 4       |
|       fmul_32ns_32ns_32_4_max_dsp_1_U6960                                   | 3    |        | mul43            | fmul   | maxdsp  | 3       |
|       fadd_32ns_32ns_32_5_full_dsp_1_U6913                                  | 2    |        | R2_1             | fadd   | fulldsp | 4       |
|       fmul_32ns_32ns_32_4_max_dsp_1_U6961                                   | 3    |        | mul44            | fmul   | maxdsp  | 3       |
|       fadd_32ns_32ns_32_5_full_dsp_1_U6914                                  | 2    |        | S2_1             | fadd   | fulldsp | 4       |
|       fmul_32ns_32ns_32_4_max_dsp_1_U6962                                   | 3    |        | mul45            | fmul   | maxdsp  | 3       |
|       fadd_32ns_32ns_32_5_full_dsp_1_U6915                                  | 2    |        | R3_1             | fadd   | fulldsp | 4       |
|       fmul_32ns_32ns_32_4_max_dsp_1_U6963                                   | 3    |        | mul46            | fmul   | maxdsp  | 3       |
|       fadd_32ns_32ns_32_5_full_dsp_1_U6916                                  | 2    |        | S3_1             | fadd   | fulldsp | 4       |
|       fmul_32ns_32ns_32_4_max_dsp_1_U6964                                   | 3    |        | mul47            | fmul   | maxdsp  | 3       |
|       fadd_32ns_32ns_32_5_full_dsp_1_U6917                                  | 2    |        | S4_1             | fadd   | fulldsp | 4       |
|       fmul_32ns_32ns_32_4_max_dsp_1_U6971                                   | 3    |        | mul48            | fmul   | maxdsp  | 3       |
|       fadd_32ns_32ns_32_5_full_dsp_1_U6923                                  | 2    |        | add15            | fadd   | fulldsp | 4       |
|       fmul_32ns_32ns_32_4_max_dsp_1_U6972                                   | 3    |        | mul49            | fmul   | maxdsp  | 3       |
|       fadd_32ns_32ns_32_5_full_dsp_1_U6927                                  | 2    |        | add16            | fadd   | fulldsp | 4       |
|       fmul_32ns_32ns_32_4_max_dsp_1_U6975                                   | 3    |        | mul50            | fmul   | maxdsp  | 3       |
|       fadd_32ns_32ns_32_5_full_dsp_1_U6929                                  | 2    |        | R_1              | fadd   | fulldsp | 4       |
|       fmul_32ns_32ns_32_4_max_dsp_1_U6973                                   | 3    |        | mul51            | fmul   | maxdsp  | 3       |
|       fadd_32ns_32ns_32_5_full_dsp_1_U6924                                  | 2    |        | add17            | fadd   | fulldsp | 4       |
|       fmul_32ns_32ns_32_4_max_dsp_1_U6974                                   | 3    |        | mul52            | fmul   | maxdsp  | 3       |
|       fadd_32ns_32ns_32_5_full_dsp_1_U6928                                  | 2    |        | add18            | fadd   | fulldsp | 4       |
|       fmul_32ns_32ns_32_4_max_dsp_1_U6976                                   | 3    |        | mul53            | fmul   | maxdsp  | 3       |
|       fadd_32ns_32ns_32_5_full_dsp_1_U6930                                  | 2    |        | S_1              | fadd   | fulldsp | 4       |
|       fmul_32ns_32ns_32_4_max_dsp_1_U6937                                   | 3    |        | mul54            | fmul   | maxdsp  | 3       |
|       fadd_32ns_32ns_32_5_full_dsp_1_U6896                                  | 2    |        | x_assign         | fadd   | fulldsp | 4       |
|       fexp_32ns_32ns_32_8_full_dsp_1_U6986                                  | 7    |        | tmp              | fexp   | fulldsp | 7       |
|       faddfsub_32ns_32ns_32_5_full_dsp_1_U6894                              | 2    |        | sub5             | fsub   | fulldsp | 4       |
|       fadd_32ns_32ns_32_5_full_dsp_1_U6895                                  | 2    |        | add19            | fadd   | fulldsp | 4       |
|       fmul_32ns_32ns_32_4_max_dsp_1_U6944                                   | 3    |        | mul55            | fmul   | maxdsp  | 3       |
|       fdiv_32ns_32ns_32_10_no_dsp_1_U6984                                   | -    |        | div4             | fdiv   | fabric  | 9       |
|       fadd_32ns_32ns_32_5_full_dsp_1_U6934                                  | 2    |        | x_assign_s       | fadd   | fulldsp | 4       |
|       fexp_32ns_32ns_32_8_full_dsp_1_U6987                                  | 7    |        | tmp_s            | fexp   | fulldsp | 7       |
|       fmul_32ns_32ns_32_4_max_dsp_1_U6979                                   | 3    |        | r_7              | fmul   | maxdsp  | 3       |
|       fdiv_32ns_32ns_32_10_no_dsp_1_U6985                                   | -    |        | div5             | fdiv   | fabric  | 9       |
|       faddfsub_32ns_32ns_32_5_full_dsp_1_U6935                              | 2    |        | sub6             | fsub   | fulldsp | 4       |
|       faddfsub_32ns_32ns_32_5_full_dsp_1_U6935                              | 2    |        | sub7             | fsub   | fulldsp | 4       |
|       faddfsub_32ns_32ns_32_5_full_dsp_1_U6894                              | 2    |        | s_1              | fsub   | fulldsp | 4       |
|       fmul_32ns_32ns_32_4_max_dsp_1_U6944                                   | 3    |        | mul13            | fmul   | maxdsp  | 3       |
|       fadd_32ns_32ns_32_5_full_dsp_1_U6902                                  | 2    |        | P1               | fadd   | fulldsp | 4       |
|       fmul_32ns_32ns_32_4_max_dsp_1_U6945                                   | 3    |        | s2_1             | fmul   | maxdsp  | 3       |
|       fmul_32ns_32ns_32_4_max_dsp_1_U6946                                   | 3    |        | mul14            | fmul   | maxdsp  | 3       |
|       fadd_32ns_32ns_32_5_full_dsp_1_U6903                                  | 2    |        | Q1               | fadd   | fulldsp | 4       |
|       fmul_32ns_32ns_32_4_max_dsp_1_U6952                                   | 3    |        | s4               | fmul   | maxdsp  | 3       |
|       fmul_32ns_32ns_32_4_max_dsp_1_U6947                                   | 3    |        | mul15            | fmul   | maxdsp  | 3       |
|       fadd_32ns_32ns_32_5_full_dsp_1_U6904                                  | 2    |        | P2               | fadd   | fulldsp | 4       |
|       fmul_32ns_32ns_32_4_max_dsp_1_U6954                                   | 3    |        | s6               | fmul   | maxdsp  | 3       |
|       fmul_32ns_32ns_32_4_max_dsp_1_U6948                                   | 3    |        | mul16            | fmul   | maxdsp  | 3       |
|       fadd_32ns_32ns_32_5_full_dsp_1_U6905                                  | 2    |        | Q2               | fadd   | fulldsp | 4       |
|       fmul_32ns_32ns_32_4_max_dsp_1_U6949                                   | 3    |        | mul17            | fmul   | maxdsp  | 3       |
|       fadd_32ns_32ns_32_5_full_dsp_1_U6906                                  | 2    |        | P3               | fadd   | fulldsp | 4       |
|       fmul_32ns_32ns_32_4_max_dsp_1_U6950                                   | 3    |        | mul18            | fmul   | maxdsp  | 3       |
|       fadd_32ns_32ns_32_5_full_dsp_1_U6907                                  | 2    |        | Q3               | fadd   | fulldsp | 4       |
|       fmul_32ns_32ns_32_4_max_dsp_1_U6957                                   | 3    |        | mul19            | fmul   | maxdsp  | 3       |
|       fadd_32ns_32ns_32_5_full_dsp_1_U6911                                  | 2    |        | add4             | fadd   | fulldsp | 4       |
|       fmul_32ns_32ns_32_4_max_dsp_1_U6958                                   | 3    |        | mul20            | fmul   | maxdsp  | 3       |
|       fadd_32ns_32ns_32_5_full_dsp_1_U6921                                  | 2    |        | add5             | fadd   | fulldsp | 4       |
|       fmul_32ns_32ns_32_4_max_dsp_1_U6966                                   | 3    |        | mul21            | fmul   | maxdsp  | 3       |
|       fadd_32ns_32ns_32_5_full_dsp_1_U6925                                  | 2    |        | P                | fadd   | fulldsp | 4       |
|       fmul_32ns_32ns_32_4_max_dsp_1_U6959                                   | 3    |        | mul22            | fmul   | maxdsp  | 3       |
|       fadd_32ns_32ns_32_5_full_dsp_1_U6912                                  | 2    |        | add7             | fadd   | fulldsp | 4       |
|       fmul_32ns_32ns_32_4_max_dsp_1_U6960                                   | 3    |        | mul23            | fmul   | maxdsp  | 3       |
|       fadd_32ns_32ns_32_5_full_dsp_1_U6922                                  | 2    |        | add8             | fadd   | fulldsp | 4       |
|       fmul_32ns_32ns_32_4_max_dsp_1_U6967                                   | 3    |        | mul24            | fmul   | maxdsp  | 3       |
|       fadd_32ns_32ns_32_5_full_dsp_1_U6926                                  | 2    |        | Q                | fadd   | fulldsp | 4       |
|       fdiv_32ns_32ns_32_10_no_dsp_1_U6983                                   | -    |        | div2             | fdiv   | fabric  | 9       |
|       faddfsub_32ns_32ns_32_5_full_dsp_1_U6933                              | 2    |        | add9             | fadd   | fulldsp | 4       |
|       faddfsub_32ns_32ns_32_5_full_dsp_1_U6933                              | 2    |        | sub2             | fadd   | fulldsp | 4       |
|       fmul_32ns_32ns_32_4_max_dsp_1_U6936                                   | 3    |        | z                | fmul   | maxdsp  | 3       |
|       fmul_32ns_32ns_32_4_max_dsp_1_U6938                                   | 3    |        | mul6             | fmul   | maxdsp  | 3       |
|       fadd_32ns_32ns_32_5_full_dsp_1_U6897                                  | 2    |        | r1               | fadd   | fulldsp | 4       |
|       fmul_32ns_32ns_32_4_max_dsp_1_U6939                                   | 3    |        | z2               | fmul   | maxdsp  | 3       |
|       fmul_32ns_32ns_32_4_max_dsp_1_U6940                                   | 3    |        | mul8             | fmul   | maxdsp  | 3       |
|       fadd_32ns_32ns_32_5_full_dsp_1_U6898                                  | 2    |        | r2               | fadd   | fulldsp | 4       |
|       fmul_32ns_32ns_32_4_max_dsp_1_U6951                                   | 3    |        | z4               | fmul   | maxdsp  | 3       |
|       fmul_32ns_32ns_32_4_max_dsp_1_U6941                                   | 3    |        | mul1             | fmul   | maxdsp  | 3       |
|       fadd_32ns_32ns_32_5_full_dsp_1_U6899                                  | 2    |        | s1               | fadd   | fulldsp | 4       |
|       fmul_32ns_32ns_32_4_max_dsp_1_U6942                                   | 3    |        | mul2             | fmul   | maxdsp  | 3       |
|       fadd_32ns_32ns_32_5_full_dsp_1_U6900                                  | 2    |        | s2               | fadd   | fulldsp | 4       |
|       fmul_32ns_32ns_32_4_max_dsp_1_U6943                                   | 3    |        | mul3             | fmul   | maxdsp  | 3       |
|       fadd_32ns_32ns_32_5_full_dsp_1_U6901                                  | 2    |        | s3               | fadd   | fulldsp | 4       |
|       fmul_32ns_32ns_32_4_max_dsp_1_U6954                                   | 3    |        | mul5             | fmul   | maxdsp  | 3       |
|       fadd_32ns_32ns_32_5_full_dsp_1_U6909                                  | 2    |        | add1             | fadd   | fulldsp | 4       |
|       fmul_32ns_32ns_32_4_max_dsp_1_U6953                                   | 3    |        | mul7             | fmul   | maxdsp  | 3       |
|       fadd_32ns_32ns_32_5_full_dsp_1_U6919                                  | 2    |        | r                | fadd   | fulldsp | 4       |
|       fmul_32ns_32ns_32_4_max_dsp_1_U6955                                   | 3    |        | mul10            | fmul   | maxdsp  | 3       |
|       fadd_32ns_32ns_32_5_full_dsp_1_U6910                                  | 2    |        | add2             | fadd   | fulldsp | 4       |
|       fmul_32ns_32ns_32_4_max_dsp_1_U6956                                   | 3    |        | mul11            | fmul   | maxdsp  | 3       |
|       fadd_32ns_32ns_32_5_full_dsp_1_U6920                                  | 2    |        | s                | fadd   | fulldsp | 4       |
|       fdiv_32ns_32ns_32_10_no_dsp_1_U6982                                   | -    |        | y                | fdiv   | fabric  | 9       |
|       fmul_32ns_32ns_32_4_max_dsp_1_U6978                                   | 3    |        | mul12            | fmul   | maxdsp  | 3       |
|       fadd_32ns_32ns_32_5_full_dsp_1_U6931                                  | 2    |        | add3             | fadd   | fulldsp | 4       |
|       fmul_32ns_32ns_32_4_max_dsp_1_U6936                                   | 3    |        | mul              | fmul   | maxdsp  | 3       |
|       fmul_32ns_32ns_32_4_max_dsp_1_U6937                                   | 3    |        | mul9             | fmul   | maxdsp  | 3       |
|       fadd_32ns_32ns_32_5_full_dsp_1_U6896                                  | 2    |        | add6             | fadd   | fulldsp | 4       |
|       fmul_32ns_32ns_32_4_max_dsp_1_U6952                                   | 3    |        | mul4             | fmul   | maxdsp  | 3       |
|       fdiv_32ns_32ns_32_10_no_dsp_1_U6980                                   | -    |        | div              | fdiv   | fabric  | 9       |
|       fadd_32ns_32ns_32_5_full_dsp_1_U6908                                  | 2    |        | sub              | fadd   | fulldsp | 4       |
|       fadd_32ns_32ns_32_5_full_dsp_1_U6908                                  | 2    |        | add              | fadd   | fulldsp | 4       |
|     + generic_erf_float_s                                                   | 230  |        |                  |        |         |         |
|       fmul_32ns_32ns_32_4_max_dsp_1_U6936                                   | 3    |        | mul25            | fmul   | maxdsp  | 3       |
|       fdiv_32ns_32ns_32_10_no_dsp_1_U6981                                   | -    |        | s_2              | fdiv   | fabric  | 9       |
|       fmul_32ns_32ns_32_4_max_dsp_1_U6957                                   | 3    |        | s2_2             | fmul   | maxdsp  | 3       |
|       fmul_32ns_32ns_32_4_max_dsp_1_U6968                                   | 3    |        | s4_1             | fmul   | maxdsp  | 3       |
|       fmul_32ns_32ns_32_4_max_dsp_1_U6969                                   | 3    |        | s6_1             | fmul   | maxdsp  | 3       |
|       fmul_32ns_32ns_32_4_max_dsp_1_U6958                                   | 3    |        | mul26            | fmul   | maxdsp  | 3       |
|       fadd_32ns_32ns_32_5_full_dsp_1_U6911                                  | 2    |        | R1               | fadd   | fulldsp | 4       |
|       fmul_32ns_32ns_32_4_max_dsp_1_U6959                                   | 3    |        | mul27            | fmul   | maxdsp  | 3       |
|       fadd_32ns_32ns_32_5_full_dsp_1_U6912                                  | 2    |        | S1               | fadd   | fulldsp | 4       |
|       fmul_32ns_32ns_32_4_max_dsp_1_U6960                                   | 3    |        | mul28            | fmul   | maxdsp  | 3       |
|       fadd_32ns_32ns_32_5_full_dsp_1_U6913                                  | 2    |        | R2               | fadd   | fulldsp | 4       |
|       fmul_32ns_32ns_32_4_max_dsp_1_U6961                                   | 3    |        | mul29            | fmul   | maxdsp  | 3       |
|       fadd_32ns_32ns_32_5_full_dsp_1_U6914                                  | 2    |        | S2               | fadd   | fulldsp | 4       |
|       fmul_32ns_32ns_32_4_max_dsp_1_U6970                                   | 3    |        | s8               | fmul   | maxdsp  | 3       |
|       fmul_32ns_32ns_32_4_max_dsp_1_U6962                                   | 3    |        | mul30            | fmul   | maxdsp  | 3       |
|       fadd_32ns_32ns_32_5_full_dsp_1_U6915                                  | 2    |        | R3               | fadd   | fulldsp | 4       |
|       fmul_32ns_32ns_32_4_max_dsp_1_U6963                                   | 3    |        | mul31            | fmul   | maxdsp  | 3       |
|       fadd_32ns_32ns_32_5_full_dsp_1_U6916                                  | 2    |        | S3               | fadd   | fulldsp | 4       |
|       fmul_32ns_32ns_32_4_max_dsp_1_U6964                                   | 3    |        | mul32            | fmul   | maxdsp  | 3       |
|       fadd_32ns_32ns_32_5_full_dsp_1_U6917                                  | 2    |        | R4               | fadd   | fulldsp | 4       |
|       fmul_32ns_32ns_32_4_max_dsp_1_U6965                                   | 3    |        | mul33            | fmul   | maxdsp  | 3       |
|       fadd_32ns_32ns_32_5_full_dsp_1_U6918                                  | 2    |        | S4               | fadd   | fulldsp | 4       |
|       fmul_32ns_32ns_32_4_max_dsp_1_U6971                                   | 3    |        | mul34            | fmul   | maxdsp  | 3       |
|       fadd_32ns_32ns_32_5_full_dsp_1_U6923                                  | 2    |        | add10            | fadd   | fulldsp | 4       |
|       fmul_32ns_32ns_32_4_max_dsp_1_U6972                                   | 3    |        | mul35            | fmul   | maxdsp  | 3       |
|       fadd_32ns_32ns_32_5_full_dsp_1_U6927                                  | 2    |        | add11            | fadd   | fulldsp | 4       |
|       fmul_32ns_32ns_32_4_max_dsp_1_U6975                                   | 3    |        | mul36            | fmul   | maxdsp  | 3       |
|       fadd_32ns_32ns_32_5_full_dsp_1_U6929                                  | 2    |        | R                | fadd   | fulldsp | 4       |
|       fmul_32ns_32ns_32_4_max_dsp_1_U6973                                   | 3    |        | mul37            | fmul   | maxdsp  | 3       |
|       fadd_32ns_32ns_32_5_full_dsp_1_U6924                                  | 2    |        | add12            | fadd   | fulldsp | 4       |
|       fmul_32ns_32ns_32_4_max_dsp_1_U6974                                   | 3    |        | mul38            | fmul   | maxdsp  | 3       |
|       fadd_32ns_32ns_32_5_full_dsp_1_U6928                                  | 2    |        | add13            | fadd   | fulldsp | 4       |
|       fmul_32ns_32ns_32_4_max_dsp_1_U6976                                   | 3    |        | mul39            | fmul   | maxdsp  | 3       |
|       fadd_32ns_32ns_32_5_full_dsp_1_U6930                                  | 2    |        | add14            | fadd   | fulldsp | 4       |
|       fmul_32ns_32ns_32_4_max_dsp_1_U6977                                   | 3    |        | mul40            | fmul   | maxdsp  | 3       |
|       fadd_32ns_32ns_32_5_full_dsp_1_U6932                                  | 2    |        | S                | fadd   | fulldsp | 4       |
|       fmul_32ns_32ns_32_4_max_dsp_1_U6958                                   | 3    |        | mul41            | fmul   | maxdsp  | 3       |
|       fadd_32ns_32ns_32_5_full_dsp_1_U6911                                  | 2    |        | R1_1             | fadd   | fulldsp | 4       |
|       fmul_32ns_32ns_32_4_max_dsp_1_U6959                                   | 3    |        | mul42            | fmul   | maxdsp  | 3       |
|       fadd_32ns_32ns_32_5_full_dsp_1_U6912                                  | 2    |        | S1_1             | fadd   | fulldsp | 4       |
|       fmul_32ns_32ns_32_4_max_dsp_1_U6960                                   | 3    |        | mul43            | fmul   | maxdsp  | 3       |
|       fadd_32ns_32ns_32_5_full_dsp_1_U6913                                  | 2    |        | R2_1             | fadd   | fulldsp | 4       |
|       fmul_32ns_32ns_32_4_max_dsp_1_U6961                                   | 3    |        | mul44            | fmul   | maxdsp  | 3       |
|       fadd_32ns_32ns_32_5_full_dsp_1_U6914                                  | 2    |        | S2_1             | fadd   | fulldsp | 4       |
|       fmul_32ns_32ns_32_4_max_dsp_1_U6962                                   | 3    |        | mul45            | fmul   | maxdsp  | 3       |
|       fadd_32ns_32ns_32_5_full_dsp_1_U6915                                  | 2    |        | R3_1             | fadd   | fulldsp | 4       |
|       fmul_32ns_32ns_32_4_max_dsp_1_U6963                                   | 3    |        | mul46            | fmul   | maxdsp  | 3       |
|       fadd_32ns_32ns_32_5_full_dsp_1_U6916                                  | 2    |        | S3_1             | fadd   | fulldsp | 4       |
|       fmul_32ns_32ns_32_4_max_dsp_1_U6964                                   | 3    |        | mul47            | fmul   | maxdsp  | 3       |
|       fadd_32ns_32ns_32_5_full_dsp_1_U6917                                  | 2    |        | S4_1             | fadd   | fulldsp | 4       |
|       fmul_32ns_32ns_32_4_max_dsp_1_U6971                                   | 3    |        | mul48            | fmul   | maxdsp  | 3       |
|       fadd_32ns_32ns_32_5_full_dsp_1_U6923                                  | 2    |        | add15            | fadd   | fulldsp | 4       |
|       fmul_32ns_32ns_32_4_max_dsp_1_U6972                                   | 3    |        | mul49            | fmul   | maxdsp  | 3       |
|       fadd_32ns_32ns_32_5_full_dsp_1_U6927                                  | 2    |        | add16            | fadd   | fulldsp | 4       |
|       fmul_32ns_32ns_32_4_max_dsp_1_U6975                                   | 3    |        | mul50            | fmul   | maxdsp  | 3       |
|       fadd_32ns_32ns_32_5_full_dsp_1_U6929                                  | 2    |        | R_1              | fadd   | fulldsp | 4       |
|       fmul_32ns_32ns_32_4_max_dsp_1_U6973                                   | 3    |        | mul51            | fmul   | maxdsp  | 3       |
|       fadd_32ns_32ns_32_5_full_dsp_1_U6924                                  | 2    |        | add17            | fadd   | fulldsp | 4       |
|       fmul_32ns_32ns_32_4_max_dsp_1_U6974                                   | 3    |        | mul52            | fmul   | maxdsp  | 3       |
|       fadd_32ns_32ns_32_5_full_dsp_1_U6928                                  | 2    |        | add18            | fadd   | fulldsp | 4       |
|       fmul_32ns_32ns_32_4_max_dsp_1_U6976                                   | 3    |        | mul53            | fmul   | maxdsp  | 3       |
|       fadd_32ns_32ns_32_5_full_dsp_1_U6930                                  | 2    |        | S_1              | fadd   | fulldsp | 4       |
|       fmul_32ns_32ns_32_4_max_dsp_1_U6937                                   | 3    |        | mul54            | fmul   | maxdsp  | 3       |
|       fadd_32ns_32ns_32_5_full_dsp_1_U6896                                  | 2    |        | x_assign         | fadd   | fulldsp | 4       |
|       fexp_32ns_32ns_32_8_full_dsp_1_U6986                                  | 7    |        | tmp              | fexp   | fulldsp | 7       |
|       faddfsub_32ns_32ns_32_5_full_dsp_1_U6894                              | 2    |        | sub5             | fsub   | fulldsp | 4       |
|       fadd_32ns_32ns_32_5_full_dsp_1_U6895                                  | 2    |        | add19            | fadd   | fulldsp | 4       |
|       fmul_32ns_32ns_32_4_max_dsp_1_U6944                                   | 3    |        | mul55            | fmul   | maxdsp  | 3       |
|       fdiv_32ns_32ns_32_10_no_dsp_1_U6984                                   | -    |        | div4             | fdiv   | fabric  | 9       |
|       fadd_32ns_32ns_32_5_full_dsp_1_U6934                                  | 2    |        | x_assign_s       | fadd   | fulldsp | 4       |
|       fexp_32ns_32ns_32_8_full_dsp_1_U6987                                  | 7    |        | tmp_s            | fexp   | fulldsp | 7       |
|       fmul_32ns_32ns_32_4_max_dsp_1_U6979                                   | 3    |        | r_7              | fmul   | maxdsp  | 3       |
|       fdiv_32ns_32ns_32_10_no_dsp_1_U6985                                   | -    |        | div5             | fdiv   | fabric  | 9       |
|       faddfsub_32ns_32ns_32_5_full_dsp_1_U6935                              | 2    |        | sub6             | fsub   | fulldsp | 4       |
|       faddfsub_32ns_32ns_32_5_full_dsp_1_U6935                              | 2    |        | sub7             | fsub   | fulldsp | 4       |
|       faddfsub_32ns_32ns_32_5_full_dsp_1_U6894                              | 2    |        | s_1              | fsub   | fulldsp | 4       |
|       fmul_32ns_32ns_32_4_max_dsp_1_U6944                                   | 3    |        | mul13            | fmul   | maxdsp  | 3       |
|       fadd_32ns_32ns_32_5_full_dsp_1_U6902                                  | 2    |        | P1               | fadd   | fulldsp | 4       |
|       fmul_32ns_32ns_32_4_max_dsp_1_U6945                                   | 3    |        | s2_1             | fmul   | maxdsp  | 3       |
|       fmul_32ns_32ns_32_4_max_dsp_1_U6946                                   | 3    |        | mul14            | fmul   | maxdsp  | 3       |
|       fadd_32ns_32ns_32_5_full_dsp_1_U6903                                  | 2    |        | Q1               | fadd   | fulldsp | 4       |
|       fmul_32ns_32ns_32_4_max_dsp_1_U6952                                   | 3    |        | s4               | fmul   | maxdsp  | 3       |
|       fmul_32ns_32ns_32_4_max_dsp_1_U6947                                   | 3    |        | mul15            | fmul   | maxdsp  | 3       |
|       fadd_32ns_32ns_32_5_full_dsp_1_U6904                                  | 2    |        | P2               | fadd   | fulldsp | 4       |
|       fmul_32ns_32ns_32_4_max_dsp_1_U6954                                   | 3    |        | s6               | fmul   | maxdsp  | 3       |
|       fmul_32ns_32ns_32_4_max_dsp_1_U6948                                   | 3    |        | mul16            | fmul   | maxdsp  | 3       |
|       fadd_32ns_32ns_32_5_full_dsp_1_U6905                                  | 2    |        | Q2               | fadd   | fulldsp | 4       |
|       fmul_32ns_32ns_32_4_max_dsp_1_U6949                                   | 3    |        | mul17            | fmul   | maxdsp  | 3       |
|       fadd_32ns_32ns_32_5_full_dsp_1_U6906                                  | 2    |        | P3               | fadd   | fulldsp | 4       |
|       fmul_32ns_32ns_32_4_max_dsp_1_U6950                                   | 3    |        | mul18            | fmul   | maxdsp  | 3       |
|       fadd_32ns_32ns_32_5_full_dsp_1_U6907                                  | 2    |        | Q3               | fadd   | fulldsp | 4       |
|       fmul_32ns_32ns_32_4_max_dsp_1_U6957                                   | 3    |        | mul19            | fmul   | maxdsp  | 3       |
|       fadd_32ns_32ns_32_5_full_dsp_1_U6911                                  | 2    |        | add4             | fadd   | fulldsp | 4       |
|       fmul_32ns_32ns_32_4_max_dsp_1_U6958                                   | 3    |        | mul20            | fmul   | maxdsp  | 3       |
|       fadd_32ns_32ns_32_5_full_dsp_1_U6921                                  | 2    |        | add5             | fadd   | fulldsp | 4       |
|       fmul_32ns_32ns_32_4_max_dsp_1_U6966                                   | 3    |        | mul21            | fmul   | maxdsp  | 3       |
|       fadd_32ns_32ns_32_5_full_dsp_1_U6925                                  | 2    |        | P                | fadd   | fulldsp | 4       |
|       fmul_32ns_32ns_32_4_max_dsp_1_U6959                                   | 3    |        | mul22            | fmul   | maxdsp  | 3       |
|       fadd_32ns_32ns_32_5_full_dsp_1_U6912                                  | 2    |        | add7             | fadd   | fulldsp | 4       |
|       fmul_32ns_32ns_32_4_max_dsp_1_U6960                                   | 3    |        | mul23            | fmul   | maxdsp  | 3       |
|       fadd_32ns_32ns_32_5_full_dsp_1_U6922                                  | 2    |        | add8             | fadd   | fulldsp | 4       |
|       fmul_32ns_32ns_32_4_max_dsp_1_U6967                                   | 3    |        | mul24            | fmul   | maxdsp  | 3       |
|       fadd_32ns_32ns_32_5_full_dsp_1_U6926                                  | 2    |        | Q                | fadd   | fulldsp | 4       |
|       fdiv_32ns_32ns_32_10_no_dsp_1_U6983                                   | -    |        | div2             | fdiv   | fabric  | 9       |
|       faddfsub_32ns_32ns_32_5_full_dsp_1_U6933                              | 2    |        | add9             | fadd   | fulldsp | 4       |
|       faddfsub_32ns_32ns_32_5_full_dsp_1_U6933                              | 2    |        | sub2             | fadd   | fulldsp | 4       |
|       fmul_32ns_32ns_32_4_max_dsp_1_U6936                                   | 3    |        | z                | fmul   | maxdsp  | 3       |
|       fmul_32ns_32ns_32_4_max_dsp_1_U6938                                   | 3    |        | mul6             | fmul   | maxdsp  | 3       |
|       fadd_32ns_32ns_32_5_full_dsp_1_U6897                                  | 2    |        | r1               | fadd   | fulldsp | 4       |
|       fmul_32ns_32ns_32_4_max_dsp_1_U6939                                   | 3    |        | z2               | fmul   | maxdsp  | 3       |
|       fmul_32ns_32ns_32_4_max_dsp_1_U6940                                   | 3    |        | mul8             | fmul   | maxdsp  | 3       |
|       fadd_32ns_32ns_32_5_full_dsp_1_U6898                                  | 2    |        | r2               | fadd   | fulldsp | 4       |
|       fmul_32ns_32ns_32_4_max_dsp_1_U6951                                   | 3    |        | z4               | fmul   | maxdsp  | 3       |
|       fmul_32ns_32ns_32_4_max_dsp_1_U6941                                   | 3    |        | mul1             | fmul   | maxdsp  | 3       |
|       fadd_32ns_32ns_32_5_full_dsp_1_U6899                                  | 2    |        | s1               | fadd   | fulldsp | 4       |
|       fmul_32ns_32ns_32_4_max_dsp_1_U6942                                   | 3    |        | mul2             | fmul   | maxdsp  | 3       |
|       fadd_32ns_32ns_32_5_full_dsp_1_U6900                                  | 2    |        | s2               | fadd   | fulldsp | 4       |
|       fmul_32ns_32ns_32_4_max_dsp_1_U6943                                   | 3    |        | mul3             | fmul   | maxdsp  | 3       |
|       fadd_32ns_32ns_32_5_full_dsp_1_U6901                                  | 2    |        | s3               | fadd   | fulldsp | 4       |
|       fmul_32ns_32ns_32_4_max_dsp_1_U6954                                   | 3    |        | mul5             | fmul   | maxdsp  | 3       |
|       fadd_32ns_32ns_32_5_full_dsp_1_U6909                                  | 2    |        | add1             | fadd   | fulldsp | 4       |
|       fmul_32ns_32ns_32_4_max_dsp_1_U6953                                   | 3    |        | mul7             | fmul   | maxdsp  | 3       |
|       fadd_32ns_32ns_32_5_full_dsp_1_U6919                                  | 2    |        | r                | fadd   | fulldsp | 4       |
|       fmul_32ns_32ns_32_4_max_dsp_1_U6955                                   | 3    |        | mul10            | fmul   | maxdsp  | 3       |
|       fadd_32ns_32ns_32_5_full_dsp_1_U6910                                  | 2    |        | add2             | fadd   | fulldsp | 4       |
|       fmul_32ns_32ns_32_4_max_dsp_1_U6956                                   | 3    |        | mul11            | fmul   | maxdsp  | 3       |
|       fadd_32ns_32ns_32_5_full_dsp_1_U6920                                  | 2    |        | s                | fadd   | fulldsp | 4       |
|       fdiv_32ns_32ns_32_10_no_dsp_1_U6982                                   | -    |        | y                | fdiv   | fabric  | 9       |
|       fmul_32ns_32ns_32_4_max_dsp_1_U6978                                   | 3    |        | mul12            | fmul   | maxdsp  | 3       |
|       fadd_32ns_32ns_32_5_full_dsp_1_U6931                                  | 2    |        | add3             | fadd   | fulldsp | 4       |
|       fmul_32ns_32ns_32_4_max_dsp_1_U6936                                   | 3    |        | mul              | fmul   | maxdsp  | 3       |
|       fmul_32ns_32ns_32_4_max_dsp_1_U6937                                   | 3    |        | mul9             | fmul   | maxdsp  | 3       |
|       fadd_32ns_32ns_32_5_full_dsp_1_U6896                                  | 2    |        | add6             | fadd   | fulldsp | 4       |
|       fmul_32ns_32ns_32_4_max_dsp_1_U6952                                   | 3    |        | mul4             | fmul   | maxdsp  | 3       |
|       fdiv_32ns_32ns_32_10_no_dsp_1_U6980                                   | -    |        | div              | fdiv   | fabric  | 9       |
|       fadd_32ns_32ns_32_5_full_dsp_1_U6908                                  | 2    |        | sub              | fadd   | fulldsp | 4       |
|       fadd_32ns_32ns_32_5_full_dsp_1_U6908                                  | 2    |        | add              | fadd   | fulldsp | 4       |
|     + generic_erf_float_s                                                   | 230  |        |                  |        |         |         |
|       fmul_32ns_32ns_32_4_max_dsp_1_U6936                                   | 3    |        | mul25            | fmul   | maxdsp  | 3       |
|       fdiv_32ns_32ns_32_10_no_dsp_1_U6981                                   | -    |        | s_2              | fdiv   | fabric  | 9       |
|       fmul_32ns_32ns_32_4_max_dsp_1_U6957                                   | 3    |        | s2_2             | fmul   | maxdsp  | 3       |
|       fmul_32ns_32ns_32_4_max_dsp_1_U6968                                   | 3    |        | s4_1             | fmul   | maxdsp  | 3       |
|       fmul_32ns_32ns_32_4_max_dsp_1_U6969                                   | 3    |        | s6_1             | fmul   | maxdsp  | 3       |
|       fmul_32ns_32ns_32_4_max_dsp_1_U6958                                   | 3    |        | mul26            | fmul   | maxdsp  | 3       |
|       fadd_32ns_32ns_32_5_full_dsp_1_U6911                                  | 2    |        | R1               | fadd   | fulldsp | 4       |
|       fmul_32ns_32ns_32_4_max_dsp_1_U6959                                   | 3    |        | mul27            | fmul   | maxdsp  | 3       |
|       fadd_32ns_32ns_32_5_full_dsp_1_U6912                                  | 2    |        | S1               | fadd   | fulldsp | 4       |
|       fmul_32ns_32ns_32_4_max_dsp_1_U6960                                   | 3    |        | mul28            | fmul   | maxdsp  | 3       |
|       fadd_32ns_32ns_32_5_full_dsp_1_U6913                                  | 2    |        | R2               | fadd   | fulldsp | 4       |
|       fmul_32ns_32ns_32_4_max_dsp_1_U6961                                   | 3    |        | mul29            | fmul   | maxdsp  | 3       |
|       fadd_32ns_32ns_32_5_full_dsp_1_U6914                                  | 2    |        | S2               | fadd   | fulldsp | 4       |
|       fmul_32ns_32ns_32_4_max_dsp_1_U6970                                   | 3    |        | s8               | fmul   | maxdsp  | 3       |
|       fmul_32ns_32ns_32_4_max_dsp_1_U6962                                   | 3    |        | mul30            | fmul   | maxdsp  | 3       |
|       fadd_32ns_32ns_32_5_full_dsp_1_U6915                                  | 2    |        | R3               | fadd   | fulldsp | 4       |
|       fmul_32ns_32ns_32_4_max_dsp_1_U6963                                   | 3    |        | mul31            | fmul   | maxdsp  | 3       |
|       fadd_32ns_32ns_32_5_full_dsp_1_U6916                                  | 2    |        | S3               | fadd   | fulldsp | 4       |
|       fmul_32ns_32ns_32_4_max_dsp_1_U6964                                   | 3    |        | mul32            | fmul   | maxdsp  | 3       |
|       fadd_32ns_32ns_32_5_full_dsp_1_U6917                                  | 2    |        | R4               | fadd   | fulldsp | 4       |
|       fmul_32ns_32ns_32_4_max_dsp_1_U6965                                   | 3    |        | mul33            | fmul   | maxdsp  | 3       |
|       fadd_32ns_32ns_32_5_full_dsp_1_U6918                                  | 2    |        | S4               | fadd   | fulldsp | 4       |
|       fmul_32ns_32ns_32_4_max_dsp_1_U6971                                   | 3    |        | mul34            | fmul   | maxdsp  | 3       |
|       fadd_32ns_32ns_32_5_full_dsp_1_U6923                                  | 2    |        | add10            | fadd   | fulldsp | 4       |
|       fmul_32ns_32ns_32_4_max_dsp_1_U6972                                   | 3    |        | mul35            | fmul   | maxdsp  | 3       |
|       fadd_32ns_32ns_32_5_full_dsp_1_U6927                                  | 2    |        | add11            | fadd   | fulldsp | 4       |
|       fmul_32ns_32ns_32_4_max_dsp_1_U6975                                   | 3    |        | mul36            | fmul   | maxdsp  | 3       |
|       fadd_32ns_32ns_32_5_full_dsp_1_U6929                                  | 2    |        | R                | fadd   | fulldsp | 4       |
|       fmul_32ns_32ns_32_4_max_dsp_1_U6973                                   | 3    |        | mul37            | fmul   | maxdsp  | 3       |
|       fadd_32ns_32ns_32_5_full_dsp_1_U6924                                  | 2    |        | add12            | fadd   | fulldsp | 4       |
|       fmul_32ns_32ns_32_4_max_dsp_1_U6974                                   | 3    |        | mul38            | fmul   | maxdsp  | 3       |
|       fadd_32ns_32ns_32_5_full_dsp_1_U6928                                  | 2    |        | add13            | fadd   | fulldsp | 4       |
|       fmul_32ns_32ns_32_4_max_dsp_1_U6976                                   | 3    |        | mul39            | fmul   | maxdsp  | 3       |
|       fadd_32ns_32ns_32_5_full_dsp_1_U6930                                  | 2    |        | add14            | fadd   | fulldsp | 4       |
|       fmul_32ns_32ns_32_4_max_dsp_1_U6977                                   | 3    |        | mul40            | fmul   | maxdsp  | 3       |
|       fadd_32ns_32ns_32_5_full_dsp_1_U6932                                  | 2    |        | S                | fadd   | fulldsp | 4       |
|       fmul_32ns_32ns_32_4_max_dsp_1_U6958                                   | 3    |        | mul41            | fmul   | maxdsp  | 3       |
|       fadd_32ns_32ns_32_5_full_dsp_1_U6911                                  | 2    |        | R1_1             | fadd   | fulldsp | 4       |
|       fmul_32ns_32ns_32_4_max_dsp_1_U6959                                   | 3    |        | mul42            | fmul   | maxdsp  | 3       |
|       fadd_32ns_32ns_32_5_full_dsp_1_U6912                                  | 2    |        | S1_1             | fadd   | fulldsp | 4       |
|       fmul_32ns_32ns_32_4_max_dsp_1_U6960                                   | 3    |        | mul43            | fmul   | maxdsp  | 3       |
|       fadd_32ns_32ns_32_5_full_dsp_1_U6913                                  | 2    |        | R2_1             | fadd   | fulldsp | 4       |
|       fmul_32ns_32ns_32_4_max_dsp_1_U6961                                   | 3    |        | mul44            | fmul   | maxdsp  | 3       |
|       fadd_32ns_32ns_32_5_full_dsp_1_U6914                                  | 2    |        | S2_1             | fadd   | fulldsp | 4       |
|       fmul_32ns_32ns_32_4_max_dsp_1_U6962                                   | 3    |        | mul45            | fmul   | maxdsp  | 3       |
|       fadd_32ns_32ns_32_5_full_dsp_1_U6915                                  | 2    |        | R3_1             | fadd   | fulldsp | 4       |
|       fmul_32ns_32ns_32_4_max_dsp_1_U6963                                   | 3    |        | mul46            | fmul   | maxdsp  | 3       |
|       fadd_32ns_32ns_32_5_full_dsp_1_U6916                                  | 2    |        | S3_1             | fadd   | fulldsp | 4       |
|       fmul_32ns_32ns_32_4_max_dsp_1_U6964                                   | 3    |        | mul47            | fmul   | maxdsp  | 3       |
|       fadd_32ns_32ns_32_5_full_dsp_1_U6917                                  | 2    |        | S4_1             | fadd   | fulldsp | 4       |
|       fmul_32ns_32ns_32_4_max_dsp_1_U6971                                   | 3    |        | mul48            | fmul   | maxdsp  | 3       |
|       fadd_32ns_32ns_32_5_full_dsp_1_U6923                                  | 2    |        | add15            | fadd   | fulldsp | 4       |
|       fmul_32ns_32ns_32_4_max_dsp_1_U6972                                   | 3    |        | mul49            | fmul   | maxdsp  | 3       |
|       fadd_32ns_32ns_32_5_full_dsp_1_U6927                                  | 2    |        | add16            | fadd   | fulldsp | 4       |
|       fmul_32ns_32ns_32_4_max_dsp_1_U6975                                   | 3    |        | mul50            | fmul   | maxdsp  | 3       |
|       fadd_32ns_32ns_32_5_full_dsp_1_U6929                                  | 2    |        | R_1              | fadd   | fulldsp | 4       |
|       fmul_32ns_32ns_32_4_max_dsp_1_U6973                                   | 3    |        | mul51            | fmul   | maxdsp  | 3       |
|       fadd_32ns_32ns_32_5_full_dsp_1_U6924                                  | 2    |        | add17            | fadd   | fulldsp | 4       |
|       fmul_32ns_32ns_32_4_max_dsp_1_U6974                                   | 3    |        | mul52            | fmul   | maxdsp  | 3       |
|       fadd_32ns_32ns_32_5_full_dsp_1_U6928                                  | 2    |        | add18            | fadd   | fulldsp | 4       |
|       fmul_32ns_32ns_32_4_max_dsp_1_U6976                                   | 3    |        | mul53            | fmul   | maxdsp  | 3       |
|       fadd_32ns_32ns_32_5_full_dsp_1_U6930                                  | 2    |        | S_1              | fadd   | fulldsp | 4       |
|       fmul_32ns_32ns_32_4_max_dsp_1_U6937                                   | 3    |        | mul54            | fmul   | maxdsp  | 3       |
|       fadd_32ns_32ns_32_5_full_dsp_1_U6896                                  | 2    |        | x_assign         | fadd   | fulldsp | 4       |
|       fexp_32ns_32ns_32_8_full_dsp_1_U6986                                  | 7    |        | tmp              | fexp   | fulldsp | 7       |
|       faddfsub_32ns_32ns_32_5_full_dsp_1_U6894                              | 2    |        | sub5             | fsub   | fulldsp | 4       |
|       fadd_32ns_32ns_32_5_full_dsp_1_U6895                                  | 2    |        | add19            | fadd   | fulldsp | 4       |
|       fmul_32ns_32ns_32_4_max_dsp_1_U6944                                   | 3    |        | mul55            | fmul   | maxdsp  | 3       |
|       fdiv_32ns_32ns_32_10_no_dsp_1_U6984                                   | -    |        | div4             | fdiv   | fabric  | 9       |
|       fadd_32ns_32ns_32_5_full_dsp_1_U6934                                  | 2    |        | x_assign_s       | fadd   | fulldsp | 4       |
|       fexp_32ns_32ns_32_8_full_dsp_1_U6987                                  | 7    |        | tmp_s            | fexp   | fulldsp | 7       |
|       fmul_32ns_32ns_32_4_max_dsp_1_U6979                                   | 3    |        | r_7              | fmul   | maxdsp  | 3       |
|       fdiv_32ns_32ns_32_10_no_dsp_1_U6985                                   | -    |        | div5             | fdiv   | fabric  | 9       |
|       faddfsub_32ns_32ns_32_5_full_dsp_1_U6935                              | 2    |        | sub6             | fsub   | fulldsp | 4       |
|       faddfsub_32ns_32ns_32_5_full_dsp_1_U6935                              | 2    |        | sub7             | fsub   | fulldsp | 4       |
|       faddfsub_32ns_32ns_32_5_full_dsp_1_U6894                              | 2    |        | s_1              | fsub   | fulldsp | 4       |
|       fmul_32ns_32ns_32_4_max_dsp_1_U6944                                   | 3    |        | mul13            | fmul   | maxdsp  | 3       |
|       fadd_32ns_32ns_32_5_full_dsp_1_U6902                                  | 2    |        | P1               | fadd   | fulldsp | 4       |
|       fmul_32ns_32ns_32_4_max_dsp_1_U6945                                   | 3    |        | s2_1             | fmul   | maxdsp  | 3       |
|       fmul_32ns_32ns_32_4_max_dsp_1_U6946                                   | 3    |        | mul14            | fmul   | maxdsp  | 3       |
|       fadd_32ns_32ns_32_5_full_dsp_1_U6903                                  | 2    |        | Q1               | fadd   | fulldsp | 4       |
|       fmul_32ns_32ns_32_4_max_dsp_1_U6952                                   | 3    |        | s4               | fmul   | maxdsp  | 3       |
|       fmul_32ns_32ns_32_4_max_dsp_1_U6947                                   | 3    |        | mul15            | fmul   | maxdsp  | 3       |
|       fadd_32ns_32ns_32_5_full_dsp_1_U6904                                  | 2    |        | P2               | fadd   | fulldsp | 4       |
|       fmul_32ns_32ns_32_4_max_dsp_1_U6954                                   | 3    |        | s6               | fmul   | maxdsp  | 3       |
|       fmul_32ns_32ns_32_4_max_dsp_1_U6948                                   | 3    |        | mul16            | fmul   | maxdsp  | 3       |
|       fadd_32ns_32ns_32_5_full_dsp_1_U6905                                  | 2    |        | Q2               | fadd   | fulldsp | 4       |
|       fmul_32ns_32ns_32_4_max_dsp_1_U6949                                   | 3    |        | mul17            | fmul   | maxdsp  | 3       |
|       fadd_32ns_32ns_32_5_full_dsp_1_U6906                                  | 2    |        | P3               | fadd   | fulldsp | 4       |
|       fmul_32ns_32ns_32_4_max_dsp_1_U6950                                   | 3    |        | mul18            | fmul   | maxdsp  | 3       |
|       fadd_32ns_32ns_32_5_full_dsp_1_U6907                                  | 2    |        | Q3               | fadd   | fulldsp | 4       |
|       fmul_32ns_32ns_32_4_max_dsp_1_U6957                                   | 3    |        | mul19            | fmul   | maxdsp  | 3       |
|       fadd_32ns_32ns_32_5_full_dsp_1_U6911                                  | 2    |        | add4             | fadd   | fulldsp | 4       |
|       fmul_32ns_32ns_32_4_max_dsp_1_U6958                                   | 3    |        | mul20            | fmul   | maxdsp  | 3       |
|       fadd_32ns_32ns_32_5_full_dsp_1_U6921                                  | 2    |        | add5             | fadd   | fulldsp | 4       |
|       fmul_32ns_32ns_32_4_max_dsp_1_U6966                                   | 3    |        | mul21            | fmul   | maxdsp  | 3       |
|       fadd_32ns_32ns_32_5_full_dsp_1_U6925                                  | 2    |        | P                | fadd   | fulldsp | 4       |
|       fmul_32ns_32ns_32_4_max_dsp_1_U6959                                   | 3    |        | mul22            | fmul   | maxdsp  | 3       |
|       fadd_32ns_32ns_32_5_full_dsp_1_U6912                                  | 2    |        | add7             | fadd   | fulldsp | 4       |
|       fmul_32ns_32ns_32_4_max_dsp_1_U6960                                   | 3    |        | mul23            | fmul   | maxdsp  | 3       |
|       fadd_32ns_32ns_32_5_full_dsp_1_U6922                                  | 2    |        | add8             | fadd   | fulldsp | 4       |
|       fmul_32ns_32ns_32_4_max_dsp_1_U6967                                   | 3    |        | mul24            | fmul   | maxdsp  | 3       |
|       fadd_32ns_32ns_32_5_full_dsp_1_U6926                                  | 2    |        | Q                | fadd   | fulldsp | 4       |
|       fdiv_32ns_32ns_32_10_no_dsp_1_U6983                                   | -    |        | div2             | fdiv   | fabric  | 9       |
|       faddfsub_32ns_32ns_32_5_full_dsp_1_U6933                              | 2    |        | add9             | fadd   | fulldsp | 4       |
|       faddfsub_32ns_32ns_32_5_full_dsp_1_U6933                              | 2    |        | sub2             | fadd   | fulldsp | 4       |
|       fmul_32ns_32ns_32_4_max_dsp_1_U6936                                   | 3    |        | z                | fmul   | maxdsp  | 3       |
|       fmul_32ns_32ns_32_4_max_dsp_1_U6938                                   | 3    |        | mul6             | fmul   | maxdsp  | 3       |
|       fadd_32ns_32ns_32_5_full_dsp_1_U6897                                  | 2    |        | r1               | fadd   | fulldsp | 4       |
|       fmul_32ns_32ns_32_4_max_dsp_1_U6939                                   | 3    |        | z2               | fmul   | maxdsp  | 3       |
|       fmul_32ns_32ns_32_4_max_dsp_1_U6940                                   | 3    |        | mul8             | fmul   | maxdsp  | 3       |
|       fadd_32ns_32ns_32_5_full_dsp_1_U6898                                  | 2    |        | r2               | fadd   | fulldsp | 4       |
|       fmul_32ns_32ns_32_4_max_dsp_1_U6951                                   | 3    |        | z4               | fmul   | maxdsp  | 3       |
|       fmul_32ns_32ns_32_4_max_dsp_1_U6941                                   | 3    |        | mul1             | fmul   | maxdsp  | 3       |
|       fadd_32ns_32ns_32_5_full_dsp_1_U6899                                  | 2    |        | s1               | fadd   | fulldsp | 4       |
|       fmul_32ns_32ns_32_4_max_dsp_1_U6942                                   | 3    |        | mul2             | fmul   | maxdsp  | 3       |
|       fadd_32ns_32ns_32_5_full_dsp_1_U6900                                  | 2    |        | s2               | fadd   | fulldsp | 4       |
|       fmul_32ns_32ns_32_4_max_dsp_1_U6943                                   | 3    |        | mul3             | fmul   | maxdsp  | 3       |
|       fadd_32ns_32ns_32_5_full_dsp_1_U6901                                  | 2    |        | s3               | fadd   | fulldsp | 4       |
|       fmul_32ns_32ns_32_4_max_dsp_1_U6954                                   | 3    |        | mul5             | fmul   | maxdsp  | 3       |
|       fadd_32ns_32ns_32_5_full_dsp_1_U6909                                  | 2    |        | add1             | fadd   | fulldsp | 4       |
|       fmul_32ns_32ns_32_4_max_dsp_1_U6953                                   | 3    |        | mul7             | fmul   | maxdsp  | 3       |
|       fadd_32ns_32ns_32_5_full_dsp_1_U6919                                  | 2    |        | r                | fadd   | fulldsp | 4       |
|       fmul_32ns_32ns_32_4_max_dsp_1_U6955                                   | 3    |        | mul10            | fmul   | maxdsp  | 3       |
|       fadd_32ns_32ns_32_5_full_dsp_1_U6910                                  | 2    |        | add2             | fadd   | fulldsp | 4       |
|       fmul_32ns_32ns_32_4_max_dsp_1_U6956                                   | 3    |        | mul11            | fmul   | maxdsp  | 3       |
|       fadd_32ns_32ns_32_5_full_dsp_1_U6920                                  | 2    |        | s                | fadd   | fulldsp | 4       |
|       fdiv_32ns_32ns_32_10_no_dsp_1_U6982                                   | -    |        | y                | fdiv   | fabric  | 9       |
|       fmul_32ns_32ns_32_4_max_dsp_1_U6978                                   | 3    |        | mul12            | fmul   | maxdsp  | 3       |
|       fadd_32ns_32ns_32_5_full_dsp_1_U6931                                  | 2    |        | add3             | fadd   | fulldsp | 4       |
|       fmul_32ns_32ns_32_4_max_dsp_1_U6936                                   | 3    |        | mul              | fmul   | maxdsp  | 3       |
|       fmul_32ns_32ns_32_4_max_dsp_1_U6937                                   | 3    |        | mul9             | fmul   | maxdsp  | 3       |
|       fadd_32ns_32ns_32_5_full_dsp_1_U6896                                  | 2    |        | add6             | fadd   | fulldsp | 4       |
|       fmul_32ns_32ns_32_4_max_dsp_1_U6952                                   | 3    |        | mul4             | fmul   | maxdsp  | 3       |
|       fdiv_32ns_32ns_32_10_no_dsp_1_U6980                                   | -    |        | div              | fdiv   | fabric  | 9       |
|       fadd_32ns_32ns_32_5_full_dsp_1_U6908                                  | 2    |        | sub              | fadd   | fulldsp | 4       |
|       fadd_32ns_32ns_32_5_full_dsp_1_U6908                                  | 2    |        | add              | fadd   | fulldsp | 4       |
|     + generic_erf_float_s                                                   | 230  |        |                  |        |         |         |
|       fmul_32ns_32ns_32_4_max_dsp_1_U6936                                   | 3    |        | mul25            | fmul   | maxdsp  | 3       |
|       fdiv_32ns_32ns_32_10_no_dsp_1_U6981                                   | -    |        | s_2              | fdiv   | fabric  | 9       |
|       fmul_32ns_32ns_32_4_max_dsp_1_U6957                                   | 3    |        | s2_2             | fmul   | maxdsp  | 3       |
|       fmul_32ns_32ns_32_4_max_dsp_1_U6968                                   | 3    |        | s4_1             | fmul   | maxdsp  | 3       |
|       fmul_32ns_32ns_32_4_max_dsp_1_U6969                                   | 3    |        | s6_1             | fmul   | maxdsp  | 3       |
|       fmul_32ns_32ns_32_4_max_dsp_1_U6958                                   | 3    |        | mul26            | fmul   | maxdsp  | 3       |
|       fadd_32ns_32ns_32_5_full_dsp_1_U6911                                  | 2    |        | R1               | fadd   | fulldsp | 4       |
|       fmul_32ns_32ns_32_4_max_dsp_1_U6959                                   | 3    |        | mul27            | fmul   | maxdsp  | 3       |
|       fadd_32ns_32ns_32_5_full_dsp_1_U6912                                  | 2    |        | S1               | fadd   | fulldsp | 4       |
|       fmul_32ns_32ns_32_4_max_dsp_1_U6960                                   | 3    |        | mul28            | fmul   | maxdsp  | 3       |
|       fadd_32ns_32ns_32_5_full_dsp_1_U6913                                  | 2    |        | R2               | fadd   | fulldsp | 4       |
|       fmul_32ns_32ns_32_4_max_dsp_1_U6961                                   | 3    |        | mul29            | fmul   | maxdsp  | 3       |
|       fadd_32ns_32ns_32_5_full_dsp_1_U6914                                  | 2    |        | S2               | fadd   | fulldsp | 4       |
|       fmul_32ns_32ns_32_4_max_dsp_1_U6970                                   | 3    |        | s8               | fmul   | maxdsp  | 3       |
|       fmul_32ns_32ns_32_4_max_dsp_1_U6962                                   | 3    |        | mul30            | fmul   | maxdsp  | 3       |
|       fadd_32ns_32ns_32_5_full_dsp_1_U6915                                  | 2    |        | R3               | fadd   | fulldsp | 4       |
|       fmul_32ns_32ns_32_4_max_dsp_1_U6963                                   | 3    |        | mul31            | fmul   | maxdsp  | 3       |
|       fadd_32ns_32ns_32_5_full_dsp_1_U6916                                  | 2    |        | S3               | fadd   | fulldsp | 4       |
|       fmul_32ns_32ns_32_4_max_dsp_1_U6964                                   | 3    |        | mul32            | fmul   | maxdsp  | 3       |
|       fadd_32ns_32ns_32_5_full_dsp_1_U6917                                  | 2    |        | R4               | fadd   | fulldsp | 4       |
|       fmul_32ns_32ns_32_4_max_dsp_1_U6965                                   | 3    |        | mul33            | fmul   | maxdsp  | 3       |
|       fadd_32ns_32ns_32_5_full_dsp_1_U6918                                  | 2    |        | S4               | fadd   | fulldsp | 4       |
|       fmul_32ns_32ns_32_4_max_dsp_1_U6971                                   | 3    |        | mul34            | fmul   | maxdsp  | 3       |
|       fadd_32ns_32ns_32_5_full_dsp_1_U6923                                  | 2    |        | add10            | fadd   | fulldsp | 4       |
|       fmul_32ns_32ns_32_4_max_dsp_1_U6972                                   | 3    |        | mul35            | fmul   | maxdsp  | 3       |
|       fadd_32ns_32ns_32_5_full_dsp_1_U6927                                  | 2    |        | add11            | fadd   | fulldsp | 4       |
|       fmul_32ns_32ns_32_4_max_dsp_1_U6975                                   | 3    |        | mul36            | fmul   | maxdsp  | 3       |
|       fadd_32ns_32ns_32_5_full_dsp_1_U6929                                  | 2    |        | R                | fadd   | fulldsp | 4       |
|       fmul_32ns_32ns_32_4_max_dsp_1_U6973                                   | 3    |        | mul37            | fmul   | maxdsp  | 3       |
|       fadd_32ns_32ns_32_5_full_dsp_1_U6924                                  | 2    |        | add12            | fadd   | fulldsp | 4       |
|       fmul_32ns_32ns_32_4_max_dsp_1_U6974                                   | 3    |        | mul38            | fmul   | maxdsp  | 3       |
|       fadd_32ns_32ns_32_5_full_dsp_1_U6928                                  | 2    |        | add13            | fadd   | fulldsp | 4       |
|       fmul_32ns_32ns_32_4_max_dsp_1_U6976                                   | 3    |        | mul39            | fmul   | maxdsp  | 3       |
|       fadd_32ns_32ns_32_5_full_dsp_1_U6930                                  | 2    |        | add14            | fadd   | fulldsp | 4       |
|       fmul_32ns_32ns_32_4_max_dsp_1_U6977                                   | 3    |        | mul40            | fmul   | maxdsp  | 3       |
|       fadd_32ns_32ns_32_5_full_dsp_1_U6932                                  | 2    |        | S                | fadd   | fulldsp | 4       |
|       fmul_32ns_32ns_32_4_max_dsp_1_U6958                                   | 3    |        | mul41            | fmul   | maxdsp  | 3       |
|       fadd_32ns_32ns_32_5_full_dsp_1_U6911                                  | 2    |        | R1_1             | fadd   | fulldsp | 4       |
|       fmul_32ns_32ns_32_4_max_dsp_1_U6959                                   | 3    |        | mul42            | fmul   | maxdsp  | 3       |
|       fadd_32ns_32ns_32_5_full_dsp_1_U6912                                  | 2    |        | S1_1             | fadd   | fulldsp | 4       |
|       fmul_32ns_32ns_32_4_max_dsp_1_U6960                                   | 3    |        | mul43            | fmul   | maxdsp  | 3       |
|       fadd_32ns_32ns_32_5_full_dsp_1_U6913                                  | 2    |        | R2_1             | fadd   | fulldsp | 4       |
|       fmul_32ns_32ns_32_4_max_dsp_1_U6961                                   | 3    |        | mul44            | fmul   | maxdsp  | 3       |
|       fadd_32ns_32ns_32_5_full_dsp_1_U6914                                  | 2    |        | S2_1             | fadd   | fulldsp | 4       |
|       fmul_32ns_32ns_32_4_max_dsp_1_U6962                                   | 3    |        | mul45            | fmul   | maxdsp  | 3       |
|       fadd_32ns_32ns_32_5_full_dsp_1_U6915                                  | 2    |        | R3_1             | fadd   | fulldsp | 4       |
|       fmul_32ns_32ns_32_4_max_dsp_1_U6963                                   | 3    |        | mul46            | fmul   | maxdsp  | 3       |
|       fadd_32ns_32ns_32_5_full_dsp_1_U6916                                  | 2    |        | S3_1             | fadd   | fulldsp | 4       |
|       fmul_32ns_32ns_32_4_max_dsp_1_U6964                                   | 3    |        | mul47            | fmul   | maxdsp  | 3       |
|       fadd_32ns_32ns_32_5_full_dsp_1_U6917                                  | 2    |        | S4_1             | fadd   | fulldsp | 4       |
|       fmul_32ns_32ns_32_4_max_dsp_1_U6971                                   | 3    |        | mul48            | fmul   | maxdsp  | 3       |
|       fadd_32ns_32ns_32_5_full_dsp_1_U6923                                  | 2    |        | add15            | fadd   | fulldsp | 4       |
|       fmul_32ns_32ns_32_4_max_dsp_1_U6972                                   | 3    |        | mul49            | fmul   | maxdsp  | 3       |
|       fadd_32ns_32ns_32_5_full_dsp_1_U6927                                  | 2    |        | add16            | fadd   | fulldsp | 4       |
|       fmul_32ns_32ns_32_4_max_dsp_1_U6975                                   | 3    |        | mul50            | fmul   | maxdsp  | 3       |
|       fadd_32ns_32ns_32_5_full_dsp_1_U6929                                  | 2    |        | R_1              | fadd   | fulldsp | 4       |
|       fmul_32ns_32ns_32_4_max_dsp_1_U6973                                   | 3    |        | mul51            | fmul   | maxdsp  | 3       |
|       fadd_32ns_32ns_32_5_full_dsp_1_U6924                                  | 2    |        | add17            | fadd   | fulldsp | 4       |
|       fmul_32ns_32ns_32_4_max_dsp_1_U6974                                   | 3    |        | mul52            | fmul   | maxdsp  | 3       |
|       fadd_32ns_32ns_32_5_full_dsp_1_U6928                                  | 2    |        | add18            | fadd   | fulldsp | 4       |
|       fmul_32ns_32ns_32_4_max_dsp_1_U6976                                   | 3    |        | mul53            | fmul   | maxdsp  | 3       |
|       fadd_32ns_32ns_32_5_full_dsp_1_U6930                                  | 2    |        | S_1              | fadd   | fulldsp | 4       |
|       fmul_32ns_32ns_32_4_max_dsp_1_U6937                                   | 3    |        | mul54            | fmul   | maxdsp  | 3       |
|       fadd_32ns_32ns_32_5_full_dsp_1_U6896                                  | 2    |        | x_assign         | fadd   | fulldsp | 4       |
|       fexp_32ns_32ns_32_8_full_dsp_1_U6986                                  | 7    |        | tmp              | fexp   | fulldsp | 7       |
|       faddfsub_32ns_32ns_32_5_full_dsp_1_U6894                              | 2    |        | sub5             | fsub   | fulldsp | 4       |
|       fadd_32ns_32ns_32_5_full_dsp_1_U6895                                  | 2    |        | add19            | fadd   | fulldsp | 4       |
|       fmul_32ns_32ns_32_4_max_dsp_1_U6944                                   | 3    |        | mul55            | fmul   | maxdsp  | 3       |
|       fdiv_32ns_32ns_32_10_no_dsp_1_U6984                                   | -    |        | div4             | fdiv   | fabric  | 9       |
|       fadd_32ns_32ns_32_5_full_dsp_1_U6934                                  | 2    |        | x_assign_s       | fadd   | fulldsp | 4       |
|       fexp_32ns_32ns_32_8_full_dsp_1_U6987                                  | 7    |        | tmp_s            | fexp   | fulldsp | 7       |
|       fmul_32ns_32ns_32_4_max_dsp_1_U6979                                   | 3    |        | r_7              | fmul   | maxdsp  | 3       |
|       fdiv_32ns_32ns_32_10_no_dsp_1_U6985                                   | -    |        | div5             | fdiv   | fabric  | 9       |
|       faddfsub_32ns_32ns_32_5_full_dsp_1_U6935                              | 2    |        | sub6             | fsub   | fulldsp | 4       |
|       faddfsub_32ns_32ns_32_5_full_dsp_1_U6935                              | 2    |        | sub7             | fsub   | fulldsp | 4       |
|       faddfsub_32ns_32ns_32_5_full_dsp_1_U6894                              | 2    |        | s_1              | fsub   | fulldsp | 4       |
|       fmul_32ns_32ns_32_4_max_dsp_1_U6944                                   | 3    |        | mul13            | fmul   | maxdsp  | 3       |
|       fadd_32ns_32ns_32_5_full_dsp_1_U6902                                  | 2    |        | P1               | fadd   | fulldsp | 4       |
|       fmul_32ns_32ns_32_4_max_dsp_1_U6945                                   | 3    |        | s2_1             | fmul   | maxdsp  | 3       |
|       fmul_32ns_32ns_32_4_max_dsp_1_U6946                                   | 3    |        | mul14            | fmul   | maxdsp  | 3       |
|       fadd_32ns_32ns_32_5_full_dsp_1_U6903                                  | 2    |        | Q1               | fadd   | fulldsp | 4       |
|       fmul_32ns_32ns_32_4_max_dsp_1_U6952                                   | 3    |        | s4               | fmul   | maxdsp  | 3       |
|       fmul_32ns_32ns_32_4_max_dsp_1_U6947                                   | 3    |        | mul15            | fmul   | maxdsp  | 3       |
|       fadd_32ns_32ns_32_5_full_dsp_1_U6904                                  | 2    |        | P2               | fadd   | fulldsp | 4       |
|       fmul_32ns_32ns_32_4_max_dsp_1_U6954                                   | 3    |        | s6               | fmul   | maxdsp  | 3       |
|       fmul_32ns_32ns_32_4_max_dsp_1_U6948                                   | 3    |        | mul16            | fmul   | maxdsp  | 3       |
|       fadd_32ns_32ns_32_5_full_dsp_1_U6905                                  | 2    |        | Q2               | fadd   | fulldsp | 4       |
|       fmul_32ns_32ns_32_4_max_dsp_1_U6949                                   | 3    |        | mul17            | fmul   | maxdsp  | 3       |
|       fadd_32ns_32ns_32_5_full_dsp_1_U6906                                  | 2    |        | P3               | fadd   | fulldsp | 4       |
|       fmul_32ns_32ns_32_4_max_dsp_1_U6950                                   | 3    |        | mul18            | fmul   | maxdsp  | 3       |
|       fadd_32ns_32ns_32_5_full_dsp_1_U6907                                  | 2    |        | Q3               | fadd   | fulldsp | 4       |
|       fmul_32ns_32ns_32_4_max_dsp_1_U6957                                   | 3    |        | mul19            | fmul   | maxdsp  | 3       |
|       fadd_32ns_32ns_32_5_full_dsp_1_U6911                                  | 2    |        | add4             | fadd   | fulldsp | 4       |
|       fmul_32ns_32ns_32_4_max_dsp_1_U6958                                   | 3    |        | mul20            | fmul   | maxdsp  | 3       |
|       fadd_32ns_32ns_32_5_full_dsp_1_U6921                                  | 2    |        | add5             | fadd   | fulldsp | 4       |
|       fmul_32ns_32ns_32_4_max_dsp_1_U6966                                   | 3    |        | mul21            | fmul   | maxdsp  | 3       |
|       fadd_32ns_32ns_32_5_full_dsp_1_U6925                                  | 2    |        | P                | fadd   | fulldsp | 4       |
|       fmul_32ns_32ns_32_4_max_dsp_1_U6959                                   | 3    |        | mul22            | fmul   | maxdsp  | 3       |
|       fadd_32ns_32ns_32_5_full_dsp_1_U6912                                  | 2    |        | add7             | fadd   | fulldsp | 4       |
|       fmul_32ns_32ns_32_4_max_dsp_1_U6960                                   | 3    |        | mul23            | fmul   | maxdsp  | 3       |
|       fadd_32ns_32ns_32_5_full_dsp_1_U6922                                  | 2    |        | add8             | fadd   | fulldsp | 4       |
|       fmul_32ns_32ns_32_4_max_dsp_1_U6967                                   | 3    |        | mul24            | fmul   | maxdsp  | 3       |
|       fadd_32ns_32ns_32_5_full_dsp_1_U6926                                  | 2    |        | Q                | fadd   | fulldsp | 4       |
|       fdiv_32ns_32ns_32_10_no_dsp_1_U6983                                   | -    |        | div2             | fdiv   | fabric  | 9       |
|       faddfsub_32ns_32ns_32_5_full_dsp_1_U6933                              | 2    |        | add9             | fadd   | fulldsp | 4       |
|       faddfsub_32ns_32ns_32_5_full_dsp_1_U6933                              | 2    |        | sub2             | fadd   | fulldsp | 4       |
|       fmul_32ns_32ns_32_4_max_dsp_1_U6936                                   | 3    |        | z                | fmul   | maxdsp  | 3       |
|       fmul_32ns_32ns_32_4_max_dsp_1_U6938                                   | 3    |        | mul6             | fmul   | maxdsp  | 3       |
|       fadd_32ns_32ns_32_5_full_dsp_1_U6897                                  | 2    |        | r1               | fadd   | fulldsp | 4       |
|       fmul_32ns_32ns_32_4_max_dsp_1_U6939                                   | 3    |        | z2               | fmul   | maxdsp  | 3       |
|       fmul_32ns_32ns_32_4_max_dsp_1_U6940                                   | 3    |        | mul8             | fmul   | maxdsp  | 3       |
|       fadd_32ns_32ns_32_5_full_dsp_1_U6898                                  | 2    |        | r2               | fadd   | fulldsp | 4       |
|       fmul_32ns_32ns_32_4_max_dsp_1_U6951                                   | 3    |        | z4               | fmul   | maxdsp  | 3       |
|       fmul_32ns_32ns_32_4_max_dsp_1_U6941                                   | 3    |        | mul1             | fmul   | maxdsp  | 3       |
|       fadd_32ns_32ns_32_5_full_dsp_1_U6899                                  | 2    |        | s1               | fadd   | fulldsp | 4       |
|       fmul_32ns_32ns_32_4_max_dsp_1_U6942                                   | 3    |        | mul2             | fmul   | maxdsp  | 3       |
|       fadd_32ns_32ns_32_5_full_dsp_1_U6900                                  | 2    |        | s2               | fadd   | fulldsp | 4       |
|       fmul_32ns_32ns_32_4_max_dsp_1_U6943                                   | 3    |        | mul3             | fmul   | maxdsp  | 3       |
|       fadd_32ns_32ns_32_5_full_dsp_1_U6901                                  | 2    |        | s3               | fadd   | fulldsp | 4       |
|       fmul_32ns_32ns_32_4_max_dsp_1_U6954                                   | 3    |        | mul5             | fmul   | maxdsp  | 3       |
|       fadd_32ns_32ns_32_5_full_dsp_1_U6909                                  | 2    |        | add1             | fadd   | fulldsp | 4       |
|       fmul_32ns_32ns_32_4_max_dsp_1_U6953                                   | 3    |        | mul7             | fmul   | maxdsp  | 3       |
|       fadd_32ns_32ns_32_5_full_dsp_1_U6919                                  | 2    |        | r                | fadd   | fulldsp | 4       |
|       fmul_32ns_32ns_32_4_max_dsp_1_U6955                                   | 3    |        | mul10            | fmul   | maxdsp  | 3       |
|       fadd_32ns_32ns_32_5_full_dsp_1_U6910                                  | 2    |        | add2             | fadd   | fulldsp | 4       |
|       fmul_32ns_32ns_32_4_max_dsp_1_U6956                                   | 3    |        | mul11            | fmul   | maxdsp  | 3       |
|       fadd_32ns_32ns_32_5_full_dsp_1_U6920                                  | 2    |        | s                | fadd   | fulldsp | 4       |
|       fdiv_32ns_32ns_32_10_no_dsp_1_U6982                                   | -    |        | y                | fdiv   | fabric  | 9       |
|       fmul_32ns_32ns_32_4_max_dsp_1_U6978                                   | 3    |        | mul12            | fmul   | maxdsp  | 3       |
|       fadd_32ns_32ns_32_5_full_dsp_1_U6931                                  | 2    |        | add3             | fadd   | fulldsp | 4       |
|       fmul_32ns_32ns_32_4_max_dsp_1_U6936                                   | 3    |        | mul              | fmul   | maxdsp  | 3       |
|       fmul_32ns_32ns_32_4_max_dsp_1_U6937                                   | 3    |        | mul9             | fmul   | maxdsp  | 3       |
|       fadd_32ns_32ns_32_5_full_dsp_1_U6896                                  | 2    |        | add6             | fadd   | fulldsp | 4       |
|       fmul_32ns_32ns_32_4_max_dsp_1_U6952                                   | 3    |        | mul4             | fmul   | maxdsp  | 3       |
|       fdiv_32ns_32ns_32_10_no_dsp_1_U6980                                   | -    |        | div              | fdiv   | fabric  | 9       |
|       fadd_32ns_32ns_32_5_full_dsp_1_U6908                                  | 2    |        | sub              | fadd   | fulldsp | 4       |
|       fadd_32ns_32ns_32_5_full_dsp_1_U6908                                  | 2    |        | add              | fadd   | fulldsp | 4       |
|     + generic_erf_float_s                                                   | 230  |        |                  |        |         |         |
|       fmul_32ns_32ns_32_4_max_dsp_1_U6936                                   | 3    |        | mul25            | fmul   | maxdsp  | 3       |
|       fdiv_32ns_32ns_32_10_no_dsp_1_U6981                                   | -    |        | s_2              | fdiv   | fabric  | 9       |
|       fmul_32ns_32ns_32_4_max_dsp_1_U6957                                   | 3    |        | s2_2             | fmul   | maxdsp  | 3       |
|       fmul_32ns_32ns_32_4_max_dsp_1_U6968                                   | 3    |        | s4_1             | fmul   | maxdsp  | 3       |
|       fmul_32ns_32ns_32_4_max_dsp_1_U6969                                   | 3    |        | s6_1             | fmul   | maxdsp  | 3       |
|       fmul_32ns_32ns_32_4_max_dsp_1_U6958                                   | 3    |        | mul26            | fmul   | maxdsp  | 3       |
|       fadd_32ns_32ns_32_5_full_dsp_1_U6911                                  | 2    |        | R1               | fadd   | fulldsp | 4       |
|       fmul_32ns_32ns_32_4_max_dsp_1_U6959                                   | 3    |        | mul27            | fmul   | maxdsp  | 3       |
|       fadd_32ns_32ns_32_5_full_dsp_1_U6912                                  | 2    |        | S1               | fadd   | fulldsp | 4       |
|       fmul_32ns_32ns_32_4_max_dsp_1_U6960                                   | 3    |        | mul28            | fmul   | maxdsp  | 3       |
|       fadd_32ns_32ns_32_5_full_dsp_1_U6913                                  | 2    |        | R2               | fadd   | fulldsp | 4       |
|       fmul_32ns_32ns_32_4_max_dsp_1_U6961                                   | 3    |        | mul29            | fmul   | maxdsp  | 3       |
|       fadd_32ns_32ns_32_5_full_dsp_1_U6914                                  | 2    |        | S2               | fadd   | fulldsp | 4       |
|       fmul_32ns_32ns_32_4_max_dsp_1_U6970                                   | 3    |        | s8               | fmul   | maxdsp  | 3       |
|       fmul_32ns_32ns_32_4_max_dsp_1_U6962                                   | 3    |        | mul30            | fmul   | maxdsp  | 3       |
|       fadd_32ns_32ns_32_5_full_dsp_1_U6915                                  | 2    |        | R3               | fadd   | fulldsp | 4       |
|       fmul_32ns_32ns_32_4_max_dsp_1_U6963                                   | 3    |        | mul31            | fmul   | maxdsp  | 3       |
|       fadd_32ns_32ns_32_5_full_dsp_1_U6916                                  | 2    |        | S3               | fadd   | fulldsp | 4       |
|       fmul_32ns_32ns_32_4_max_dsp_1_U6964                                   | 3    |        | mul32            | fmul   | maxdsp  | 3       |
|       fadd_32ns_32ns_32_5_full_dsp_1_U6917                                  | 2    |        | R4               | fadd   | fulldsp | 4       |
|       fmul_32ns_32ns_32_4_max_dsp_1_U6965                                   | 3    |        | mul33            | fmul   | maxdsp  | 3       |
|       fadd_32ns_32ns_32_5_full_dsp_1_U6918                                  | 2    |        | S4               | fadd   | fulldsp | 4       |
|       fmul_32ns_32ns_32_4_max_dsp_1_U6971                                   | 3    |        | mul34            | fmul   | maxdsp  | 3       |
|       fadd_32ns_32ns_32_5_full_dsp_1_U6923                                  | 2    |        | add10            | fadd   | fulldsp | 4       |
|       fmul_32ns_32ns_32_4_max_dsp_1_U6972                                   | 3    |        | mul35            | fmul   | maxdsp  | 3       |
|       fadd_32ns_32ns_32_5_full_dsp_1_U6927                                  | 2    |        | add11            | fadd   | fulldsp | 4       |
|       fmul_32ns_32ns_32_4_max_dsp_1_U6975                                   | 3    |        | mul36            | fmul   | maxdsp  | 3       |
|       fadd_32ns_32ns_32_5_full_dsp_1_U6929                                  | 2    |        | R                | fadd   | fulldsp | 4       |
|       fmul_32ns_32ns_32_4_max_dsp_1_U6973                                   | 3    |        | mul37            | fmul   | maxdsp  | 3       |
|       fadd_32ns_32ns_32_5_full_dsp_1_U6924                                  | 2    |        | add12            | fadd   | fulldsp | 4       |
|       fmul_32ns_32ns_32_4_max_dsp_1_U6974                                   | 3    |        | mul38            | fmul   | maxdsp  | 3       |
|       fadd_32ns_32ns_32_5_full_dsp_1_U6928                                  | 2    |        | add13            | fadd   | fulldsp | 4       |
|       fmul_32ns_32ns_32_4_max_dsp_1_U6976                                   | 3    |        | mul39            | fmul   | maxdsp  | 3       |
|       fadd_32ns_32ns_32_5_full_dsp_1_U6930                                  | 2    |        | add14            | fadd   | fulldsp | 4       |
|       fmul_32ns_32ns_32_4_max_dsp_1_U6977                                   | 3    |        | mul40            | fmul   | maxdsp  | 3       |
|       fadd_32ns_32ns_32_5_full_dsp_1_U6932                                  | 2    |        | S                | fadd   | fulldsp | 4       |
|       fmul_32ns_32ns_32_4_max_dsp_1_U6958                                   | 3    |        | mul41            | fmul   | maxdsp  | 3       |
|       fadd_32ns_32ns_32_5_full_dsp_1_U6911                                  | 2    |        | R1_1             | fadd   | fulldsp | 4       |
|       fmul_32ns_32ns_32_4_max_dsp_1_U6959                                   | 3    |        | mul42            | fmul   | maxdsp  | 3       |
|       fadd_32ns_32ns_32_5_full_dsp_1_U6912                                  | 2    |        | S1_1             | fadd   | fulldsp | 4       |
|       fmul_32ns_32ns_32_4_max_dsp_1_U6960                                   | 3    |        | mul43            | fmul   | maxdsp  | 3       |
|       fadd_32ns_32ns_32_5_full_dsp_1_U6913                                  | 2    |        | R2_1             | fadd   | fulldsp | 4       |
|       fmul_32ns_32ns_32_4_max_dsp_1_U6961                                   | 3    |        | mul44            | fmul   | maxdsp  | 3       |
|       fadd_32ns_32ns_32_5_full_dsp_1_U6914                                  | 2    |        | S2_1             | fadd   | fulldsp | 4       |
|       fmul_32ns_32ns_32_4_max_dsp_1_U6962                                   | 3    |        | mul45            | fmul   | maxdsp  | 3       |
|       fadd_32ns_32ns_32_5_full_dsp_1_U6915                                  | 2    |        | R3_1             | fadd   | fulldsp | 4       |
|       fmul_32ns_32ns_32_4_max_dsp_1_U6963                                   | 3    |        | mul46            | fmul   | maxdsp  | 3       |
|       fadd_32ns_32ns_32_5_full_dsp_1_U6916                                  | 2    |        | S3_1             | fadd   | fulldsp | 4       |
|       fmul_32ns_32ns_32_4_max_dsp_1_U6964                                   | 3    |        | mul47            | fmul   | maxdsp  | 3       |
|       fadd_32ns_32ns_32_5_full_dsp_1_U6917                                  | 2    |        | S4_1             | fadd   | fulldsp | 4       |
|       fmul_32ns_32ns_32_4_max_dsp_1_U6971                                   | 3    |        | mul48            | fmul   | maxdsp  | 3       |
|       fadd_32ns_32ns_32_5_full_dsp_1_U6923                                  | 2    |        | add15            | fadd   | fulldsp | 4       |
|       fmul_32ns_32ns_32_4_max_dsp_1_U6972                                   | 3    |        | mul49            | fmul   | maxdsp  | 3       |
|       fadd_32ns_32ns_32_5_full_dsp_1_U6927                                  | 2    |        | add16            | fadd   | fulldsp | 4       |
|       fmul_32ns_32ns_32_4_max_dsp_1_U6975                                   | 3    |        | mul50            | fmul   | maxdsp  | 3       |
|       fadd_32ns_32ns_32_5_full_dsp_1_U6929                                  | 2    |        | R_1              | fadd   | fulldsp | 4       |
|       fmul_32ns_32ns_32_4_max_dsp_1_U6973                                   | 3    |        | mul51            | fmul   | maxdsp  | 3       |
|       fadd_32ns_32ns_32_5_full_dsp_1_U6924                                  | 2    |        | add17            | fadd   | fulldsp | 4       |
|       fmul_32ns_32ns_32_4_max_dsp_1_U6974                                   | 3    |        | mul52            | fmul   | maxdsp  | 3       |
|       fadd_32ns_32ns_32_5_full_dsp_1_U6928                                  | 2    |        | add18            | fadd   | fulldsp | 4       |
|       fmul_32ns_32ns_32_4_max_dsp_1_U6976                                   | 3    |        | mul53            | fmul   | maxdsp  | 3       |
|       fadd_32ns_32ns_32_5_full_dsp_1_U6930                                  | 2    |        | S_1              | fadd   | fulldsp | 4       |
|       fmul_32ns_32ns_32_4_max_dsp_1_U6937                                   | 3    |        | mul54            | fmul   | maxdsp  | 3       |
|       fadd_32ns_32ns_32_5_full_dsp_1_U6896                                  | 2    |        | x_assign         | fadd   | fulldsp | 4       |
|       fexp_32ns_32ns_32_8_full_dsp_1_U6986                                  | 7    |        | tmp              | fexp   | fulldsp | 7       |
|       faddfsub_32ns_32ns_32_5_full_dsp_1_U6894                              | 2    |        | sub5             | fsub   | fulldsp | 4       |
|       fadd_32ns_32ns_32_5_full_dsp_1_U6895                                  | 2    |        | add19            | fadd   | fulldsp | 4       |
|       fmul_32ns_32ns_32_4_max_dsp_1_U6944                                   | 3    |        | mul55            | fmul   | maxdsp  | 3       |
|       fdiv_32ns_32ns_32_10_no_dsp_1_U6984                                   | -    |        | div4             | fdiv   | fabric  | 9       |
|       fadd_32ns_32ns_32_5_full_dsp_1_U6934                                  | 2    |        | x_assign_s       | fadd   | fulldsp | 4       |
|       fexp_32ns_32ns_32_8_full_dsp_1_U6987                                  | 7    |        | tmp_s            | fexp   | fulldsp | 7       |
|       fmul_32ns_32ns_32_4_max_dsp_1_U6979                                   | 3    |        | r_7              | fmul   | maxdsp  | 3       |
|       fdiv_32ns_32ns_32_10_no_dsp_1_U6985                                   | -    |        | div5             | fdiv   | fabric  | 9       |
|       faddfsub_32ns_32ns_32_5_full_dsp_1_U6935                              | 2    |        | sub6             | fsub   | fulldsp | 4       |
|       faddfsub_32ns_32ns_32_5_full_dsp_1_U6935                              | 2    |        | sub7             | fsub   | fulldsp | 4       |
|       faddfsub_32ns_32ns_32_5_full_dsp_1_U6894                              | 2    |        | s_1              | fsub   | fulldsp | 4       |
|       fmul_32ns_32ns_32_4_max_dsp_1_U6944                                   | 3    |        | mul13            | fmul   | maxdsp  | 3       |
|       fadd_32ns_32ns_32_5_full_dsp_1_U6902                                  | 2    |        | P1               | fadd   | fulldsp | 4       |
|       fmul_32ns_32ns_32_4_max_dsp_1_U6945                                   | 3    |        | s2_1             | fmul   | maxdsp  | 3       |
|       fmul_32ns_32ns_32_4_max_dsp_1_U6946                                   | 3    |        | mul14            | fmul   | maxdsp  | 3       |
|       fadd_32ns_32ns_32_5_full_dsp_1_U6903                                  | 2    |        | Q1               | fadd   | fulldsp | 4       |
|       fmul_32ns_32ns_32_4_max_dsp_1_U6952                                   | 3    |        | s4               | fmul   | maxdsp  | 3       |
|       fmul_32ns_32ns_32_4_max_dsp_1_U6947                                   | 3    |        | mul15            | fmul   | maxdsp  | 3       |
|       fadd_32ns_32ns_32_5_full_dsp_1_U6904                                  | 2    |        | P2               | fadd   | fulldsp | 4       |
|       fmul_32ns_32ns_32_4_max_dsp_1_U6954                                   | 3    |        | s6               | fmul   | maxdsp  | 3       |
|       fmul_32ns_32ns_32_4_max_dsp_1_U6948                                   | 3    |        | mul16            | fmul   | maxdsp  | 3       |
|       fadd_32ns_32ns_32_5_full_dsp_1_U6905                                  | 2    |        | Q2               | fadd   | fulldsp | 4       |
|       fmul_32ns_32ns_32_4_max_dsp_1_U6949                                   | 3    |        | mul17            | fmul   | maxdsp  | 3       |
|       fadd_32ns_32ns_32_5_full_dsp_1_U6906                                  | 2    |        | P3               | fadd   | fulldsp | 4       |
|       fmul_32ns_32ns_32_4_max_dsp_1_U6950                                   | 3    |        | mul18            | fmul   | maxdsp  | 3       |
|       fadd_32ns_32ns_32_5_full_dsp_1_U6907                                  | 2    |        | Q3               | fadd   | fulldsp | 4       |
|       fmul_32ns_32ns_32_4_max_dsp_1_U6957                                   | 3    |        | mul19            | fmul   | maxdsp  | 3       |
|       fadd_32ns_32ns_32_5_full_dsp_1_U6911                                  | 2    |        | add4             | fadd   | fulldsp | 4       |
|       fmul_32ns_32ns_32_4_max_dsp_1_U6958                                   | 3    |        | mul20            | fmul   | maxdsp  | 3       |
|       fadd_32ns_32ns_32_5_full_dsp_1_U6921                                  | 2    |        | add5             | fadd   | fulldsp | 4       |
|       fmul_32ns_32ns_32_4_max_dsp_1_U6966                                   | 3    |        | mul21            | fmul   | maxdsp  | 3       |
|       fadd_32ns_32ns_32_5_full_dsp_1_U6925                                  | 2    |        | P                | fadd   | fulldsp | 4       |
|       fmul_32ns_32ns_32_4_max_dsp_1_U6959                                   | 3    |        | mul22            | fmul   | maxdsp  | 3       |
|       fadd_32ns_32ns_32_5_full_dsp_1_U6912                                  | 2    |        | add7             | fadd   | fulldsp | 4       |
|       fmul_32ns_32ns_32_4_max_dsp_1_U6960                                   | 3    |        | mul23            | fmul   | maxdsp  | 3       |
|       fadd_32ns_32ns_32_5_full_dsp_1_U6922                                  | 2    |        | add8             | fadd   | fulldsp | 4       |
|       fmul_32ns_32ns_32_4_max_dsp_1_U6967                                   | 3    |        | mul24            | fmul   | maxdsp  | 3       |
|       fadd_32ns_32ns_32_5_full_dsp_1_U6926                                  | 2    |        | Q                | fadd   | fulldsp | 4       |
|       fdiv_32ns_32ns_32_10_no_dsp_1_U6983                                   | -    |        | div2             | fdiv   | fabric  | 9       |
|       faddfsub_32ns_32ns_32_5_full_dsp_1_U6933                              | 2    |        | add9             | fadd   | fulldsp | 4       |
|       faddfsub_32ns_32ns_32_5_full_dsp_1_U6933                              | 2    |        | sub2             | fadd   | fulldsp | 4       |
|       fmul_32ns_32ns_32_4_max_dsp_1_U6936                                   | 3    |        | z                | fmul   | maxdsp  | 3       |
|       fmul_32ns_32ns_32_4_max_dsp_1_U6938                                   | 3    |        | mul6             | fmul   | maxdsp  | 3       |
|       fadd_32ns_32ns_32_5_full_dsp_1_U6897                                  | 2    |        | r1               | fadd   | fulldsp | 4       |
|       fmul_32ns_32ns_32_4_max_dsp_1_U6939                                   | 3    |        | z2               | fmul   | maxdsp  | 3       |
|       fmul_32ns_32ns_32_4_max_dsp_1_U6940                                   | 3    |        | mul8             | fmul   | maxdsp  | 3       |
|       fadd_32ns_32ns_32_5_full_dsp_1_U6898                                  | 2    |        | r2               | fadd   | fulldsp | 4       |
|       fmul_32ns_32ns_32_4_max_dsp_1_U6951                                   | 3    |        | z4               | fmul   | maxdsp  | 3       |
|       fmul_32ns_32ns_32_4_max_dsp_1_U6941                                   | 3    |        | mul1             | fmul   | maxdsp  | 3       |
|       fadd_32ns_32ns_32_5_full_dsp_1_U6899                                  | 2    |        | s1               | fadd   | fulldsp | 4       |
|       fmul_32ns_32ns_32_4_max_dsp_1_U6942                                   | 3    |        | mul2             | fmul   | maxdsp  | 3       |
|       fadd_32ns_32ns_32_5_full_dsp_1_U6900                                  | 2    |        | s2               | fadd   | fulldsp | 4       |
|       fmul_32ns_32ns_32_4_max_dsp_1_U6943                                   | 3    |        | mul3             | fmul   | maxdsp  | 3       |
|       fadd_32ns_32ns_32_5_full_dsp_1_U6901                                  | 2    |        | s3               | fadd   | fulldsp | 4       |
|       fmul_32ns_32ns_32_4_max_dsp_1_U6954                                   | 3    |        | mul5             | fmul   | maxdsp  | 3       |
|       fadd_32ns_32ns_32_5_full_dsp_1_U6909                                  | 2    |        | add1             | fadd   | fulldsp | 4       |
|       fmul_32ns_32ns_32_4_max_dsp_1_U6953                                   | 3    |        | mul7             | fmul   | maxdsp  | 3       |
|       fadd_32ns_32ns_32_5_full_dsp_1_U6919                                  | 2    |        | r                | fadd   | fulldsp | 4       |
|       fmul_32ns_32ns_32_4_max_dsp_1_U6955                                   | 3    |        | mul10            | fmul   | maxdsp  | 3       |
|       fadd_32ns_32ns_32_5_full_dsp_1_U6910                                  | 2    |        | add2             | fadd   | fulldsp | 4       |
|       fmul_32ns_32ns_32_4_max_dsp_1_U6956                                   | 3    |        | mul11            | fmul   | maxdsp  | 3       |
|       fadd_32ns_32ns_32_5_full_dsp_1_U6920                                  | 2    |        | s                | fadd   | fulldsp | 4       |
|       fdiv_32ns_32ns_32_10_no_dsp_1_U6982                                   | -    |        | y                | fdiv   | fabric  | 9       |
|       fmul_32ns_32ns_32_4_max_dsp_1_U6978                                   | 3    |        | mul12            | fmul   | maxdsp  | 3       |
|       fadd_32ns_32ns_32_5_full_dsp_1_U6931                                  | 2    |        | add3             | fadd   | fulldsp | 4       |
|       fmul_32ns_32ns_32_4_max_dsp_1_U6936                                   | 3    |        | mul              | fmul   | maxdsp  | 3       |
|       fmul_32ns_32ns_32_4_max_dsp_1_U6937                                   | 3    |        | mul9             | fmul   | maxdsp  | 3       |
|       fadd_32ns_32ns_32_5_full_dsp_1_U6896                                  | 2    |        | add6             | fadd   | fulldsp | 4       |
|       fmul_32ns_32ns_32_4_max_dsp_1_U6952                                   | 3    |        | mul4             | fmul   | maxdsp  | 3       |
|       fdiv_32ns_32ns_32_10_no_dsp_1_U6980                                   | -    |        | div              | fdiv   | fabric  | 9       |
|       fadd_32ns_32ns_32_5_full_dsp_1_U6908                                  | 2    |        | sub              | fadd   | fulldsp | 4       |
|       fadd_32ns_32ns_32_5_full_dsp_1_U6908                                  | 2    |        | add              | fadd   | fulldsp | 4       |
|     + generic_erf_float_s                                                   | 230  |        |                  |        |         |         |
|       fmul_32ns_32ns_32_4_max_dsp_1_U6936                                   | 3    |        | mul25            | fmul   | maxdsp  | 3       |
|       fdiv_32ns_32ns_32_10_no_dsp_1_U6981                                   | -    |        | s_2              | fdiv   | fabric  | 9       |
|       fmul_32ns_32ns_32_4_max_dsp_1_U6957                                   | 3    |        | s2_2             | fmul   | maxdsp  | 3       |
|       fmul_32ns_32ns_32_4_max_dsp_1_U6968                                   | 3    |        | s4_1             | fmul   | maxdsp  | 3       |
|       fmul_32ns_32ns_32_4_max_dsp_1_U6969                                   | 3    |        | s6_1             | fmul   | maxdsp  | 3       |
|       fmul_32ns_32ns_32_4_max_dsp_1_U6958                                   | 3    |        | mul26            | fmul   | maxdsp  | 3       |
|       fadd_32ns_32ns_32_5_full_dsp_1_U6911                                  | 2    |        | R1               | fadd   | fulldsp | 4       |
|       fmul_32ns_32ns_32_4_max_dsp_1_U6959                                   | 3    |        | mul27            | fmul   | maxdsp  | 3       |
|       fadd_32ns_32ns_32_5_full_dsp_1_U6912                                  | 2    |        | S1               | fadd   | fulldsp | 4       |
|       fmul_32ns_32ns_32_4_max_dsp_1_U6960                                   | 3    |        | mul28            | fmul   | maxdsp  | 3       |
|       fadd_32ns_32ns_32_5_full_dsp_1_U6913                                  | 2    |        | R2               | fadd   | fulldsp | 4       |
|       fmul_32ns_32ns_32_4_max_dsp_1_U6961                                   | 3    |        | mul29            | fmul   | maxdsp  | 3       |
|       fadd_32ns_32ns_32_5_full_dsp_1_U6914                                  | 2    |        | S2               | fadd   | fulldsp | 4       |
|       fmul_32ns_32ns_32_4_max_dsp_1_U6970                                   | 3    |        | s8               | fmul   | maxdsp  | 3       |
|       fmul_32ns_32ns_32_4_max_dsp_1_U6962                                   | 3    |        | mul30            | fmul   | maxdsp  | 3       |
|       fadd_32ns_32ns_32_5_full_dsp_1_U6915                                  | 2    |        | R3               | fadd   | fulldsp | 4       |
|       fmul_32ns_32ns_32_4_max_dsp_1_U6963                                   | 3    |        | mul31            | fmul   | maxdsp  | 3       |
|       fadd_32ns_32ns_32_5_full_dsp_1_U6916                                  | 2    |        | S3               | fadd   | fulldsp | 4       |
|       fmul_32ns_32ns_32_4_max_dsp_1_U6964                                   | 3    |        | mul32            | fmul   | maxdsp  | 3       |
|       fadd_32ns_32ns_32_5_full_dsp_1_U6917                                  | 2    |        | R4               | fadd   | fulldsp | 4       |
|       fmul_32ns_32ns_32_4_max_dsp_1_U6965                                   | 3    |        | mul33            | fmul   | maxdsp  | 3       |
|       fadd_32ns_32ns_32_5_full_dsp_1_U6918                                  | 2    |        | S4               | fadd   | fulldsp | 4       |
|       fmul_32ns_32ns_32_4_max_dsp_1_U6971                                   | 3    |        | mul34            | fmul   | maxdsp  | 3       |
|       fadd_32ns_32ns_32_5_full_dsp_1_U6923                                  | 2    |        | add10            | fadd   | fulldsp | 4       |
|       fmul_32ns_32ns_32_4_max_dsp_1_U6972                                   | 3    |        | mul35            | fmul   | maxdsp  | 3       |
|       fadd_32ns_32ns_32_5_full_dsp_1_U6927                                  | 2    |        | add11            | fadd   | fulldsp | 4       |
|       fmul_32ns_32ns_32_4_max_dsp_1_U6975                                   | 3    |        | mul36            | fmul   | maxdsp  | 3       |
|       fadd_32ns_32ns_32_5_full_dsp_1_U6929                                  | 2    |        | R                | fadd   | fulldsp | 4       |
|       fmul_32ns_32ns_32_4_max_dsp_1_U6973                                   | 3    |        | mul37            | fmul   | maxdsp  | 3       |
|       fadd_32ns_32ns_32_5_full_dsp_1_U6924                                  | 2    |        | add12            | fadd   | fulldsp | 4       |
|       fmul_32ns_32ns_32_4_max_dsp_1_U6974                                   | 3    |        | mul38            | fmul   | maxdsp  | 3       |
|       fadd_32ns_32ns_32_5_full_dsp_1_U6928                                  | 2    |        | add13            | fadd   | fulldsp | 4       |
|       fmul_32ns_32ns_32_4_max_dsp_1_U6976                                   | 3    |        | mul39            | fmul   | maxdsp  | 3       |
|       fadd_32ns_32ns_32_5_full_dsp_1_U6930                                  | 2    |        | add14            | fadd   | fulldsp | 4       |
|       fmul_32ns_32ns_32_4_max_dsp_1_U6977                                   | 3    |        | mul40            | fmul   | maxdsp  | 3       |
|       fadd_32ns_32ns_32_5_full_dsp_1_U6932                                  | 2    |        | S                | fadd   | fulldsp | 4       |
|       fmul_32ns_32ns_32_4_max_dsp_1_U6958                                   | 3    |        | mul41            | fmul   | maxdsp  | 3       |
|       fadd_32ns_32ns_32_5_full_dsp_1_U6911                                  | 2    |        | R1_1             | fadd   | fulldsp | 4       |
|       fmul_32ns_32ns_32_4_max_dsp_1_U6959                                   | 3    |        | mul42            | fmul   | maxdsp  | 3       |
|       fadd_32ns_32ns_32_5_full_dsp_1_U6912                                  | 2    |        | S1_1             | fadd   | fulldsp | 4       |
|       fmul_32ns_32ns_32_4_max_dsp_1_U6960                                   | 3    |        | mul43            | fmul   | maxdsp  | 3       |
|       fadd_32ns_32ns_32_5_full_dsp_1_U6913                                  | 2    |        | R2_1             | fadd   | fulldsp | 4       |
|       fmul_32ns_32ns_32_4_max_dsp_1_U6961                                   | 3    |        | mul44            | fmul   | maxdsp  | 3       |
|       fadd_32ns_32ns_32_5_full_dsp_1_U6914                                  | 2    |        | S2_1             | fadd   | fulldsp | 4       |
|       fmul_32ns_32ns_32_4_max_dsp_1_U6962                                   | 3    |        | mul45            | fmul   | maxdsp  | 3       |
|       fadd_32ns_32ns_32_5_full_dsp_1_U6915                                  | 2    |        | R3_1             | fadd   | fulldsp | 4       |
|       fmul_32ns_32ns_32_4_max_dsp_1_U6963                                   | 3    |        | mul46            | fmul   | maxdsp  | 3       |
|       fadd_32ns_32ns_32_5_full_dsp_1_U6916                                  | 2    |        | S3_1             | fadd   | fulldsp | 4       |
|       fmul_32ns_32ns_32_4_max_dsp_1_U6964                                   | 3    |        | mul47            | fmul   | maxdsp  | 3       |
|       fadd_32ns_32ns_32_5_full_dsp_1_U6917                                  | 2    |        | S4_1             | fadd   | fulldsp | 4       |
|       fmul_32ns_32ns_32_4_max_dsp_1_U6971                                   | 3    |        | mul48            | fmul   | maxdsp  | 3       |
|       fadd_32ns_32ns_32_5_full_dsp_1_U6923                                  | 2    |        | add15            | fadd   | fulldsp | 4       |
|       fmul_32ns_32ns_32_4_max_dsp_1_U6972                                   | 3    |        | mul49            | fmul   | maxdsp  | 3       |
|       fadd_32ns_32ns_32_5_full_dsp_1_U6927                                  | 2    |        | add16            | fadd   | fulldsp | 4       |
|       fmul_32ns_32ns_32_4_max_dsp_1_U6975                                   | 3    |        | mul50            | fmul   | maxdsp  | 3       |
|       fadd_32ns_32ns_32_5_full_dsp_1_U6929                                  | 2    |        | R_1              | fadd   | fulldsp | 4       |
|       fmul_32ns_32ns_32_4_max_dsp_1_U6973                                   | 3    |        | mul51            | fmul   | maxdsp  | 3       |
|       fadd_32ns_32ns_32_5_full_dsp_1_U6924                                  | 2    |        | add17            | fadd   | fulldsp | 4       |
|       fmul_32ns_32ns_32_4_max_dsp_1_U6974                                   | 3    |        | mul52            | fmul   | maxdsp  | 3       |
|       fadd_32ns_32ns_32_5_full_dsp_1_U6928                                  | 2    |        | add18            | fadd   | fulldsp | 4       |
|       fmul_32ns_32ns_32_4_max_dsp_1_U6976                                   | 3    |        | mul53            | fmul   | maxdsp  | 3       |
|       fadd_32ns_32ns_32_5_full_dsp_1_U6930                                  | 2    |        | S_1              | fadd   | fulldsp | 4       |
|       fmul_32ns_32ns_32_4_max_dsp_1_U6937                                   | 3    |        | mul54            | fmul   | maxdsp  | 3       |
|       fadd_32ns_32ns_32_5_full_dsp_1_U6896                                  | 2    |        | x_assign         | fadd   | fulldsp | 4       |
|       fexp_32ns_32ns_32_8_full_dsp_1_U6986                                  | 7    |        | tmp              | fexp   | fulldsp | 7       |
|       faddfsub_32ns_32ns_32_5_full_dsp_1_U6894                              | 2    |        | sub5             | fsub   | fulldsp | 4       |
|       fadd_32ns_32ns_32_5_full_dsp_1_U6895                                  | 2    |        | add19            | fadd   | fulldsp | 4       |
|       fmul_32ns_32ns_32_4_max_dsp_1_U6944                                   | 3    |        | mul55            | fmul   | maxdsp  | 3       |
|       fdiv_32ns_32ns_32_10_no_dsp_1_U6984                                   | -    |        | div4             | fdiv   | fabric  | 9       |
|       fadd_32ns_32ns_32_5_full_dsp_1_U6934                                  | 2    |        | x_assign_s       | fadd   | fulldsp | 4       |
|       fexp_32ns_32ns_32_8_full_dsp_1_U6987                                  | 7    |        | tmp_s            | fexp   | fulldsp | 7       |
|       fmul_32ns_32ns_32_4_max_dsp_1_U6979                                   | 3    |        | r_7              | fmul   | maxdsp  | 3       |
|       fdiv_32ns_32ns_32_10_no_dsp_1_U6985                                   | -    |        | div5             | fdiv   | fabric  | 9       |
|       faddfsub_32ns_32ns_32_5_full_dsp_1_U6935                              | 2    |        | sub6             | fsub   | fulldsp | 4       |
|       faddfsub_32ns_32ns_32_5_full_dsp_1_U6935                              | 2    |        | sub7             | fsub   | fulldsp | 4       |
|       faddfsub_32ns_32ns_32_5_full_dsp_1_U6894                              | 2    |        | s_1              | fsub   | fulldsp | 4       |
|       fmul_32ns_32ns_32_4_max_dsp_1_U6944                                   | 3    |        | mul13            | fmul   | maxdsp  | 3       |
|       fadd_32ns_32ns_32_5_full_dsp_1_U6902                                  | 2    |        | P1               | fadd   | fulldsp | 4       |
|       fmul_32ns_32ns_32_4_max_dsp_1_U6945                                   | 3    |        | s2_1             | fmul   | maxdsp  | 3       |
|       fmul_32ns_32ns_32_4_max_dsp_1_U6946                                   | 3    |        | mul14            | fmul   | maxdsp  | 3       |
|       fadd_32ns_32ns_32_5_full_dsp_1_U6903                                  | 2    |        | Q1               | fadd   | fulldsp | 4       |
|       fmul_32ns_32ns_32_4_max_dsp_1_U6952                                   | 3    |        | s4               | fmul   | maxdsp  | 3       |
|       fmul_32ns_32ns_32_4_max_dsp_1_U6947                                   | 3    |        | mul15            | fmul   | maxdsp  | 3       |
|       fadd_32ns_32ns_32_5_full_dsp_1_U6904                                  | 2    |        | P2               | fadd   | fulldsp | 4       |
|       fmul_32ns_32ns_32_4_max_dsp_1_U6954                                   | 3    |        | s6               | fmul   | maxdsp  | 3       |
|       fmul_32ns_32ns_32_4_max_dsp_1_U6948                                   | 3    |        | mul16            | fmul   | maxdsp  | 3       |
|       fadd_32ns_32ns_32_5_full_dsp_1_U6905                                  | 2    |        | Q2               | fadd   | fulldsp | 4       |
|       fmul_32ns_32ns_32_4_max_dsp_1_U6949                                   | 3    |        | mul17            | fmul   | maxdsp  | 3       |
|       fadd_32ns_32ns_32_5_full_dsp_1_U6906                                  | 2    |        | P3               | fadd   | fulldsp | 4       |
|       fmul_32ns_32ns_32_4_max_dsp_1_U6950                                   | 3    |        | mul18            | fmul   | maxdsp  | 3       |
|       fadd_32ns_32ns_32_5_full_dsp_1_U6907                                  | 2    |        | Q3               | fadd   | fulldsp | 4       |
|       fmul_32ns_32ns_32_4_max_dsp_1_U6957                                   | 3    |        | mul19            | fmul   | maxdsp  | 3       |
|       fadd_32ns_32ns_32_5_full_dsp_1_U6911                                  | 2    |        | add4             | fadd   | fulldsp | 4       |
|       fmul_32ns_32ns_32_4_max_dsp_1_U6958                                   | 3    |        | mul20            | fmul   | maxdsp  | 3       |
|       fadd_32ns_32ns_32_5_full_dsp_1_U6921                                  | 2    |        | add5             | fadd   | fulldsp | 4       |
|       fmul_32ns_32ns_32_4_max_dsp_1_U6966                                   | 3    |        | mul21            | fmul   | maxdsp  | 3       |
|       fadd_32ns_32ns_32_5_full_dsp_1_U6925                                  | 2    |        | P                | fadd   | fulldsp | 4       |
|       fmul_32ns_32ns_32_4_max_dsp_1_U6959                                   | 3    |        | mul22            | fmul   | maxdsp  | 3       |
|       fadd_32ns_32ns_32_5_full_dsp_1_U6912                                  | 2    |        | add7             | fadd   | fulldsp | 4       |
|       fmul_32ns_32ns_32_4_max_dsp_1_U6960                                   | 3    |        | mul23            | fmul   | maxdsp  | 3       |
|       fadd_32ns_32ns_32_5_full_dsp_1_U6922                                  | 2    |        | add8             | fadd   | fulldsp | 4       |
|       fmul_32ns_32ns_32_4_max_dsp_1_U6967                                   | 3    |        | mul24            | fmul   | maxdsp  | 3       |
|       fadd_32ns_32ns_32_5_full_dsp_1_U6926                                  | 2    |        | Q                | fadd   | fulldsp | 4       |
|       fdiv_32ns_32ns_32_10_no_dsp_1_U6983                                   | -    |        | div2             | fdiv   | fabric  | 9       |
|       faddfsub_32ns_32ns_32_5_full_dsp_1_U6933                              | 2    |        | add9             | fadd   | fulldsp | 4       |
|       faddfsub_32ns_32ns_32_5_full_dsp_1_U6933                              | 2    |        | sub2             | fadd   | fulldsp | 4       |
|       fmul_32ns_32ns_32_4_max_dsp_1_U6936                                   | 3    |        | z                | fmul   | maxdsp  | 3       |
|       fmul_32ns_32ns_32_4_max_dsp_1_U6938                                   | 3    |        | mul6             | fmul   | maxdsp  | 3       |
|       fadd_32ns_32ns_32_5_full_dsp_1_U6897                                  | 2    |        | r1               | fadd   | fulldsp | 4       |
|       fmul_32ns_32ns_32_4_max_dsp_1_U6939                                   | 3    |        | z2               | fmul   | maxdsp  | 3       |
|       fmul_32ns_32ns_32_4_max_dsp_1_U6940                                   | 3    |        | mul8             | fmul   | maxdsp  | 3       |
|       fadd_32ns_32ns_32_5_full_dsp_1_U6898                                  | 2    |        | r2               | fadd   | fulldsp | 4       |
|       fmul_32ns_32ns_32_4_max_dsp_1_U6951                                   | 3    |        | z4               | fmul   | maxdsp  | 3       |
|       fmul_32ns_32ns_32_4_max_dsp_1_U6941                                   | 3    |        | mul1             | fmul   | maxdsp  | 3       |
|       fadd_32ns_32ns_32_5_full_dsp_1_U6899                                  | 2    |        | s1               | fadd   | fulldsp | 4       |
|       fmul_32ns_32ns_32_4_max_dsp_1_U6942                                   | 3    |        | mul2             | fmul   | maxdsp  | 3       |
|       fadd_32ns_32ns_32_5_full_dsp_1_U6900                                  | 2    |        | s2               | fadd   | fulldsp | 4       |
|       fmul_32ns_32ns_32_4_max_dsp_1_U6943                                   | 3    |        | mul3             | fmul   | maxdsp  | 3       |
|       fadd_32ns_32ns_32_5_full_dsp_1_U6901                                  | 2    |        | s3               | fadd   | fulldsp | 4       |
|       fmul_32ns_32ns_32_4_max_dsp_1_U6954                                   | 3    |        | mul5             | fmul   | maxdsp  | 3       |
|       fadd_32ns_32ns_32_5_full_dsp_1_U6909                                  | 2    |        | add1             | fadd   | fulldsp | 4       |
|       fmul_32ns_32ns_32_4_max_dsp_1_U6953                                   | 3    |        | mul7             | fmul   | maxdsp  | 3       |
|       fadd_32ns_32ns_32_5_full_dsp_1_U6919                                  | 2    |        | r                | fadd   | fulldsp | 4       |
|       fmul_32ns_32ns_32_4_max_dsp_1_U6955                                   | 3    |        | mul10            | fmul   | maxdsp  | 3       |
|       fadd_32ns_32ns_32_5_full_dsp_1_U6910                                  | 2    |        | add2             | fadd   | fulldsp | 4       |
|       fmul_32ns_32ns_32_4_max_dsp_1_U6956                                   | 3    |        | mul11            | fmul   | maxdsp  | 3       |
|       fadd_32ns_32ns_32_5_full_dsp_1_U6920                                  | 2    |        | s                | fadd   | fulldsp | 4       |
|       fdiv_32ns_32ns_32_10_no_dsp_1_U6982                                   | -    |        | y                | fdiv   | fabric  | 9       |
|       fmul_32ns_32ns_32_4_max_dsp_1_U6978                                   | 3    |        | mul12            | fmul   | maxdsp  | 3       |
|       fadd_32ns_32ns_32_5_full_dsp_1_U6931                                  | 2    |        | add3             | fadd   | fulldsp | 4       |
|       fmul_32ns_32ns_32_4_max_dsp_1_U6936                                   | 3    |        | mul              | fmul   | maxdsp  | 3       |
|       fmul_32ns_32ns_32_4_max_dsp_1_U6937                                   | 3    |        | mul9             | fmul   | maxdsp  | 3       |
|       fadd_32ns_32ns_32_5_full_dsp_1_U6896                                  | 2    |        | add6             | fadd   | fulldsp | 4       |
|       fmul_32ns_32ns_32_4_max_dsp_1_U6952                                   | 3    |        | mul4             | fmul   | maxdsp  | 3       |
|       fdiv_32ns_32ns_32_10_no_dsp_1_U6980                                   | -    |        | div              | fdiv   | fabric  | 9       |
|       fadd_32ns_32ns_32_5_full_dsp_1_U6908                                  | 2    |        | sub              | fadd   | fulldsp | 4       |
|       fadd_32ns_32ns_32_5_full_dsp_1_U6908                                  | 2    |        | add              | fadd   | fulldsp | 4       |
|     + generic_erf_float_s                                                   | 230  |        |                  |        |         |         |
|       fmul_32ns_32ns_32_4_max_dsp_1_U6936                                   | 3    |        | mul25            | fmul   | maxdsp  | 3       |
|       fdiv_32ns_32ns_32_10_no_dsp_1_U6981                                   | -    |        | s_2              | fdiv   | fabric  | 9       |
|       fmul_32ns_32ns_32_4_max_dsp_1_U6957                                   | 3    |        | s2_2             | fmul   | maxdsp  | 3       |
|       fmul_32ns_32ns_32_4_max_dsp_1_U6968                                   | 3    |        | s4_1             | fmul   | maxdsp  | 3       |
|       fmul_32ns_32ns_32_4_max_dsp_1_U6969                                   | 3    |        | s6_1             | fmul   | maxdsp  | 3       |
|       fmul_32ns_32ns_32_4_max_dsp_1_U6958                                   | 3    |        | mul26            | fmul   | maxdsp  | 3       |
|       fadd_32ns_32ns_32_5_full_dsp_1_U6911                                  | 2    |        | R1               | fadd   | fulldsp | 4       |
|       fmul_32ns_32ns_32_4_max_dsp_1_U6959                                   | 3    |        | mul27            | fmul   | maxdsp  | 3       |
|       fadd_32ns_32ns_32_5_full_dsp_1_U6912                                  | 2    |        | S1               | fadd   | fulldsp | 4       |
|       fmul_32ns_32ns_32_4_max_dsp_1_U6960                                   | 3    |        | mul28            | fmul   | maxdsp  | 3       |
|       fadd_32ns_32ns_32_5_full_dsp_1_U6913                                  | 2    |        | R2               | fadd   | fulldsp | 4       |
|       fmul_32ns_32ns_32_4_max_dsp_1_U6961                                   | 3    |        | mul29            | fmul   | maxdsp  | 3       |
|       fadd_32ns_32ns_32_5_full_dsp_1_U6914                                  | 2    |        | S2               | fadd   | fulldsp | 4       |
|       fmul_32ns_32ns_32_4_max_dsp_1_U6970                                   | 3    |        | s8               | fmul   | maxdsp  | 3       |
|       fmul_32ns_32ns_32_4_max_dsp_1_U6962                                   | 3    |        | mul30            | fmul   | maxdsp  | 3       |
|       fadd_32ns_32ns_32_5_full_dsp_1_U6915                                  | 2    |        | R3               | fadd   | fulldsp | 4       |
|       fmul_32ns_32ns_32_4_max_dsp_1_U6963                                   | 3    |        | mul31            | fmul   | maxdsp  | 3       |
|       fadd_32ns_32ns_32_5_full_dsp_1_U6916                                  | 2    |        | S3               | fadd   | fulldsp | 4       |
|       fmul_32ns_32ns_32_4_max_dsp_1_U6964                                   | 3    |        | mul32            | fmul   | maxdsp  | 3       |
|       fadd_32ns_32ns_32_5_full_dsp_1_U6917                                  | 2    |        | R4               | fadd   | fulldsp | 4       |
|       fmul_32ns_32ns_32_4_max_dsp_1_U6965                                   | 3    |        | mul33            | fmul   | maxdsp  | 3       |
|       fadd_32ns_32ns_32_5_full_dsp_1_U6918                                  | 2    |        | S4               | fadd   | fulldsp | 4       |
|       fmul_32ns_32ns_32_4_max_dsp_1_U6971                                   | 3    |        | mul34            | fmul   | maxdsp  | 3       |
|       fadd_32ns_32ns_32_5_full_dsp_1_U6923                                  | 2    |        | add10            | fadd   | fulldsp | 4       |
|       fmul_32ns_32ns_32_4_max_dsp_1_U6972                                   | 3    |        | mul35            | fmul   | maxdsp  | 3       |
|       fadd_32ns_32ns_32_5_full_dsp_1_U6927                                  | 2    |        | add11            | fadd   | fulldsp | 4       |
|       fmul_32ns_32ns_32_4_max_dsp_1_U6975                                   | 3    |        | mul36            | fmul   | maxdsp  | 3       |
|       fadd_32ns_32ns_32_5_full_dsp_1_U6929                                  | 2    |        | R                | fadd   | fulldsp | 4       |
|       fmul_32ns_32ns_32_4_max_dsp_1_U6973                                   | 3    |        | mul37            | fmul   | maxdsp  | 3       |
|       fadd_32ns_32ns_32_5_full_dsp_1_U6924                                  | 2    |        | add12            | fadd   | fulldsp | 4       |
|       fmul_32ns_32ns_32_4_max_dsp_1_U6974                                   | 3    |        | mul38            | fmul   | maxdsp  | 3       |
|       fadd_32ns_32ns_32_5_full_dsp_1_U6928                                  | 2    |        | add13            | fadd   | fulldsp | 4       |
|       fmul_32ns_32ns_32_4_max_dsp_1_U6976                                   | 3    |        | mul39            | fmul   | maxdsp  | 3       |
|       fadd_32ns_32ns_32_5_full_dsp_1_U6930                                  | 2    |        | add14            | fadd   | fulldsp | 4       |
|       fmul_32ns_32ns_32_4_max_dsp_1_U6977                                   | 3    |        | mul40            | fmul   | maxdsp  | 3       |
|       fadd_32ns_32ns_32_5_full_dsp_1_U6932                                  | 2    |        | S                | fadd   | fulldsp | 4       |
|       fmul_32ns_32ns_32_4_max_dsp_1_U6958                                   | 3    |        | mul41            | fmul   | maxdsp  | 3       |
|       fadd_32ns_32ns_32_5_full_dsp_1_U6911                                  | 2    |        | R1_1             | fadd   | fulldsp | 4       |
|       fmul_32ns_32ns_32_4_max_dsp_1_U6959                                   | 3    |        | mul42            | fmul   | maxdsp  | 3       |
|       fadd_32ns_32ns_32_5_full_dsp_1_U6912                                  | 2    |        | S1_1             | fadd   | fulldsp | 4       |
|       fmul_32ns_32ns_32_4_max_dsp_1_U6960                                   | 3    |        | mul43            | fmul   | maxdsp  | 3       |
|       fadd_32ns_32ns_32_5_full_dsp_1_U6913                                  | 2    |        | R2_1             | fadd   | fulldsp | 4       |
|       fmul_32ns_32ns_32_4_max_dsp_1_U6961                                   | 3    |        | mul44            | fmul   | maxdsp  | 3       |
|       fadd_32ns_32ns_32_5_full_dsp_1_U6914                                  | 2    |        | S2_1             | fadd   | fulldsp | 4       |
|       fmul_32ns_32ns_32_4_max_dsp_1_U6962                                   | 3    |        | mul45            | fmul   | maxdsp  | 3       |
|       fadd_32ns_32ns_32_5_full_dsp_1_U6915                                  | 2    |        | R3_1             | fadd   | fulldsp | 4       |
|       fmul_32ns_32ns_32_4_max_dsp_1_U6963                                   | 3    |        | mul46            | fmul   | maxdsp  | 3       |
|       fadd_32ns_32ns_32_5_full_dsp_1_U6916                                  | 2    |        | S3_1             | fadd   | fulldsp | 4       |
|       fmul_32ns_32ns_32_4_max_dsp_1_U6964                                   | 3    |        | mul47            | fmul   | maxdsp  | 3       |
|       fadd_32ns_32ns_32_5_full_dsp_1_U6917                                  | 2    |        | S4_1             | fadd   | fulldsp | 4       |
|       fmul_32ns_32ns_32_4_max_dsp_1_U6971                                   | 3    |        | mul48            | fmul   | maxdsp  | 3       |
|       fadd_32ns_32ns_32_5_full_dsp_1_U6923                                  | 2    |        | add15            | fadd   | fulldsp | 4       |
|       fmul_32ns_32ns_32_4_max_dsp_1_U6972                                   | 3    |        | mul49            | fmul   | maxdsp  | 3       |
|       fadd_32ns_32ns_32_5_full_dsp_1_U6927                                  | 2    |        | add16            | fadd   | fulldsp | 4       |
|       fmul_32ns_32ns_32_4_max_dsp_1_U6975                                   | 3    |        | mul50            | fmul   | maxdsp  | 3       |
|       fadd_32ns_32ns_32_5_full_dsp_1_U6929                                  | 2    |        | R_1              | fadd   | fulldsp | 4       |
|       fmul_32ns_32ns_32_4_max_dsp_1_U6973                                   | 3    |        | mul51            | fmul   | maxdsp  | 3       |
|       fadd_32ns_32ns_32_5_full_dsp_1_U6924                                  | 2    |        | add17            | fadd   | fulldsp | 4       |
|       fmul_32ns_32ns_32_4_max_dsp_1_U6974                                   | 3    |        | mul52            | fmul   | maxdsp  | 3       |
|       fadd_32ns_32ns_32_5_full_dsp_1_U6928                                  | 2    |        | add18            | fadd   | fulldsp | 4       |
|       fmul_32ns_32ns_32_4_max_dsp_1_U6976                                   | 3    |        | mul53            | fmul   | maxdsp  | 3       |
|       fadd_32ns_32ns_32_5_full_dsp_1_U6930                                  | 2    |        | S_1              | fadd   | fulldsp | 4       |
|       fmul_32ns_32ns_32_4_max_dsp_1_U6937                                   | 3    |        | mul54            | fmul   | maxdsp  | 3       |
|       fadd_32ns_32ns_32_5_full_dsp_1_U6896                                  | 2    |        | x_assign         | fadd   | fulldsp | 4       |
|       fexp_32ns_32ns_32_8_full_dsp_1_U6986                                  | 7    |        | tmp              | fexp   | fulldsp | 7       |
|       faddfsub_32ns_32ns_32_5_full_dsp_1_U6894                              | 2    |        | sub5             | fsub   | fulldsp | 4       |
|       fadd_32ns_32ns_32_5_full_dsp_1_U6895                                  | 2    |        | add19            | fadd   | fulldsp | 4       |
|       fmul_32ns_32ns_32_4_max_dsp_1_U6944                                   | 3    |        | mul55            | fmul   | maxdsp  | 3       |
|       fdiv_32ns_32ns_32_10_no_dsp_1_U6984                                   | -    |        | div4             | fdiv   | fabric  | 9       |
|       fadd_32ns_32ns_32_5_full_dsp_1_U6934                                  | 2    |        | x_assign_s       | fadd   | fulldsp | 4       |
|       fexp_32ns_32ns_32_8_full_dsp_1_U6987                                  | 7    |        | tmp_s            | fexp   | fulldsp | 7       |
|       fmul_32ns_32ns_32_4_max_dsp_1_U6979                                   | 3    |        | r_7              | fmul   | maxdsp  | 3       |
|       fdiv_32ns_32ns_32_10_no_dsp_1_U6985                                   | -    |        | div5             | fdiv   | fabric  | 9       |
|       faddfsub_32ns_32ns_32_5_full_dsp_1_U6935                              | 2    |        | sub6             | fsub   | fulldsp | 4       |
|       faddfsub_32ns_32ns_32_5_full_dsp_1_U6935                              | 2    |        | sub7             | fsub   | fulldsp | 4       |
|       faddfsub_32ns_32ns_32_5_full_dsp_1_U6894                              | 2    |        | s_1              | fsub   | fulldsp | 4       |
|       fmul_32ns_32ns_32_4_max_dsp_1_U6944                                   | 3    |        | mul13            | fmul   | maxdsp  | 3       |
|       fadd_32ns_32ns_32_5_full_dsp_1_U6902                                  | 2    |        | P1               | fadd   | fulldsp | 4       |
|       fmul_32ns_32ns_32_4_max_dsp_1_U6945                                   | 3    |        | s2_1             | fmul   | maxdsp  | 3       |
|       fmul_32ns_32ns_32_4_max_dsp_1_U6946                                   | 3    |        | mul14            | fmul   | maxdsp  | 3       |
|       fadd_32ns_32ns_32_5_full_dsp_1_U6903                                  | 2    |        | Q1               | fadd   | fulldsp | 4       |
|       fmul_32ns_32ns_32_4_max_dsp_1_U6952                                   | 3    |        | s4               | fmul   | maxdsp  | 3       |
|       fmul_32ns_32ns_32_4_max_dsp_1_U6947                                   | 3    |        | mul15            | fmul   | maxdsp  | 3       |
|       fadd_32ns_32ns_32_5_full_dsp_1_U6904                                  | 2    |        | P2               | fadd   | fulldsp | 4       |
|       fmul_32ns_32ns_32_4_max_dsp_1_U6954                                   | 3    |        | s6               | fmul   | maxdsp  | 3       |
|       fmul_32ns_32ns_32_4_max_dsp_1_U6948                                   | 3    |        | mul16            | fmul   | maxdsp  | 3       |
|       fadd_32ns_32ns_32_5_full_dsp_1_U6905                                  | 2    |        | Q2               | fadd   | fulldsp | 4       |
|       fmul_32ns_32ns_32_4_max_dsp_1_U6949                                   | 3    |        | mul17            | fmul   | maxdsp  | 3       |
|       fadd_32ns_32ns_32_5_full_dsp_1_U6906                                  | 2    |        | P3               | fadd   | fulldsp | 4       |
|       fmul_32ns_32ns_32_4_max_dsp_1_U6950                                   | 3    |        | mul18            | fmul   | maxdsp  | 3       |
|       fadd_32ns_32ns_32_5_full_dsp_1_U6907                                  | 2    |        | Q3               | fadd   | fulldsp | 4       |
|       fmul_32ns_32ns_32_4_max_dsp_1_U6957                                   | 3    |        | mul19            | fmul   | maxdsp  | 3       |
|       fadd_32ns_32ns_32_5_full_dsp_1_U6911                                  | 2    |        | add4             | fadd   | fulldsp | 4       |
|       fmul_32ns_32ns_32_4_max_dsp_1_U6958                                   | 3    |        | mul20            | fmul   | maxdsp  | 3       |
|       fadd_32ns_32ns_32_5_full_dsp_1_U6921                                  | 2    |        | add5             | fadd   | fulldsp | 4       |
|       fmul_32ns_32ns_32_4_max_dsp_1_U6966                                   | 3    |        | mul21            | fmul   | maxdsp  | 3       |
|       fadd_32ns_32ns_32_5_full_dsp_1_U6925                                  | 2    |        | P                | fadd   | fulldsp | 4       |
|       fmul_32ns_32ns_32_4_max_dsp_1_U6959                                   | 3    |        | mul22            | fmul   | maxdsp  | 3       |
|       fadd_32ns_32ns_32_5_full_dsp_1_U6912                                  | 2    |        | add7             | fadd   | fulldsp | 4       |
|       fmul_32ns_32ns_32_4_max_dsp_1_U6960                                   | 3    |        | mul23            | fmul   | maxdsp  | 3       |
|       fadd_32ns_32ns_32_5_full_dsp_1_U6922                                  | 2    |        | add8             | fadd   | fulldsp | 4       |
|       fmul_32ns_32ns_32_4_max_dsp_1_U6967                                   | 3    |        | mul24            | fmul   | maxdsp  | 3       |
|       fadd_32ns_32ns_32_5_full_dsp_1_U6926                                  | 2    |        | Q                | fadd   | fulldsp | 4       |
|       fdiv_32ns_32ns_32_10_no_dsp_1_U6983                                   | -    |        | div2             | fdiv   | fabric  | 9       |
|       faddfsub_32ns_32ns_32_5_full_dsp_1_U6933                              | 2    |        | add9             | fadd   | fulldsp | 4       |
|       faddfsub_32ns_32ns_32_5_full_dsp_1_U6933                              | 2    |        | sub2             | fadd   | fulldsp | 4       |
|       fmul_32ns_32ns_32_4_max_dsp_1_U6936                                   | 3    |        | z                | fmul   | maxdsp  | 3       |
|       fmul_32ns_32ns_32_4_max_dsp_1_U6938                                   | 3    |        | mul6             | fmul   | maxdsp  | 3       |
|       fadd_32ns_32ns_32_5_full_dsp_1_U6897                                  | 2    |        | r1               | fadd   | fulldsp | 4       |
|       fmul_32ns_32ns_32_4_max_dsp_1_U6939                                   | 3    |        | z2               | fmul   | maxdsp  | 3       |
|       fmul_32ns_32ns_32_4_max_dsp_1_U6940                                   | 3    |        | mul8             | fmul   | maxdsp  | 3       |
|       fadd_32ns_32ns_32_5_full_dsp_1_U6898                                  | 2    |        | r2               | fadd   | fulldsp | 4       |
|       fmul_32ns_32ns_32_4_max_dsp_1_U6951                                   | 3    |        | z4               | fmul   | maxdsp  | 3       |
|       fmul_32ns_32ns_32_4_max_dsp_1_U6941                                   | 3    |        | mul1             | fmul   | maxdsp  | 3       |
|       fadd_32ns_32ns_32_5_full_dsp_1_U6899                                  | 2    |        | s1               | fadd   | fulldsp | 4       |
|       fmul_32ns_32ns_32_4_max_dsp_1_U6942                                   | 3    |        | mul2             | fmul   | maxdsp  | 3       |
|       fadd_32ns_32ns_32_5_full_dsp_1_U6900                                  | 2    |        | s2               | fadd   | fulldsp | 4       |
|       fmul_32ns_32ns_32_4_max_dsp_1_U6943                                   | 3    |        | mul3             | fmul   | maxdsp  | 3       |
|       fadd_32ns_32ns_32_5_full_dsp_1_U6901                                  | 2    |        | s3               | fadd   | fulldsp | 4       |
|       fmul_32ns_32ns_32_4_max_dsp_1_U6954                                   | 3    |        | mul5             | fmul   | maxdsp  | 3       |
|       fadd_32ns_32ns_32_5_full_dsp_1_U6909                                  | 2    |        | add1             | fadd   | fulldsp | 4       |
|       fmul_32ns_32ns_32_4_max_dsp_1_U6953                                   | 3    |        | mul7             | fmul   | maxdsp  | 3       |
|       fadd_32ns_32ns_32_5_full_dsp_1_U6919                                  | 2    |        | r                | fadd   | fulldsp | 4       |
|       fmul_32ns_32ns_32_4_max_dsp_1_U6955                                   | 3    |        | mul10            | fmul   | maxdsp  | 3       |
|       fadd_32ns_32ns_32_5_full_dsp_1_U6910                                  | 2    |        | add2             | fadd   | fulldsp | 4       |
|       fmul_32ns_32ns_32_4_max_dsp_1_U6956                                   | 3    |        | mul11            | fmul   | maxdsp  | 3       |
|       fadd_32ns_32ns_32_5_full_dsp_1_U6920                                  | 2    |        | s                | fadd   | fulldsp | 4       |
|       fdiv_32ns_32ns_32_10_no_dsp_1_U6982                                   | -    |        | y                | fdiv   | fabric  | 9       |
|       fmul_32ns_32ns_32_4_max_dsp_1_U6978                                   | 3    |        | mul12            | fmul   | maxdsp  | 3       |
|       fadd_32ns_32ns_32_5_full_dsp_1_U6931                                  | 2    |        | add3             | fadd   | fulldsp | 4       |
|       fmul_32ns_32ns_32_4_max_dsp_1_U6936                                   | 3    |        | mul              | fmul   | maxdsp  | 3       |
|       fmul_32ns_32ns_32_4_max_dsp_1_U6937                                   | 3    |        | mul9             | fmul   | maxdsp  | 3       |
|       fadd_32ns_32ns_32_5_full_dsp_1_U6896                                  | 2    |        | add6             | fadd   | fulldsp | 4       |
|       fmul_32ns_32ns_32_4_max_dsp_1_U6952                                   | 3    |        | mul4             | fmul   | maxdsp  | 3       |
|       fdiv_32ns_32ns_32_10_no_dsp_1_U6980                                   | -    |        | div              | fdiv   | fabric  | 9       |
|       fadd_32ns_32ns_32_5_full_dsp_1_U6908                                  | 2    |        | sub              | fadd   | fulldsp | 4       |
|       fadd_32ns_32ns_32_5_full_dsp_1_U6908                                  | 2    |        | add              | fadd   | fulldsp | 4       |
|     + generic_erf_float_s                                                   | 230  |        |                  |        |         |         |
|       fmul_32ns_32ns_32_4_max_dsp_1_U6936                                   | 3    |        | mul25            | fmul   | maxdsp  | 3       |
|       fdiv_32ns_32ns_32_10_no_dsp_1_U6981                                   | -    |        | s_2              | fdiv   | fabric  | 9       |
|       fmul_32ns_32ns_32_4_max_dsp_1_U6957                                   | 3    |        | s2_2             | fmul   | maxdsp  | 3       |
|       fmul_32ns_32ns_32_4_max_dsp_1_U6968                                   | 3    |        | s4_1             | fmul   | maxdsp  | 3       |
|       fmul_32ns_32ns_32_4_max_dsp_1_U6969                                   | 3    |        | s6_1             | fmul   | maxdsp  | 3       |
|       fmul_32ns_32ns_32_4_max_dsp_1_U6958                                   | 3    |        | mul26            | fmul   | maxdsp  | 3       |
|       fadd_32ns_32ns_32_5_full_dsp_1_U6911                                  | 2    |        | R1               | fadd   | fulldsp | 4       |
|       fmul_32ns_32ns_32_4_max_dsp_1_U6959                                   | 3    |        | mul27            | fmul   | maxdsp  | 3       |
|       fadd_32ns_32ns_32_5_full_dsp_1_U6912                                  | 2    |        | S1               | fadd   | fulldsp | 4       |
|       fmul_32ns_32ns_32_4_max_dsp_1_U6960                                   | 3    |        | mul28            | fmul   | maxdsp  | 3       |
|       fadd_32ns_32ns_32_5_full_dsp_1_U6913                                  | 2    |        | R2               | fadd   | fulldsp | 4       |
|       fmul_32ns_32ns_32_4_max_dsp_1_U6961                                   | 3    |        | mul29            | fmul   | maxdsp  | 3       |
|       fadd_32ns_32ns_32_5_full_dsp_1_U6914                                  | 2    |        | S2               | fadd   | fulldsp | 4       |
|       fmul_32ns_32ns_32_4_max_dsp_1_U6970                                   | 3    |        | s8               | fmul   | maxdsp  | 3       |
|       fmul_32ns_32ns_32_4_max_dsp_1_U6962                                   | 3    |        | mul30            | fmul   | maxdsp  | 3       |
|       fadd_32ns_32ns_32_5_full_dsp_1_U6915                                  | 2    |        | R3               | fadd   | fulldsp | 4       |
|       fmul_32ns_32ns_32_4_max_dsp_1_U6963                                   | 3    |        | mul31            | fmul   | maxdsp  | 3       |
|       fadd_32ns_32ns_32_5_full_dsp_1_U6916                                  | 2    |        | S3               | fadd   | fulldsp | 4       |
|       fmul_32ns_32ns_32_4_max_dsp_1_U6964                                   | 3    |        | mul32            | fmul   | maxdsp  | 3       |
|       fadd_32ns_32ns_32_5_full_dsp_1_U6917                                  | 2    |        | R4               | fadd   | fulldsp | 4       |
|       fmul_32ns_32ns_32_4_max_dsp_1_U6965                                   | 3    |        | mul33            | fmul   | maxdsp  | 3       |
|       fadd_32ns_32ns_32_5_full_dsp_1_U6918                                  | 2    |        | S4               | fadd   | fulldsp | 4       |
|       fmul_32ns_32ns_32_4_max_dsp_1_U6971                                   | 3    |        | mul34            | fmul   | maxdsp  | 3       |
|       fadd_32ns_32ns_32_5_full_dsp_1_U6923                                  | 2    |        | add10            | fadd   | fulldsp | 4       |
|       fmul_32ns_32ns_32_4_max_dsp_1_U6972                                   | 3    |        | mul35            | fmul   | maxdsp  | 3       |
|       fadd_32ns_32ns_32_5_full_dsp_1_U6927                                  | 2    |        | add11            | fadd   | fulldsp | 4       |
|       fmul_32ns_32ns_32_4_max_dsp_1_U6975                                   | 3    |        | mul36            | fmul   | maxdsp  | 3       |
|       fadd_32ns_32ns_32_5_full_dsp_1_U6929                                  | 2    |        | R                | fadd   | fulldsp | 4       |
|       fmul_32ns_32ns_32_4_max_dsp_1_U6973                                   | 3    |        | mul37            | fmul   | maxdsp  | 3       |
|       fadd_32ns_32ns_32_5_full_dsp_1_U6924                                  | 2    |        | add12            | fadd   | fulldsp | 4       |
|       fmul_32ns_32ns_32_4_max_dsp_1_U6974                                   | 3    |        | mul38            | fmul   | maxdsp  | 3       |
|       fadd_32ns_32ns_32_5_full_dsp_1_U6928                                  | 2    |        | add13            | fadd   | fulldsp | 4       |
|       fmul_32ns_32ns_32_4_max_dsp_1_U6976                                   | 3    |        | mul39            | fmul   | maxdsp  | 3       |
|       fadd_32ns_32ns_32_5_full_dsp_1_U6930                                  | 2    |        | add14            | fadd   | fulldsp | 4       |
|       fmul_32ns_32ns_32_4_max_dsp_1_U6977                                   | 3    |        | mul40            | fmul   | maxdsp  | 3       |
|       fadd_32ns_32ns_32_5_full_dsp_1_U6932                                  | 2    |        | S                | fadd   | fulldsp | 4       |
|       fmul_32ns_32ns_32_4_max_dsp_1_U6958                                   | 3    |        | mul41            | fmul   | maxdsp  | 3       |
|       fadd_32ns_32ns_32_5_full_dsp_1_U6911                                  | 2    |        | R1_1             | fadd   | fulldsp | 4       |
|       fmul_32ns_32ns_32_4_max_dsp_1_U6959                                   | 3    |        | mul42            | fmul   | maxdsp  | 3       |
|       fadd_32ns_32ns_32_5_full_dsp_1_U6912                                  | 2    |        | S1_1             | fadd   | fulldsp | 4       |
|       fmul_32ns_32ns_32_4_max_dsp_1_U6960                                   | 3    |        | mul43            | fmul   | maxdsp  | 3       |
|       fadd_32ns_32ns_32_5_full_dsp_1_U6913                                  | 2    |        | R2_1             | fadd   | fulldsp | 4       |
|       fmul_32ns_32ns_32_4_max_dsp_1_U6961                                   | 3    |        | mul44            | fmul   | maxdsp  | 3       |
|       fadd_32ns_32ns_32_5_full_dsp_1_U6914                                  | 2    |        | S2_1             | fadd   | fulldsp | 4       |
|       fmul_32ns_32ns_32_4_max_dsp_1_U6962                                   | 3    |        | mul45            | fmul   | maxdsp  | 3       |
|       fadd_32ns_32ns_32_5_full_dsp_1_U6915                                  | 2    |        | R3_1             | fadd   | fulldsp | 4       |
|       fmul_32ns_32ns_32_4_max_dsp_1_U6963                                   | 3    |        | mul46            | fmul   | maxdsp  | 3       |
|       fadd_32ns_32ns_32_5_full_dsp_1_U6916                                  | 2    |        | S3_1             | fadd   | fulldsp | 4       |
|       fmul_32ns_32ns_32_4_max_dsp_1_U6964                                   | 3    |        | mul47            | fmul   | maxdsp  | 3       |
|       fadd_32ns_32ns_32_5_full_dsp_1_U6917                                  | 2    |        | S4_1             | fadd   | fulldsp | 4       |
|       fmul_32ns_32ns_32_4_max_dsp_1_U6971                                   | 3    |        | mul48            | fmul   | maxdsp  | 3       |
|       fadd_32ns_32ns_32_5_full_dsp_1_U6923                                  | 2    |        | add15            | fadd   | fulldsp | 4       |
|       fmul_32ns_32ns_32_4_max_dsp_1_U6972                                   | 3    |        | mul49            | fmul   | maxdsp  | 3       |
|       fadd_32ns_32ns_32_5_full_dsp_1_U6927                                  | 2    |        | add16            | fadd   | fulldsp | 4       |
|       fmul_32ns_32ns_32_4_max_dsp_1_U6975                                   | 3    |        | mul50            | fmul   | maxdsp  | 3       |
|       fadd_32ns_32ns_32_5_full_dsp_1_U6929                                  | 2    |        | R_1              | fadd   | fulldsp | 4       |
|       fmul_32ns_32ns_32_4_max_dsp_1_U6973                                   | 3    |        | mul51            | fmul   | maxdsp  | 3       |
|       fadd_32ns_32ns_32_5_full_dsp_1_U6924                                  | 2    |        | add17            | fadd   | fulldsp | 4       |
|       fmul_32ns_32ns_32_4_max_dsp_1_U6974                                   | 3    |        | mul52            | fmul   | maxdsp  | 3       |
|       fadd_32ns_32ns_32_5_full_dsp_1_U6928                                  | 2    |        | add18            | fadd   | fulldsp | 4       |
|       fmul_32ns_32ns_32_4_max_dsp_1_U6976                                   | 3    |        | mul53            | fmul   | maxdsp  | 3       |
|       fadd_32ns_32ns_32_5_full_dsp_1_U6930                                  | 2    |        | S_1              | fadd   | fulldsp | 4       |
|       fmul_32ns_32ns_32_4_max_dsp_1_U6937                                   | 3    |        | mul54            | fmul   | maxdsp  | 3       |
|       fadd_32ns_32ns_32_5_full_dsp_1_U6896                                  | 2    |        | x_assign         | fadd   | fulldsp | 4       |
|       fexp_32ns_32ns_32_8_full_dsp_1_U6986                                  | 7    |        | tmp              | fexp   | fulldsp | 7       |
|       faddfsub_32ns_32ns_32_5_full_dsp_1_U6894                              | 2    |        | sub5             | fsub   | fulldsp | 4       |
|       fadd_32ns_32ns_32_5_full_dsp_1_U6895                                  | 2    |        | add19            | fadd   | fulldsp | 4       |
|       fmul_32ns_32ns_32_4_max_dsp_1_U6944                                   | 3    |        | mul55            | fmul   | maxdsp  | 3       |
|       fdiv_32ns_32ns_32_10_no_dsp_1_U6984                                   | -    |        | div4             | fdiv   | fabric  | 9       |
|       fadd_32ns_32ns_32_5_full_dsp_1_U6934                                  | 2    |        | x_assign_s       | fadd   | fulldsp | 4       |
|       fexp_32ns_32ns_32_8_full_dsp_1_U6987                                  | 7    |        | tmp_s            | fexp   | fulldsp | 7       |
|       fmul_32ns_32ns_32_4_max_dsp_1_U6979                                   | 3    |        | r_7              | fmul   | maxdsp  | 3       |
|       fdiv_32ns_32ns_32_10_no_dsp_1_U6985                                   | -    |        | div5             | fdiv   | fabric  | 9       |
|       faddfsub_32ns_32ns_32_5_full_dsp_1_U6935                              | 2    |        | sub6             | fsub   | fulldsp | 4       |
|       faddfsub_32ns_32ns_32_5_full_dsp_1_U6935                              | 2    |        | sub7             | fsub   | fulldsp | 4       |
|       faddfsub_32ns_32ns_32_5_full_dsp_1_U6894                              | 2    |        | s_1              | fsub   | fulldsp | 4       |
|       fmul_32ns_32ns_32_4_max_dsp_1_U6944                                   | 3    |        | mul13            | fmul   | maxdsp  | 3       |
|       fadd_32ns_32ns_32_5_full_dsp_1_U6902                                  | 2    |        | P1               | fadd   | fulldsp | 4       |
|       fmul_32ns_32ns_32_4_max_dsp_1_U6945                                   | 3    |        | s2_1             | fmul   | maxdsp  | 3       |
|       fmul_32ns_32ns_32_4_max_dsp_1_U6946                                   | 3    |        | mul14            | fmul   | maxdsp  | 3       |
|       fadd_32ns_32ns_32_5_full_dsp_1_U6903                                  | 2    |        | Q1               | fadd   | fulldsp | 4       |
|       fmul_32ns_32ns_32_4_max_dsp_1_U6952                                   | 3    |        | s4               | fmul   | maxdsp  | 3       |
|       fmul_32ns_32ns_32_4_max_dsp_1_U6947                                   | 3    |        | mul15            | fmul   | maxdsp  | 3       |
|       fadd_32ns_32ns_32_5_full_dsp_1_U6904                                  | 2    |        | P2               | fadd   | fulldsp | 4       |
|       fmul_32ns_32ns_32_4_max_dsp_1_U6954                                   | 3    |        | s6               | fmul   | maxdsp  | 3       |
|       fmul_32ns_32ns_32_4_max_dsp_1_U6948                                   | 3    |        | mul16            | fmul   | maxdsp  | 3       |
|       fadd_32ns_32ns_32_5_full_dsp_1_U6905                                  | 2    |        | Q2               | fadd   | fulldsp | 4       |
|       fmul_32ns_32ns_32_4_max_dsp_1_U6949                                   | 3    |        | mul17            | fmul   | maxdsp  | 3       |
|       fadd_32ns_32ns_32_5_full_dsp_1_U6906                                  | 2    |        | P3               | fadd   | fulldsp | 4       |
|       fmul_32ns_32ns_32_4_max_dsp_1_U6950                                   | 3    |        | mul18            | fmul   | maxdsp  | 3       |
|       fadd_32ns_32ns_32_5_full_dsp_1_U6907                                  | 2    |        | Q3               | fadd   | fulldsp | 4       |
|       fmul_32ns_32ns_32_4_max_dsp_1_U6957                                   | 3    |        | mul19            | fmul   | maxdsp  | 3       |
|       fadd_32ns_32ns_32_5_full_dsp_1_U6911                                  | 2    |        | add4             | fadd   | fulldsp | 4       |
|       fmul_32ns_32ns_32_4_max_dsp_1_U6958                                   | 3    |        | mul20            | fmul   | maxdsp  | 3       |
|       fadd_32ns_32ns_32_5_full_dsp_1_U6921                                  | 2    |        | add5             | fadd   | fulldsp | 4       |
|       fmul_32ns_32ns_32_4_max_dsp_1_U6966                                   | 3    |        | mul21            | fmul   | maxdsp  | 3       |
|       fadd_32ns_32ns_32_5_full_dsp_1_U6925                                  | 2    |        | P                | fadd   | fulldsp | 4       |
|       fmul_32ns_32ns_32_4_max_dsp_1_U6959                                   | 3    |        | mul22            | fmul   | maxdsp  | 3       |
|       fadd_32ns_32ns_32_5_full_dsp_1_U6912                                  | 2    |        | add7             | fadd   | fulldsp | 4       |
|       fmul_32ns_32ns_32_4_max_dsp_1_U6960                                   | 3    |        | mul23            | fmul   | maxdsp  | 3       |
|       fadd_32ns_32ns_32_5_full_dsp_1_U6922                                  | 2    |        | add8             | fadd   | fulldsp | 4       |
|       fmul_32ns_32ns_32_4_max_dsp_1_U6967                                   | 3    |        | mul24            | fmul   | maxdsp  | 3       |
|       fadd_32ns_32ns_32_5_full_dsp_1_U6926                                  | 2    |        | Q                | fadd   | fulldsp | 4       |
|       fdiv_32ns_32ns_32_10_no_dsp_1_U6983                                   | -    |        | div2             | fdiv   | fabric  | 9       |
|       faddfsub_32ns_32ns_32_5_full_dsp_1_U6933                              | 2    |        | add9             | fadd   | fulldsp | 4       |
|       faddfsub_32ns_32ns_32_5_full_dsp_1_U6933                              | 2    |        | sub2             | fadd   | fulldsp | 4       |
|       fmul_32ns_32ns_32_4_max_dsp_1_U6936                                   | 3    |        | z                | fmul   | maxdsp  | 3       |
|       fmul_32ns_32ns_32_4_max_dsp_1_U6938                                   | 3    |        | mul6             | fmul   | maxdsp  | 3       |
|       fadd_32ns_32ns_32_5_full_dsp_1_U6897                                  | 2    |        | r1               | fadd   | fulldsp | 4       |
|       fmul_32ns_32ns_32_4_max_dsp_1_U6939                                   | 3    |        | z2               | fmul   | maxdsp  | 3       |
|       fmul_32ns_32ns_32_4_max_dsp_1_U6940                                   | 3    |        | mul8             | fmul   | maxdsp  | 3       |
|       fadd_32ns_32ns_32_5_full_dsp_1_U6898                                  | 2    |        | r2               | fadd   | fulldsp | 4       |
|       fmul_32ns_32ns_32_4_max_dsp_1_U6951                                   | 3    |        | z4               | fmul   | maxdsp  | 3       |
|       fmul_32ns_32ns_32_4_max_dsp_1_U6941                                   | 3    |        | mul1             | fmul   | maxdsp  | 3       |
|       fadd_32ns_32ns_32_5_full_dsp_1_U6899                                  | 2    |        | s1               | fadd   | fulldsp | 4       |
|       fmul_32ns_32ns_32_4_max_dsp_1_U6942                                   | 3    |        | mul2             | fmul   | maxdsp  | 3       |
|       fadd_32ns_32ns_32_5_full_dsp_1_U6900                                  | 2    |        | s2               | fadd   | fulldsp | 4       |
|       fmul_32ns_32ns_32_4_max_dsp_1_U6943                                   | 3    |        | mul3             | fmul   | maxdsp  | 3       |
|       fadd_32ns_32ns_32_5_full_dsp_1_U6901                                  | 2    |        | s3               | fadd   | fulldsp | 4       |
|       fmul_32ns_32ns_32_4_max_dsp_1_U6954                                   | 3    |        | mul5             | fmul   | maxdsp  | 3       |
|       fadd_32ns_32ns_32_5_full_dsp_1_U6909                                  | 2    |        | add1             | fadd   | fulldsp | 4       |
|       fmul_32ns_32ns_32_4_max_dsp_1_U6953                                   | 3    |        | mul7             | fmul   | maxdsp  | 3       |
|       fadd_32ns_32ns_32_5_full_dsp_1_U6919                                  | 2    |        | r                | fadd   | fulldsp | 4       |
|       fmul_32ns_32ns_32_4_max_dsp_1_U6955                                   | 3    |        | mul10            | fmul   | maxdsp  | 3       |
|       fadd_32ns_32ns_32_5_full_dsp_1_U6910                                  | 2    |        | add2             | fadd   | fulldsp | 4       |
|       fmul_32ns_32ns_32_4_max_dsp_1_U6956                                   | 3    |        | mul11            | fmul   | maxdsp  | 3       |
|       fadd_32ns_32ns_32_5_full_dsp_1_U6920                                  | 2    |        | s                | fadd   | fulldsp | 4       |
|       fdiv_32ns_32ns_32_10_no_dsp_1_U6982                                   | -    |        | y                | fdiv   | fabric  | 9       |
|       fmul_32ns_32ns_32_4_max_dsp_1_U6978                                   | 3    |        | mul12            | fmul   | maxdsp  | 3       |
|       fadd_32ns_32ns_32_5_full_dsp_1_U6931                                  | 2    |        | add3             | fadd   | fulldsp | 4       |
|       fmul_32ns_32ns_32_4_max_dsp_1_U6936                                   | 3    |        | mul              | fmul   | maxdsp  | 3       |
|       fmul_32ns_32ns_32_4_max_dsp_1_U6937                                   | 3    |        | mul9             | fmul   | maxdsp  | 3       |
|       fadd_32ns_32ns_32_5_full_dsp_1_U6896                                  | 2    |        | add6             | fadd   | fulldsp | 4       |
|       fmul_32ns_32ns_32_4_max_dsp_1_U6952                                   | 3    |        | mul4             | fmul   | maxdsp  | 3       |
|       fdiv_32ns_32ns_32_10_no_dsp_1_U6980                                   | -    |        | div              | fdiv   | fabric  | 9       |
|       fadd_32ns_32ns_32_5_full_dsp_1_U6908                                  | 2    |        | sub              | fadd   | fulldsp | 4       |
|       fadd_32ns_32ns_32_5_full_dsp_1_U6908                                  | 2    |        | add              | fadd   | fulldsp | 4       |
|    + linear_hidden_to_ffn_parallel_hls_Pipeline_FFN1_LOAD_W                 | 0    |        |                  |        |         |         |
|      add_ln49_fu_3538_p2                                                    | -    |        | add_ln49         | add    | fabric  | 0       |
|      add_ln51_fu_3548_p2                                                    | -    |        | add_ln51         | add    | fabric  | 0       |
|      sub_ln51_fu_3578_p2                                                    | -    |        | sub_ln51         | sub    | fabric  | 0       |
|      tmp1_fu_3588_p2                                                        | -    |        | tmp1             | add    | tadder  | 0       |
|      add_ln51_2107_fu_3594_p2                                               | -    |        | add_ln51_2107    | add    | tadder  | 0       |
|      empty_883_fu_3612_p2                                                   | -    |        | empty_883        | add    | fabric  | 0       |
|    + linear_hidden_to_ffn_parallel_hls_Pipeline_FFN1_TOKEN_DOT              | 0    |        |                  |        |         |         |
|      add_ln55_fu_2514_p2                                                    | -    |        | add_ln55         | add    | fabric  | 0       |
|      sub_ln63_fu_2544_p2                                                    | -    |        | sub_ln63         | add    | tadder  | 0       |
|      add_ln63_fu_2550_p2                                                    | -    |        | add_ln63         | add    | tadder  | 0       |
|   + linear_ffn_to_hidden_parallel_hls                                       | 0    |        |                  |        |         |         |
|     bias_base_fu_3457_p2                                                    | -    |        | bias_base        | sub    | fabric  | 0       |
|     add_ln110_fu_3491_p2                                                    | -    |        | add_ln110        | add    | fabric  | 0       |
|     add_ln112_fu_3508_p2                                                    | -    |        | add_ln112        | add    | fabric  | 0       |
|     add_ln121_fu_3667_p2                                                    | -    |        | add_ln121        | add    | fabric  | 0       |
|     add_ln98_fu_3673_p2                                                     | -    |        | add_ln98         | add    | fabric  | 0       |
|    + linear_ffn_to_hidden_parallel_hls_Pipeline_FFN2_LOAD_BIAS              | 0    |        |                  |        |         |         |
|      r_fu_512_p2                                                            | -    |        | r                | add    | fabric  | 0       |
|      sub_ln708_fu_560_p2                                                    | -    |        | sub_ln708        | sub    | fabric  | 0       |
|      sub_ln708_13_fu_572_p2                                                 | -    |        | sub_ln708_13     | sub    | fabric  | 0       |
|      sub_ln708_14_fu_602_p2                                                 | -    |        | sub_ln708_14     | sub    | fabric  | 0       |
|    + linear_ffn_to_hidden_parallel_hls_Pipeline_FFN2_INIT_TOKEN             | 0    |        |                  |        |         |         |
|      add_ln111_fu_428_p2                                                    | -    |        | add_ln111        | add    | fabric  | 0       |
|    + linear_ffn_to_hidden_parallel_hls_Pipeline_FFN2_STORE_TOKEN            | 0    |        |                  |        |         |         |
|      add_ln153_fu_632_p2                                                    | -    |        | add_ln153        | add    | fabric  | 0       |
|      sub_ln158_fu_685_p2                                                    | -    |        | sub_ln158        | add    | tadder  | 0       |
|      add_ln158_fu_691_p2                                                    | -    |        | add_ln158        | add    | tadder  | 0       |
|    + linear_ffn_to_hidden_parallel_hls_Pipeline_FFN2_LOAD_W                 | 0    |        |                  |        |         |         |
|      add_ln127_fu_6884_p2                                                   | -    |        | add_ln127        | add    | fabric  | 0       |
|      add_ln129_fu_6894_p2                                                   | -    |        | add_ln129        | add    | fabric  | 0       |
|      sub_ln129_fu_6924_p2                                                   | -    |        | sub_ln129        | sub    | fabric  | 0       |
|      tmp_fu_6934_p2                                                         | -    |        | tmp              | add    | tadder  | 0       |
|      add_ln129_2269_fu_6940_p2                                              | -    |        | add_ln129_2269   | add    | tadder  | 0       |
|      empty_1145_fu_6958_p2                                                  | -    |        | empty_1145       | add    | fabric  | 0       |
|    + linear_ffn_to_hidden_parallel_hls_Pipeline_FFN2_TOKEN_DOT              | 0    |        |                  |        |         |         |
|      add_ln133_fu_4714_p2                                                   | -    |        | add_ln133        | add    | fabric  | 0       |
|      sub_ln141_fu_4744_p2                                                   | -    |        | sub_ln141        | add    | tadder  | 0       |
|      add_ln141_fu_4750_p2                                                   | -    |        | add_ln141        | add    | tadder  | 0       |
|  + distilbert_hls_top_Pipeline_STORE_OUTPUT_STORE_OUTPUT_PACK               | 0    |        |                  |        |         |         |
|    add_ln126_1_fu_368_p2                                                    | -    |        | add_ln126_1      | add    | fabric  | 0       |
|    add_ln126_fu_380_p2                                                      | -    |        | add_ln126        | add    | fabric  | 0       |
|    sub_ln134_fu_432_p2                                                      | -    |        | sub_ln134        | add    | tadder  | 0       |
|    add_ln134_fu_442_p2                                                      | -    |        | add_ln134        | add    | tadder  | 0       |
|    add_ln128_fu_468_p2                                                      | -    |        | add_ln128        | add    | fabric  | 0       |
+-----------------------------------------------------------------------------+------+--------+------------------+--------+---------+---------+


================================================================
== Bind Storage Report
================================================================
+------------------------------------------------------------------------------------------------------------------------------------------------------------------------------------------------------------------+------+------+--------+-------------------------------------------------------------------------------------------------------------------------------------------------------------------------------------------------------------+---------+------+---------+
| Name                                                                                                                                                                                                             | BRAM | URAM | Pragma | Variable                                                                                                                                                                                                    | Storage | Impl | Latency |
+------------------------------------------------------------------------------------------------------------------------------------------------------------------------------------------------------------------+------+------+--------+-------------------------------------------------------------------------------------------------------------------------------------------------------------------------------------------------------------+---------+------+---------+
| + distilbert_hls_top                                                                                                                                                                                             | 426  | 160  |        |                                                                                                                                                                                                             |         |      |         |
|   hidden_U                                                                                                                                                                                                       | -    | 1    | pragma | hidden                                                                                                                                                                                                      | ram_2p  | uram | 1       |
|   hidden_1_U                                                                                                                                                                                                     | -    | 1    | pragma | hidden_1                                                                                                                                                                                                    | ram_2p  | uram | 1       |
|   hidden_2_U                                                                                                                                                                                                     | -    | 1    | pragma | hidden_2                                                                                                                                                                                                    | ram_2p  | uram | 1       |
|   hidden_3_U                                                                                                                                                                                                     | -    | 1    | pragma | hidden_3                                                                                                                                                                                                    | ram_2p  | uram | 1       |
|   hidden_4_U                                                                                                                                                                                                     | -    | 1    | pragma | hidden_4                                                                                                                                                                                                    | ram_2p  | uram | 1       |
|   hidden_5_U                                                                                                                                                                                                     | -    | 1    | pragma | hidden_5                                                                                                                                                                                                    | ram_2p  | uram | 1       |
|   hidden_6_U                                                                                                                                                                                                     | -    | 1    | pragma | hidden_6                                                                                                                                                                                                    | ram_2p  | uram | 1       |
|   hidden_7_U                                                                                                                                                                                                     | -    | 1    | pragma | hidden_7                                                                                                                                                                                                    | ram_2p  | uram | 1       |
|   hidden_8_U                                                                                                                                                                                                     | -    | 1    | pragma | hidden_8                                                                                                                                                                                                    | ram_2p  | uram | 1       |
|   hidden_9_U                                                                                                                                                                                                     | -    | 1    | pragma | hidden_9                                                                                                                                                                                                    | ram_2p  | uram | 1       |
|   p_ZZ18distilbert_hls_topE6hidden_10_U                                                                                                                                                                          | -    | 1    | pragma | p_ZZ18distilbert_hls_topE6hidden_10                                                                                                                                                                         | ram_2p  | uram | 1       |
|   p_ZZ18distilbert_hls_topE6hidden_11_U                                                                                                                                                                          | -    | 1    | pragma | p_ZZ18distilbert_hls_topE6hidden_11                                                                                                                                                                         | ram_2p  | uram | 1       |
|   p_ZZ18distilbert_hls_topE6hidden_12_U                                                                                                                                                                          | -    | 1    | pragma | p_ZZ18distilbert_hls_topE6hidden_12                                                                                                                                                                         | ram_2p  | uram | 1       |
|   p_ZZ18distilbert_hls_topE6hidden_13_U                                                                                                                                                                          | -    | 1    | pragma | p_ZZ18distilbert_hls_topE6hidden_13                                                                                                                                                                         | ram_2p  | uram | 1       |
|   p_ZZ18distilbert_hls_topE6hidden_14_U                                                                                                                                                                          | -    | 1    | pragma | p_ZZ18distilbert_hls_topE6hidden_14                                                                                                                                                                         | ram_2p  | uram | 1       |
|   p_ZZ18distilbert_hls_topE6hidden_15_U                                                                                                                                                                          | -    | 1    | pragma | p_ZZ18distilbert_hls_topE6hidden_15                                                                                                                                                                         | ram_2p  | uram | 1       |
|   att_out_U                                                                                                                                                                                                      | -    | 1    | pragma | att_out                                                                                                                                                                                                     | ram_2p  | uram | 1       |
|   att_out_1_U                                                                                                                                                                                                    | -    | 1    | pragma | att_out_1                                                                                                                                                                                                   | ram_2p  | uram | 1       |
|   att_out_2_U                                                                                                                                                                                                    | -    | 1    | pragma | att_out_2                                                                                                                                                                                                   | ram_2p  | uram | 1       |
|   att_out_3_U                                                                                                                                                                                                    | -    | 1    | pragma | att_out_3                                                                                                                                                                                                   | ram_2p  | uram | 1       |
|   att_out_4_U                                                                                                                                                                                                    | -    | 1    | pragma | att_out_4                                                                                                                                                                                                   | ram_2p  | uram | 1       |
|   att_out_5_U                                                                                                                                                                                                    | -    | 1    | pragma | att_out_5                                                                                                                                                                                                   | ram_2p  | uram | 1       |
|   att_out_6_U                                                                                                                                                                                                    | -    | 1    | pragma | att_out_6                                                                                                                                                                                                   | ram_2p  | uram | 1       |
|   att_out_7_U                                                                                                                                                                                                    | -    | 1    | pragma | att_out_7                                                                                                                                                                                                   | ram_2p  | uram | 1       |
|   att_out_8_U                                                                                                                                                                                                    | -    | 1    | pragma | att_out_8                                                                                                                                                                                                   | ram_2p  | uram | 1       |
|   att_out_9_U                                                                                                                                                                                                    | -    | 1    | pragma | att_out_9                                                                                                                                                                                                   | ram_2p  | uram | 1       |
|   p_ZZ18distilbert_hls_topE7att_out_10_U                                                                                                                                                                         | -    | 1    | pragma | p_ZZ18distilbert_hls_topE7att_out_10                                                                                                                                                                        | ram_2p  | uram | 1       |
|   p_ZZ18distilbert_hls_topE7att_out_11_U                                                                                                                                                                         | -    | 1    | pragma | p_ZZ18distilbert_hls_topE7att_out_11                                                                                                                                                                        | ram_2p  | uram | 1       |
|   p_ZZ18distilbert_hls_topE7att_out_12_U                                                                                                                                                                         | -    | 1    | pragma | p_ZZ18distilbert_hls_topE7att_out_12                                                                                                                                                                        | ram_2p  | uram | 1       |
|   p_ZZ18distilbert_hls_topE7att_out_13_U                                                                                                                                                                         | -    | 1    | pragma | p_ZZ18distilbert_hls_topE7att_out_13                                                                                                                                                                        | ram_2p  | uram | 1       |
|   p_ZZ18distilbert_hls_topE7att_out_14_U                                                                                                                                                                         | -    | 1    | pragma | p_ZZ18distilbert_hls_topE7att_out_14                                                                                                                                                                        | ram_2p  | uram | 1       |
|   p_ZZ18distilbert_hls_topE7att_out_15_U                                                                                                                                                                         | -    | 1    | pragma | p_ZZ18distilbert_hls_topE7att_out_15                                                                                                                                                                        | ram_2p  | uram | 1       |
|   ffn_out_U                                                                                                                                                                                                      | -    | 1    | pragma | ffn_out                                                                                                                                                                                                     | ram_2p  | uram | 1       |
|   ffn_out_1_U                                                                                                                                                                                                    | -    | 1    | pragma | ffn_out_1                                                                                                                                                                                                   | ram_2p  | uram | 1       |
|   ffn_out_2_U                                                                                                                                                                                                    | -    | 1    | pragma | ffn_out_2                                                                                                                                                                                                   | ram_2p  | uram | 1       |
|   ffn_out_3_U                                                                                                                                                                                                    | -    | 1    | pragma | ffn_out_3                                                                                                                                                                                                   | ram_2p  | uram | 1       |
|   ffn_out_4_U                                                                                                                                                                                                    | -    | 1    | pragma | ffn_out_4                                                                                                                                                                                                   | ram_2p  | uram | 1       |
|   ffn_out_5_U                                                                                                                                                                                                    | -    | 1    | pragma | ffn_out_5                                                                                                                                                                                                   | ram_2p  | uram | 1       |
|   ffn_out_6_U                                                                                                                                                                                                    | -    | 1    | pragma | ffn_out_6                                                                                                                                                                                                   | ram_2p  | uram | 1       |
|   ffn_out_7_U                                                                                                                                                                                                    | -    | 1    | pragma | ffn_out_7                                                                                                                                                                                                   | ram_2p  | uram | 1       |
|   ffn_out_8_U                                                                                                                                                                                                    | -    | 1    | pragma | ffn_out_8                                                                                                                                                                                                   | ram_2p  | uram | 1       |
|   ffn_out_9_U                                                                                                                                                                                                    | -    | 1    | pragma | ffn_out_9                                                                                                                                                                                                   | ram_2p  | uram | 1       |
|   p_ZZ18distilbert_hls_topE7ffn_out_10_U                                                                                                                                                                         | -    | 1    | pragma | p_ZZ18distilbert_hls_topE7ffn_out_10                                                                                                                                                                        | ram_2p  | uram | 1       |
|   p_ZZ18distilbert_hls_topE7ffn_out_11_U                                                                                                                                                                         | -    | 1    | pragma | p_ZZ18distilbert_hls_topE7ffn_out_11                                                                                                                                                                        | ram_2p  | uram | 1       |
|   p_ZZ18distilbert_hls_topE7ffn_out_12_U                                                                                                                                                                         | -    | 1    | pragma | p_ZZ18distilbert_hls_topE7ffn_out_12                                                                                                                                                                        | ram_2p  | uram | 1       |
|   p_ZZ18distilbert_hls_topE7ffn_out_13_U                                                                                                                                                                         | -    | 1    | pragma | p_ZZ18distilbert_hls_topE7ffn_out_13                                                                                                                                                                        | ram_2p  | uram | 1       |
|   p_ZZ18distilbert_hls_topE7ffn_out_14_U                                                                                                                                                                         | -    | 1    | pragma | p_ZZ18distilbert_hls_topE7ffn_out_14                                                                                                                                                                        | ram_2p  | uram | 1       |
|   p_ZZ18distilbert_hls_topE7ffn_out_15_U                                                                                                                                                                         | -    | 1    | pragma | p_ZZ18distilbert_hls_topE7ffn_out_15                                                                                                                                                                        | ram_2p  | uram | 1       |
|  + embedding_forward_hls                                                                                                                                                                                         | 32   | 0    |        |                                                                                                                                                                                                             |         |      |         |
|    gamma_U                                                                                                                                                                                                       | 1    | -    | yes    | gamma                                                                                                                                                                                                       | ram_2p  | bram | 1       |
|    gamma_1_U                                                                                                                                                                                                     | 1    | -    | yes    | gamma_1                                                                                                                                                                                                     | ram_2p  | bram | 1       |
|    gamma_2_U                                                                                                                                                                                                     | 1    | -    | yes    | gamma_2                                                                                                                                                                                                     | ram_2p  | bram | 1       |
|    gamma_3_U                                                                                                                                                                                                     | 1    | -    | yes    | gamma_3                                                                                                                                                                                                     | ram_2p  | bram | 1       |
|    gamma_4_U                                                                                                                                                                                                     | 1    | -    | yes    | gamma_4                                                                                                                                                                                                     | ram_2p  | bram | 1       |
|    gamma_5_U                                                                                                                                                                                                     | 1    | -    | yes    | gamma_5                                                                                                                                                                                                     | ram_2p  | bram | 1       |
|    gamma_6_U                                                                                                                                                                                                     | 1    | -    | yes    | gamma_6                                                                                                                                                                                                     | ram_2p  | bram | 1       |
|    gamma_7_U                                                                                                                                                                                                     | 1    | -    | yes    | gamma_7                                                                                                                                                                                                     | ram_2p  | bram | 1       |
|    gamma_8_U                                                                                                                                                                                                     | 1    | -    | yes    | gamma_8                                                                                                                                                                                                     | ram_2p  | bram | 1       |
|    gamma_9_U                                                                                                                                                                                                     | 1    | -    | yes    | gamma_9                                                                                                                                                                                                     | ram_2p  | bram | 1       |
|    gamma_10_U                                                                                                                                                                                                    | 1    | -    | yes    | gamma_10                                                                                                                                                                                                    | ram_2p  | bram | 1       |
|    gamma_11_U                                                                                                                                                                                                    | 1    | -    | yes    | gamma_11                                                                                                                                                                                                    | ram_2p  | bram | 1       |
|    gamma_12_U                                                                                                                                                                                                    | 1    | -    | yes    | gamma_12                                                                                                                                                                                                    | ram_2p  | bram | 1       |
|    gamma_13_U                                                                                                                                                                                                    | 1    | -    | yes    | gamma_13                                                                                                                                                                                                    | ram_2p  | bram | 1       |
|    gamma_14_U                                                                                                                                                                                                    | 1    | -    | yes    | gamma_14                                                                                                                                                                                                    | ram_2p  | bram | 1       |
|    gamma_15_U                                                                                                                                                                                                    | 1    | -    | yes    | gamma_15                                                                                                                                                                                                    | ram_2p  | bram | 1       |
|    beta_U                                                                                                                                                                                                        | 1    | -    | yes    | beta                                                                                                                                                                                                        | ram_2p  | bram | 1       |
|    beta_1_U                                                                                                                                                                                                      | 1    | -    | yes    | beta_1                                                                                                                                                                                                      | ram_2p  | bram | 1       |
|    beta_2_U                                                                                                                                                                                                      | 1    | -    | yes    | beta_2                                                                                                                                                                                                      | ram_2p  | bram | 1       |
|    beta_3_U                                                                                                                                                                                                      | 1    | -    | yes    | beta_3                                                                                                                                                                                                      | ram_2p  | bram | 1       |
|    beta_4_U                                                                                                                                                                                                      | 1    | -    | yes    | beta_4                                                                                                                                                                                                      | ram_2p  | bram | 1       |
|    beta_5_U                                                                                                                                                                                                      | 1    | -    | yes    | beta_5                                                                                                                                                                                                      | ram_2p  | bram | 1       |
|    beta_6_U                                                                                                                                                                                                      | 1    | -    | yes    | beta_6                                                                                                                                                                                                      | ram_2p  | bram | 1       |
|    beta_7_U                                                                                                                                                                                                      | 1    | -    | yes    | beta_7                                                                                                                                                                                                      | ram_2p  | bram | 1       |
|    beta_8_U                                                                                                                                                                                                      | 1    | -    | yes    | beta_8                                                                                                                                                                                                      | ram_2p  | bram | 1       |
|    beta_9_U                                                                                                                                                                                                      | 1    | -    | yes    | beta_9                                                                                                                                                                                                      | ram_2p  | bram | 1       |
|    beta_10_U                                                                                                                                                                                                     | 1    | -    | yes    | beta_10                                                                                                                                                                                                     | ram_2p  | bram | 1       |
|    beta_11_U                                                                                                                                                                                                     | 1    | -    | yes    | beta_11                                                                                                                                                                                                     | ram_2p  | bram | 1       |
|    beta_12_U                                                                                                                                                                                                     | 1    | -    | yes    | beta_12                                                                                                                                                                                                     | ram_2p  | bram | 1       |
|    beta_13_U                                                                                                                                                                                                     | 1    | -    | yes    | beta_13                                                                                                                                                                                                     | ram_2p  | bram | 1       |
|    beta_14_U                                                                                                                                                                                                     | 1    | -    | yes    | beta_14                                                                                                                                                                                                     | ram_2p  | bram | 1       |
|    beta_15_U                                                                                                                                                                                                     | 1    | -    | yes    | beta_15                                                                                                                                                                                                     | ram_2p  | bram | 1       |
|  + attention_forward_hls                                                                                                                                                                                         | 2    | 64   |        |                                                                                                                                                                                                             |         |      |         |
|    scores_U                                                                                                                                                                                                      | 1    | -    | yes    | scores                                                                                                                                                                                                      | ram_2p  | bram | 1       |
|    probs_U                                                                                                                                                                                                       | 1    | -    | yes    | probs                                                                                                                                                                                                       | ram_2p  | bram | 1       |
|    attention_forward_hls_float_768_int_const_ap_uint_const_ap_uint_512_const_ap_uint_512_const_ap_uint_512_const_ap_uint_512_const_ap_uint_512_const_ap_uint_512_const_ap_uint_512_const_int_float_768_q_buf_9_U | -    | 1    | pragma | attention_forward_hls_float_768_int_const_ap_uint_const_ap_uint_512_const_ap_uint_512_const_ap_uint_512_const_ap_uint_512_const_ap_uint_512_const_ap_uint_512_const_ap_uint_512_const_int_float_768_q_buf_9 | ram_2p  | uram | 1       |
|    attention_forward_hls_float_768_int_const_ap_uint_const_ap_uint_512_const_ap_uint_512_const_ap_uint_512_const_ap_uint_512_const_ap_uint_512_const_ap_uint_512_const_ap_uint_512_const_int_float_768_k_buf_9_U | -    | 1    | pragma | attention_forward_hls_float_768_int_const_ap_uint_const_ap_uint_512_const_ap_uint_512_const_ap_uint_512_const_ap_uint_512_const_ap_uint_512_const_ap_uint_512_const_ap_uint_512_const_int_float_768_k_buf_9 | ram_2p  | uram | 1       |
|    attention_forward_hls_float_768_int_const_ap_uint_const_ap_uint_512_const_ap_uint_512_const_ap_uint_512_const_ap_uint_512_const_ap_uint_512_const_ap_uint_512_const_ap_uint_512_const_int_float_768_v_buf_9_U | -    | 1    | pragma | attention_forward_hls_float_768_int_const_ap_uint_const_ap_uint_512_const_ap_uint_512_const_ap_uint_512_const_ap_uint_512_const_ap_uint_512_const_ap_uint_512_const_ap_uint_512_const_int_float_768_v_buf_9 | ram_2p  | uram | 1       |
|    attention_forward_hls_float_768_int_const_ap_uint_const_ap_uint_512_const_ap_uint_512_const_ap_uint_512_const_ap_uint_512_const_ap_uint_512_const_ap_uint_512_const_ap_uint_512_const_int_float_768_q_buf_8_U | -    | 1    | pragma | attention_forward_hls_float_768_int_const_ap_uint_const_ap_uint_512_const_ap_uint_512_const_ap_uint_512_const_ap_uint_512_const_ap_uint_512_const_ap_uint_512_const_ap_uint_512_const_int_float_768_q_buf_8 | ram_2p  | uram | 1       |
|    attention_forward_hls_float_768_int_const_ap_uint_const_ap_uint_512_const_ap_uint_512_const_ap_uint_512_const_ap_uint_512_const_ap_uint_512_const_ap_uint_512_const_ap_uint_512_const_int_float_768_k_buf_8_U | -    | 1    | pragma | attention_forward_hls_float_768_int_const_ap_uint_const_ap_uint_512_const_ap_uint_512_const_ap_uint_512_const_ap_uint_512_const_ap_uint_512_const_ap_uint_512_const_ap_uint_512_const_int_float_768_k_buf_8 | ram_2p  | uram | 1       |
|    attention_forward_hls_float_768_int_const_ap_uint_const_ap_uint_512_const_ap_uint_512_const_ap_uint_512_const_ap_uint_512_const_ap_uint_512_const_ap_uint_512_const_ap_uint_512_const_int_float_768_v_buf_8_U | -    | 1    | pragma | attention_forward_hls_float_768_int_const_ap_uint_const_ap_uint_512_const_ap_uint_512_const_ap_uint_512_const_ap_uint_512_const_ap_uint_512_const_ap_uint_512_const_ap_uint_512_const_int_float_768_v_buf_8 | ram_2p  | uram | 1       |
|    attention_forward_hls_float_768_int_const_ap_uint_const_ap_uint_512_const_ap_uint_512_const_ap_uint_512_const_ap_uint_512_const_ap_uint_512_const_ap_uint_512_const_ap_uint_512_const_int_float_768_q_buf_7_U | -    | 1    | pragma | attention_forward_hls_float_768_int_const_ap_uint_const_ap_uint_512_const_ap_uint_512_const_ap_uint_512_const_ap_uint_512_const_ap_uint_512_const_ap_uint_512_const_ap_uint_512_const_int_float_768_q_buf_7 | ram_2p  | uram | 1       |
|    attention_forward_hls_float_768_int_const_ap_uint_const_ap_uint_512_const_ap_uint_512_const_ap_uint_512_const_ap_uint_512_const_ap_uint_512_const_ap_uint_512_const_ap_uint_512_const_int_float_768_k_buf_7_U | -    | 1    | pragma | attention_forward_hls_float_768_int_const_ap_uint_const_ap_uint_512_const_ap_uint_512_const_ap_uint_512_const_ap_uint_512_const_ap_uint_512_const_ap_uint_512_const_ap_uint_512_const_int_float_768_k_buf_7 | ram_2p  | uram | 1       |
|    attention_forward_hls_float_768_int_const_ap_uint_const_ap_uint_512_const_ap_uint_512_const_ap_uint_512_const_ap_uint_512_const_ap_uint_512_const_ap_uint_512_const_ap_uint_512_const_int_float_768_v_buf_7_U | -    | 1    | pragma | attention_forward_hls_float_768_int_const_ap_uint_const_ap_uint_512_const_ap_uint_512_const_ap_uint_512_const_ap_uint_512_const_ap_uint_512_const_ap_uint_512_const_ap_uint_512_const_int_float_768_v_buf_7 | ram_2p  | uram | 1       |
|    attention_forward_hls_float_768_int_const_ap_uint_const_ap_uint_512_const_ap_uint_512_const_ap_uint_512_const_ap_uint_512_const_ap_uint_512_const_ap_uint_512_const_ap_uint_512_const_int_float_768_q_buf_6_U | -    | 1    | pragma | attention_forward_hls_float_768_int_const_ap_uint_const_ap_uint_512_const_ap_uint_512_const_ap_uint_512_const_ap_uint_512_const_ap_uint_512_const_ap_uint_512_const_ap_uint_512_const_int_float_768_q_buf_6 | ram_2p  | uram | 1       |
|    attention_forward_hls_float_768_int_const_ap_uint_const_ap_uint_512_const_ap_uint_512_const_ap_uint_512_const_ap_uint_512_const_ap_uint_512_const_ap_uint_512_const_ap_uint_512_const_int_float_768_k_buf_6_U | -    | 1    | pragma | attention_forward_hls_float_768_int_const_ap_uint_const_ap_uint_512_const_ap_uint_512_const_ap_uint_512_const_ap_uint_512_const_ap_uint_512_const_ap_uint_512_const_ap_uint_512_const_int_float_768_k_buf_6 | ram_2p  | uram | 1       |
|    attention_forward_hls_float_768_int_const_ap_uint_const_ap_uint_512_const_ap_uint_512_const_ap_uint_512_const_ap_uint_512_const_ap_uint_512_const_ap_uint_512_const_ap_uint_512_const_int_float_768_v_buf_6_U | -    | 1    | pragma | attention_forward_hls_float_768_int_const_ap_uint_const_ap_uint_512_const_ap_uint_512_const_ap_uint_512_const_ap_uint_512_const_ap_uint_512_const_ap_uint_512_const_ap_uint_512_const_int_float_768_v_buf_6 | ram_2p  | uram | 1       |
|    attention_forward_hls_float_768_int_const_ap_uint_const_ap_uint_512_const_ap_uint_512_const_ap_uint_512_const_ap_uint_512_const_ap_uint_512_const_ap_uint_512_const_ap_uint_512_const_int_float_768_q_buf_5_U | -    | 1    | pragma | attention_forward_hls_float_768_int_const_ap_uint_const_ap_uint_512_const_ap_uint_512_const_ap_uint_512_const_ap_uint_512_const_ap_uint_512_const_ap_uint_512_const_ap_uint_512_const_int_float_768_q_buf_5 | ram_2p  | uram | 1       |
|    attention_forward_hls_float_768_int_const_ap_uint_const_ap_uint_512_const_ap_uint_512_const_ap_uint_512_const_ap_uint_512_const_ap_uint_512_const_ap_uint_512_const_ap_uint_512_const_int_float_768_k_buf_5_U | -    | 1    | pragma | attention_forward_hls_float_768_int_const_ap_uint_const_ap_uint_512_const_ap_uint_512_const_ap_uint_512_const_ap_uint_512_const_ap_uint_512_const_ap_uint_512_const_ap_uint_512_const_int_float_768_k_buf_5 | ram_2p  | uram | 1       |
|    attention_forward_hls_float_768_int_const_ap_uint_const_ap_uint_512_const_ap_uint_512_const_ap_uint_512_const_ap_uint_512_const_ap_uint_512_const_ap_uint_512_const_ap_uint_512_const_int_float_768_v_buf_5_U | -    | 1    | pragma | attention_forward_hls_float_768_int_const_ap_uint_const_ap_uint_512_const_ap_uint_512_const_ap_uint_512_const_ap_uint_512_const_ap_uint_512_const_ap_uint_512_const_ap_uint_512_const_int_float_768_v_buf_5 | ram_2p  | uram | 1       |
|    attention_forward_hls_float_768_int_const_ap_uint_const_ap_uint_512_const_ap_uint_512_const_ap_uint_512_const_ap_uint_512_const_ap_uint_512_const_ap_uint_512_const_ap_uint_512_const_int_float_768_q_buf_4_U | -    | 1    | pragma | attention_forward_hls_float_768_int_const_ap_uint_const_ap_uint_512_const_ap_uint_512_const_ap_uint_512_const_ap_uint_512_const_ap_uint_512_const_ap_uint_512_const_ap_uint_512_const_int_float_768_q_buf_4 | ram_2p  | uram | 1       |
|    attention_forward_hls_float_768_int_const_ap_uint_const_ap_uint_512_const_ap_uint_512_const_ap_uint_512_const_ap_uint_512_const_ap_uint_512_const_ap_uint_512_const_ap_uint_512_const_int_float_768_k_buf_4_U | -    | 1    | pragma | attention_forward_hls_float_768_int_const_ap_uint_const_ap_uint_512_const_ap_uint_512_const_ap_uint_512_const_ap_uint_512_const_ap_uint_512_const_ap_uint_512_const_ap_uint_512_const_int_float_768_k_buf_4 | ram_2p  | uram | 1       |
|    attention_forward_hls_float_768_int_const_ap_uint_const_ap_uint_512_const_ap_uint_512_const_ap_uint_512_const_ap_uint_512_const_ap_uint_512_const_ap_uint_512_const_ap_uint_512_const_int_float_768_v_buf_4_U | -    | 1    | pragma | attention_forward_hls_float_768_int_const_ap_uint_const_ap_uint_512_const_ap_uint_512_const_ap_uint_512_const_ap_uint_512_const_ap_uint_512_const_ap_uint_512_const_ap_uint_512_const_int_float_768_v_buf_4 | ram_2p  | uram | 1       |
|    attention_forward_hls_float_768_int_const_ap_uint_const_ap_uint_512_const_ap_uint_512_const_ap_uint_512_const_ap_uint_512_const_ap_uint_512_const_ap_uint_512_const_ap_uint_512_const_int_float_768_q_buf_3_U | -    | 1    | pragma | attention_forward_hls_float_768_int_const_ap_uint_const_ap_uint_512_const_ap_uint_512_const_ap_uint_512_const_ap_uint_512_const_ap_uint_512_const_ap_uint_512_const_ap_uint_512_const_int_float_768_q_buf_3 | ram_2p  | uram | 1       |
|    attention_forward_hls_float_768_int_const_ap_uint_const_ap_uint_512_const_ap_uint_512_const_ap_uint_512_const_ap_uint_512_const_ap_uint_512_const_ap_uint_512_const_ap_uint_512_const_int_float_768_k_buf_3_U | -    | 1    | pragma | attention_forward_hls_float_768_int_const_ap_uint_const_ap_uint_512_const_ap_uint_512_const_ap_uint_512_const_ap_uint_512_const_ap_uint_512_const_ap_uint_512_const_ap_uint_512_const_int_float_768_k_buf_3 | ram_2p  | uram | 1       |
|    attention_forward_hls_float_768_int_const_ap_uint_const_ap_uint_512_const_ap_uint_512_const_ap_uint_512_const_ap_uint_512_const_ap_uint_512_const_ap_uint_512_const_ap_uint_512_const_int_float_768_v_buf_3_U | -    | 1    | pragma | attention_forward_hls_float_768_int_const_ap_uint_const_ap_uint_512_const_ap_uint_512_const_ap_uint_512_const_ap_uint_512_const_ap_uint_512_const_ap_uint_512_const_ap_uint_512_const_int_float_768_v_buf_3 | ram_2p  | uram | 1       |
|    attention_forward_hls_float_768_int_const_ap_uint_const_ap_uint_512_const_ap_uint_512_const_ap_uint_512_const_ap_uint_512_const_ap_uint_512_const_ap_uint_512_const_ap_uint_512_const_int_float_768_q_buf_2_U | -    | 1    | pragma | attention_forward_hls_float_768_int_const_ap_uint_const_ap_uint_512_const_ap_uint_512_const_ap_uint_512_const_ap_uint_512_const_ap_uint_512_const_ap_uint_512_const_ap_uint_512_const_int_float_768_q_buf_2 | ram_2p  | uram | 1       |
|    attention_forward_hls_float_768_int_const_ap_uint_const_ap_uint_512_const_ap_uint_512_const_ap_uint_512_const_ap_uint_512_const_ap_uint_512_const_ap_uint_512_const_ap_uint_512_const_int_float_768_k_buf_2_U | -    | 1    | pragma | attention_forward_hls_float_768_int_const_ap_uint_const_ap_uint_512_const_ap_uint_512_const_ap_uint_512_const_ap_uint_512_const_ap_uint_512_const_ap_uint_512_const_ap_uint_512_const_int_float_768_k_buf_2 | ram_2p  | uram | 1       |
|    attention_forward_hls_float_768_int_const_ap_uint_const_ap_uint_512_const_ap_uint_512_const_ap_uint_512_const_ap_uint_512_const_ap_uint_512_const_ap_uint_512_const_ap_uint_512_const_int_float_768_v_buf_2_U | -    | 1    | pragma | attention_forward_hls_float_768_int_const_ap_uint_const_ap_uint_512_const_ap_uint_512_const_ap_uint_512_const_ap_uint_512_const_ap_uint_512_const_ap_uint_512_const_ap_uint_512_const_int_float_768_v_buf_2 | ram_2p  | uram | 1       |
|    attention_forward_hls_float_768_int_const_ap_uint_const_ap_uint_512_const_ap_uint_512_const_ap_uint_512_const_ap_uint_512_const_ap_uint_512_const_ap_uint_512_const_ap_uint_512_const_int_float_768_q_buf_1_U | -    | 1    | pragma | attention_forward_hls_float_768_int_const_ap_uint_const_ap_uint_512_const_ap_uint_512_const_ap_uint_512_const_ap_uint_512_const_ap_uint_512_const_ap_uint_512_const_ap_uint_512_const_int_float_768_q_buf_1 | ram_2p  | uram | 1       |
|    attention_forward_hls_float_768_int_const_ap_uint_const_ap_uint_512_const_ap_uint_512_const_ap_uint_512_const_ap_uint_512_const_ap_uint_512_const_ap_uint_512_const_ap_uint_512_const_int_float_768_k_buf_1_U | -    | 1    | pragma | attention_forward_hls_float_768_int_const_ap_uint_const_ap_uint_512_const_ap_uint_512_const_ap_uint_512_const_ap_uint_512_const_ap_uint_512_const_ap_uint_512_const_ap_uint_512_const_int_float_768_k_buf_1 | ram_2p  | uram | 1       |
|    attention_forward_hls_float_768_int_const_ap_uint_const_ap_uint_512_const_ap_uint_512_const_ap_uint_512_const_ap_uint_512_const_ap_uint_512_const_ap_uint_512_const_ap_uint_512_const_int_float_768_v_buf_1_U | -    | 1    | pragma | attention_forward_hls_float_768_int_const_ap_uint_const_ap_uint_512_const_ap_uint_512_const_ap_uint_512_const_ap_uint_512_const_ap_uint_512_const_ap_uint_512_const_ap_uint_512_const_int_float_768_v_buf_1 | ram_2p  | uram | 1       |
|    attention_forward_hls_float_768_int_const_ap_uint_const_ap_uint_512_const_ap_uint_512_const_ap_uint_512_const_ap_uint_512_const_ap_uint_512_const_ap_uint_512_const_ap_uint_512_const_int_float_768_q_buf_U   | -    | 1    | pragma | attention_forward_hls_float_768_int_const_ap_uint_const_ap_uint_512_const_ap_uint_512_const_ap_uint_512_const_ap_uint_512_const_ap_uint_512_const_ap_uint_512_const_ap_uint_512_const_int_float_768_q_buf   | ram_2p  | uram | 1       |
|    attention_forward_hls_float_768_int_const_ap_uint_const_ap_uint_512_const_ap_uint_512_const_ap_uint_512_const_ap_uint_512_const_ap_uint_512_const_ap_uint_512_const_ap_uint_512_const_int_float_768_k_buf_U   | -    | 1    | pragma | attention_forward_hls_float_768_int_const_ap_uint_const_ap_uint_512_const_ap_uint_512_const_ap_uint_512_const_ap_uint_512_const_ap_uint_512_const_ap_uint_512_const_ap_uint_512_const_int_float_768_k_buf   | ram_2p  | uram | 1       |
|    attention_forward_hls_float_768_int_const_ap_uint_const_ap_uint_512_const_ap_uint_512_const_ap_uint_512_const_ap_uint_512_const_ap_uint_512_const_ap_uint_512_const_ap_uint_512_const_int_float_768_v_buf_U   | -    | 1    | pragma | attention_forward_hls_float_768_int_const_ap_uint_const_ap_uint_512_const_ap_uint_512_const_ap_uint_512_const_ap_uint_512_const_ap_uint_512_const_ap_uint_512_const_ap_uint_512_const_int_float_768_v_buf   | ram_2p  | uram | 1       |
|    p_ZZ21attention_forward_hlsPA768_fPKiPK7ap_uintILi512EES6_S6_S6_S6_S6_S6_S6_iS0_E5q_buf_10_U                                                                                                                  | -    | 1    | pragma | p_ZZ21attention_forward_hlsPA768_fPKiPK7ap_uintILi512EES6_S6_S6_S6_S6_S6_S6_iS0_E5q_buf_10                                                                                                                  | ram_2p  | uram | 1       |
|    p_ZZ21attention_forward_hlsPA768_fPKiPK7ap_uintILi512EES6_S6_S6_S6_S6_S6_S6_iS0_E5k_buf_10_U                                                                                                                  | -    | 1    | pragma | p_ZZ21attention_forward_hlsPA768_fPKiPK7ap_uintILi512EES6_S6_S6_S6_S6_S6_S6_iS0_E5k_buf_10                                                                                                                  | ram_2p  | uram | 1       |
|    p_ZZ21attention_forward_hlsPA768_fPKiPK7ap_uintILi512EES6_S6_S6_S6_S6_S6_S6_iS0_E5v_buf_10_U                                                                                                                  | -    | 1    | pragma | p_ZZ21attention_forward_hlsPA768_fPKiPK7ap_uintILi512EES6_S6_S6_S6_S6_S6_S6_iS0_E5v_buf_10                                                                                                                  | ram_2p  | uram | 1       |
|    p_ZZ21attention_forward_hlsPA768_fPKiPK7ap_uintILi512EES6_S6_S6_S6_S6_S6_S6_iS0_E5q_buf_11_U                                                                                                                  | -    | 1    | pragma | p_ZZ21attention_forward_hlsPA768_fPKiPK7ap_uintILi512EES6_S6_S6_S6_S6_S6_S6_iS0_E5q_buf_11                                                                                                                  | ram_2p  | uram | 1       |
|    p_ZZ21attention_forward_hlsPA768_fPKiPK7ap_uintILi512EES6_S6_S6_S6_S6_S6_S6_iS0_E5k_buf_11_U                                                                                                                  | -    | 1    | pragma | p_ZZ21attention_forward_hlsPA768_fPKiPK7ap_uintILi512EES6_S6_S6_S6_S6_S6_S6_iS0_E5k_buf_11                                                                                                                  | ram_2p  | uram | 1       |
|    p_ZZ21attention_forward_hlsPA768_fPKiPK7ap_uintILi512EES6_S6_S6_S6_S6_S6_S6_iS0_E5v_buf_11_U                                                                                                                  | -    | 1    | pragma | p_ZZ21attention_forward_hlsPA768_fPKiPK7ap_uintILi512EES6_S6_S6_S6_S6_S6_S6_iS0_E5v_buf_11                                                                                                                  | ram_2p  | uram | 1       |
|    p_ZZ21attention_forward_hlsPA768_fPKiPK7ap_uintILi512EES6_S6_S6_S6_S6_S6_S6_iS0_E5q_buf_12_U                                                                                                                  | -    | 1    | pragma | p_ZZ21attention_forward_hlsPA768_fPKiPK7ap_uintILi512EES6_S6_S6_S6_S6_S6_S6_iS0_E5q_buf_12                                                                                                                  | ram_2p  | uram | 1       |
|    p_ZZ21attention_forward_hlsPA768_fPKiPK7ap_uintILi512EES6_S6_S6_S6_S6_S6_S6_iS0_E5k_buf_12_U                                                                                                                  | -    | 1    | pragma | p_ZZ21attention_forward_hlsPA768_fPKiPK7ap_uintILi512EES6_S6_S6_S6_S6_S6_S6_iS0_E5k_buf_12                                                                                                                  | ram_2p  | uram | 1       |
|    p_ZZ21attention_forward_hlsPA768_fPKiPK7ap_uintILi512EES6_S6_S6_S6_S6_S6_S6_iS0_E5v_buf_12_U                                                                                                                  | -    | 1    | pragma | p_ZZ21attention_forward_hlsPA768_fPKiPK7ap_uintILi512EES6_S6_S6_S6_S6_S6_S6_iS0_E5v_buf_12                                                                                                                  | ram_2p  | uram | 1       |
|    p_ZZ21attention_forward_hlsPA768_fPKiPK7ap_uintILi512EES6_S6_S6_S6_S6_S6_S6_iS0_E5q_buf_13_U                                                                                                                  | -    | 1    | pragma | p_ZZ21attention_forward_hlsPA768_fPKiPK7ap_uintILi512EES6_S6_S6_S6_S6_S6_S6_iS0_E5q_buf_13                                                                                                                  | ram_2p  | uram | 1       |
|    p_ZZ21attention_forward_hlsPA768_fPKiPK7ap_uintILi512EES6_S6_S6_S6_S6_S6_S6_iS0_E5k_buf_13_U                                                                                                                  | -    | 1    | pragma | p_ZZ21attention_forward_hlsPA768_fPKiPK7ap_uintILi512EES6_S6_S6_S6_S6_S6_S6_iS0_E5k_buf_13                                                                                                                  | ram_2p  | uram | 1       |
|    p_ZZ21attention_forward_hlsPA768_fPKiPK7ap_uintILi512EES6_S6_S6_S6_S6_S6_S6_iS0_E5v_buf_13_U                                                                                                                  | -    | 1    | pragma | p_ZZ21attention_forward_hlsPA768_fPKiPK7ap_uintILi512EES6_S6_S6_S6_S6_S6_S6_iS0_E5v_buf_13                                                                                                                  | ram_2p  | uram | 1       |
|    p_ZZ21attention_forward_hlsPA768_fPKiPK7ap_uintILi512EES6_S6_S6_S6_S6_S6_S6_iS0_E5q_buf_14_U                                                                                                                  | -    | 1    | pragma | p_ZZ21attention_forward_hlsPA768_fPKiPK7ap_uintILi512EES6_S6_S6_S6_S6_S6_S6_iS0_E5q_buf_14                                                                                                                  | ram_2p  | uram | 1       |
|    p_ZZ21attention_forward_hlsPA768_fPKiPK7ap_uintILi512EES6_S6_S6_S6_S6_S6_S6_iS0_E5k_buf_14_U                                                                                                                  | -    | 1    | pragma | p_ZZ21attention_forward_hlsPA768_fPKiPK7ap_uintILi512EES6_S6_S6_S6_S6_S6_S6_iS0_E5k_buf_14                                                                                                                  | ram_2p  | uram | 1       |
|    p_ZZ21attention_forward_hlsPA768_fPKiPK7ap_uintILi512EES6_S6_S6_S6_S6_S6_S6_iS0_E5v_buf_14_U                                                                                                                  | -    | 1    | pragma | p_ZZ21attention_forward_hlsPA768_fPKiPK7ap_uintILi512EES6_S6_S6_S6_S6_S6_S6_iS0_E5v_buf_14                                                                                                                  | ram_2p  | uram | 1       |
|    p_ZZ21attention_forward_hlsPA768_fPKiPK7ap_uintILi512EES6_S6_S6_S6_S6_S6_S6_iS0_E5q_buf_15_U                                                                                                                  | -    | 1    | pragma | p_ZZ21attention_forward_hlsPA768_fPKiPK7ap_uintILi512EES6_S6_S6_S6_S6_S6_S6_iS0_E5q_buf_15                                                                                                                  | ram_2p  | uram | 1       |
|    p_ZZ21attention_forward_hlsPA768_fPKiPK7ap_uintILi512EES6_S6_S6_S6_S6_S6_S6_iS0_E5k_buf_15_U                                                                                                                  | -    | 1    | pragma | p_ZZ21attention_forward_hlsPA768_fPKiPK7ap_uintILi512EES6_S6_S6_S6_S6_S6_S6_iS0_E5k_buf_15                                                                                                                  | ram_2p  | uram | 1       |
|    p_ZZ21attention_forward_hlsPA768_fPKiPK7ap_uintILi512EES6_S6_S6_S6_S6_S6_S6_iS0_E5v_buf_15_U                                                                                                                  | -    | 1    | pragma | p_ZZ21attention_forward_hlsPA768_fPKiPK7ap_uintILi512EES6_S6_S6_S6_S6_S6_S6_iS0_E5v_buf_15                                                                                                                  | ram_2p  | uram | 1       |
|    attention_forward_hls_float_768_int_const_ap_uint_const_ap_uint_const_ap_uint_512_const_ap_uint_512_const_ap_uint_512_const_ap_uint_512_const_ap_uint_512_const_ap_uint_512_const_int_float_768_context_9_U   | -    | 1    | pragma | attention_forward_hls_float_768_int_const_ap_uint_const_ap_uint_const_ap_uint_512_const_ap_uint_512_const_ap_uint_512_const_ap_uint_512_const_ap_uint_512_const_ap_uint_512_const_int_float_768_context_9   | ram_2p  | uram | 1       |
|    attention_forward_hls_float_768_int_const_ap_uint_const_ap_uint_const_ap_uint_512_const_ap_uint_512_const_ap_uint_512_const_ap_uint_512_const_ap_uint_512_const_ap_uint_512_const_int_float_768_context_8_U   | -    | 1    | pragma | attention_forward_hls_float_768_int_const_ap_uint_const_ap_uint_const_ap_uint_512_const_ap_uint_512_const_ap_uint_512_const_ap_uint_512_const_ap_uint_512_const_ap_uint_512_const_int_float_768_context_8   | ram_2p  | uram | 1       |
|    attention_forward_hls_float_768_int_const_ap_uint_const_ap_uint_const_ap_uint_512_const_ap_uint_512_const_ap_uint_512_const_ap_uint_512_const_ap_uint_512_const_ap_uint_512_const_int_float_768_context_7_U   | -    | 1    | pragma | attention_forward_hls_float_768_int_const_ap_uint_const_ap_uint_const_ap_uint_512_const_ap_uint_512_const_ap_uint_512_const_ap_uint_512_const_ap_uint_512_const_ap_uint_512_const_int_float_768_context_7   | ram_2p  | uram | 1       |
|    attention_forward_hls_float_768_int_const_ap_uint_const_ap_uint_const_ap_uint_512_const_ap_uint_512_const_ap_uint_512_const_ap_uint_512_const_ap_uint_512_const_ap_uint_512_const_int_float_768_context_6_U   | -    | 1    | pragma | attention_forward_hls_float_768_int_const_ap_uint_const_ap_uint_const_ap_uint_512_const_ap_uint_512_const_ap_uint_512_const_ap_uint_512_const_ap_uint_512_const_ap_uint_512_const_int_float_768_context_6   | ram_2p  | uram | 1       |
|    attention_forward_hls_float_768_int_const_ap_uint_const_ap_uint_const_ap_uint_512_const_ap_uint_512_const_ap_uint_512_const_ap_uint_512_const_ap_uint_512_const_ap_uint_512_const_int_float_768_context_5_U   | -    | 1    | pragma | attention_forward_hls_float_768_int_const_ap_uint_const_ap_uint_const_ap_uint_512_const_ap_uint_512_const_ap_uint_512_const_ap_uint_512_const_ap_uint_512_const_ap_uint_512_const_int_float_768_context_5   | ram_2p  | uram | 1       |
|    attention_forward_hls_float_768_int_const_ap_uint_const_ap_uint_const_ap_uint_512_const_ap_uint_512_const_ap_uint_512_const_ap_uint_512_const_ap_uint_512_const_ap_uint_512_const_int_float_768_context_4_U   | -    | 1    | pragma | attention_forward_hls_float_768_int_const_ap_uint_const_ap_uint_const_ap_uint_512_const_ap_uint_512_const_ap_uint_512_const_ap_uint_512_const_ap_uint_512_const_ap_uint_512_const_int_float_768_context_4   | ram_2p  | uram | 1       |
|    attention_forward_hls_float_768_int_const_ap_uint_const_ap_uint_const_ap_uint_512_const_ap_uint_512_const_ap_uint_512_const_ap_uint_512_const_ap_uint_512_const_ap_uint_512_const_int_float_768_context_3_U   | -    | 1    | pragma | attention_forward_hls_float_768_int_const_ap_uint_const_ap_uint_const_ap_uint_512_const_ap_uint_512_const_ap_uint_512_const_ap_uint_512_const_ap_uint_512_const_ap_uint_512_const_int_float_768_context_3   | ram_2p  | uram | 1       |
|    attention_forward_hls_float_768_int_const_ap_uint_const_ap_uint_const_ap_uint_512_const_ap_uint_512_const_ap_uint_512_const_ap_uint_512_const_ap_uint_512_const_ap_uint_512_const_int_float_768_context_2_U   | -    | 1    | pragma | attention_forward_hls_float_768_int_const_ap_uint_const_ap_uint_const_ap_uint_512_const_ap_uint_512_const_ap_uint_512_const_ap_uint_512_const_ap_uint_512_const_ap_uint_512_const_int_float_768_context_2   | ram_2p  | uram | 1       |
|    attention_forward_hls_float_768_int_const_ap_uint_const_ap_uint_const_ap_uint_512_const_ap_uint_512_const_ap_uint_512_const_ap_uint_512_const_ap_uint_512_const_ap_uint_512_const_int_float_768_context_1_U   | -    | 1    | pragma | attention_forward_hls_float_768_int_const_ap_uint_const_ap_uint_const_ap_uint_512_const_ap_uint_512_const_ap_uint_512_const_ap_uint_512_const_ap_uint_512_const_ap_uint_512_const_int_float_768_context_1   | ram_2p  | uram | 1       |
|    attention_forward_hls_float_768_int_const_ap_uint_const_ap_uint_const_ap_uint_512_const_ap_uint_512_const_ap_uint_512_const_ap_uint_512_const_ap_uint_512_const_ap_uint_512_const_int_float_768_context_U     | -    | 1    | pragma | attention_forward_hls_float_768_int_const_ap_uint_const_ap_uint_const_ap_uint_512_const_ap_uint_512_const_ap_uint_512_const_ap_uint_512_const_ap_uint_512_const_ap_uint_512_const_int_float_768_context     | ram_2p  | uram | 1       |
|    p_ZZ21attention_forward_hlsPA768_fPKiPK7ap_uintILi512EES6_S6_S6_S6_S6_S6_S6_iS0_E7context_10_U                                                                                                                | -    | 1    | pragma | p_ZZ21attention_forward_hlsPA768_fPKiPK7ap_uintILi512EES6_S6_S6_S6_S6_S6_S6_iS0_E7context_10                                                                                                                | ram_2p  | uram | 1       |
|    p_ZZ21attention_forward_hlsPA768_fPKiPK7ap_uintILi512EES6_S6_S6_S6_S6_S6_S6_iS0_E7context_11_U                                                                                                                | -    | 1    | pragma | p_ZZ21attention_forward_hlsPA768_fPKiPK7ap_uintILi512EES6_S6_S6_S6_S6_S6_S6_iS0_E7context_11                                                                                                                | ram_2p  | uram | 1       |
|    p_ZZ21attention_forward_hlsPA768_fPKiPK7ap_uintILi512EES6_S6_S6_S6_S6_S6_S6_iS0_E7context_12_U                                                                                                                | -    | 1    | pragma | p_ZZ21attention_forward_hlsPA768_fPKiPK7ap_uintILi512EES6_S6_S6_S6_S6_S6_S6_iS0_E7context_12                                                                                                                | ram_2p  | uram | 1       |
|    p_ZZ21attention_forward_hlsPA768_fPKiPK7ap_uintILi512EES6_S6_S6_S6_S6_S6_S6_iS0_E7context_13_U                                                                                                                | -    | 1    | pragma | p_ZZ21attention_forward_hlsPA768_fPKiPK7ap_uintILi512EES6_S6_S6_S6_S6_S6_S6_iS0_E7context_13                                                                                                                | ram_2p  | uram | 1       |
|    p_ZZ21attention_forward_hlsPA768_fPKiPK7ap_uintILi512EES6_S6_S6_S6_S6_S6_S6_iS0_E7context_14_U                                                                                                                | -    | 1    | pragma | p_ZZ21attention_forward_hlsPA768_fPKiPK7ap_uintILi512EES6_S6_S6_S6_S6_S6_S6_iS0_E7context_14                                                                                                                | ram_2p  | uram | 1       |
|    p_ZZ21attention_forward_hlsPA768_fPKiPK7ap_uintILi512EES6_S6_S6_S6_S6_S6_S6_iS0_E7context_15_U                                                                                                                | -    | 1    | pragma | p_ZZ21attention_forward_hlsPA768_fPKiPK7ap_uintILi512EES6_S6_S6_S6_S6_S6_S6_iS0_E7context_15                                                                                                                | ram_2p  | uram | 1       |
|   + qkv_projection_fused_hls                                                                                                                                                                                     | 0    | 0    |        |                                                                                                                                                                                                             |         |      |         |
|     q_acc_U                                                                                                                                                                                                      | -    | -    |        | q_acc                                                                                                                                                                                                       | ram_s2p | auto | 1       |
|     q_acc_1_U                                                                                                                                                                                                    | -    | -    |        | q_acc_1                                                                                                                                                                                                     | ram_s2p | auto | 1       |
|     q_acc_2_U                                                                                                                                                                                                    | -    | -    |        | q_acc_2                                                                                                                                                                                                     | ram_s2p | auto | 1       |
|     q_acc_3_U                                                                                                                                                                                                    | -    | -    |        | q_acc_3                                                                                                                                                                                                     | ram_s2p | auto | 1       |
|     q_acc_4_U                                                                                                                                                                                                    | -    | -    |        | q_acc_4                                                                                                                                                                                                     | ram_s2p | auto | 1       |
|     q_acc_5_U                                                                                                                                                                                                    | -    | -    |        | q_acc_5                                                                                                                                                                                                     | ram_s2p | auto | 1       |
|     q_acc_6_U                                                                                                                                                                                                    | -    | -    |        | q_acc_6                                                                                                                                                                                                     | ram_s2p | auto | 1       |
|     q_acc_7_U                                                                                                                                                                                                    | -    | -    |        | q_acc_7                                                                                                                                                                                                     | ram_s2p | auto | 1       |
|     k_acc_U                                                                                                                                                                                                      | -    | -    |        | k_acc                                                                                                                                                                                                       | ram_s2p | auto | 1       |
|     k_acc_1_U                                                                                                                                                                                                    | -    | -    |        | k_acc_1                                                                                                                                                                                                     | ram_s2p | auto | 1       |
|     k_acc_2_U                                                                                                                                                                                                    | -    | -    |        | k_acc_2                                                                                                                                                                                                     | ram_s2p | auto | 1       |
|     k_acc_3_U                                                                                                                                                                                                    | -    | -    |        | k_acc_3                                                                                                                                                                                                     | ram_s2p | auto | 1       |
|     k_acc_4_U                                                                                                                                                                                                    | -    | -    |        | k_acc_4                                                                                                                                                                                                     | ram_s2p | auto | 1       |
|     k_acc_5_U                                                                                                                                                                                                    | -    | -    |        | k_acc_5                                                                                                                                                                                                     | ram_s2p | auto | 1       |
|     k_acc_6_U                                                                                                                                                                                                    | -    | -    |        | k_acc_6                                                                                                                                                                                                     | ram_s2p | auto | 1       |
|     k_acc_7_U                                                                                                                                                                                                    | -    | -    |        | k_acc_7                                                                                                                                                                                                     | ram_s2p | auto | 1       |
|     v_acc_U                                                                                                                                                                                                      | -    | -    |        | v_acc                                                                                                                                                                                                       | ram_s2p | auto | 1       |
|     v_acc_1_U                                                                                                                                                                                                    | -    | -    |        | v_acc_1                                                                                                                                                                                                     | ram_s2p | auto | 1       |
|     v_acc_2_U                                                                                                                                                                                                    | -    | -    |        | v_acc_2                                                                                                                                                                                                     | ram_s2p | auto | 1       |
|     v_acc_3_U                                                                                                                                                                                                    | -    | -    |        | v_acc_3                                                                                                                                                                                                     | ram_s2p | auto | 1       |
|     v_acc_4_U                                                                                                                                                                                                    | -    | -    |        | v_acc_4                                                                                                                                                                                                     | ram_s2p | auto | 1       |
|     v_acc_5_U                                                                                                                                                                                                    | -    | -    |        | v_acc_5                                                                                                                                                                                                     | ram_s2p | auto | 1       |
|     v_acc_6_U                                                                                                                                                                                                    | -    | -    |        | v_acc_6                                                                                                                                                                                                     | ram_s2p | auto | 1       |
|     v_acc_7_U                                                                                                                                                                                                    | -    | -    |        | v_acc_7                                                                                                                                                                                                     | ram_s2p | auto | 1       |
|   + linear_hidden_to_hidden_parallel_hls                                                                                                                                                                         | 0    | 0    |        |                                                                                                                                                                                                             |         |      |         |
|     acc_U                                                                                                                                                                                                        | -    | -    |        | acc                                                                                                                                                                                                         | ram_s2p | auto | 1       |
|     acc_1_U                                                                                                                                                                                                      | -    | -    |        | acc_1                                                                                                                                                                                                       | ram_s2p | auto | 1       |
|     acc_2_U                                                                                                                                                                                                      | -    | -    |        | acc_2                                                                                                                                                                                                       | ram_s2p | auto | 1       |
|     acc_3_U                                                                                                                                                                                                      | -    | -    |        | acc_3                                                                                                                                                                                                       | ram_s2p | auto | 1       |
|     acc_4_U                                                                                                                                                                                                      | -    | -    |        | acc_4                                                                                                                                                                                                       | ram_s2p | auto | 1       |
|     acc_5_U                                                                                                                                                                                                      | -    | -    |        | acc_5                                                                                                                                                                                                       | ram_s2p | auto | 1       |
|     acc_6_U                                                                                                                                                                                                      | -    | -    |        | acc_6                                                                                                                                                                                                       | ram_s2p | auto | 1       |
|     acc_7_U                                                                                                                                                                                                      | -    | -    |        | acc_7                                                                                                                                                                                                       | ram_s2p | auto | 1       |
|     acc_8_U                                                                                                                                                                                                      | -    | -    |        | acc_8                                                                                                                                                                                                       | ram_s2p | auto | 1       |
|     acc_9_U                                                                                                                                                                                                      | -    | -    |        | acc_9                                                                                                                                                                                                       | ram_s2p | auto | 1       |
|     acc_10_U                                                                                                                                                                                                     | -    | -    |        | acc_10                                                                                                                                                                                                      | ram_s2p | auto | 1       |
|     acc_11_U                                                                                                                                                                                                     | -    | -    |        | acc_11                                                                                                                                                                                                      | ram_s2p | auto | 1       |
|     acc_12_U                                                                                                                                                                                                     | -    | -    |        | acc_12                                                                                                                                                                                                      | ram_s2p | auto | 1       |
|     acc_13_U                                                                                                                                                                                                     | -    | -    |        | acc_13                                                                                                                                                                                                      | ram_s2p | auto | 1       |
|     acc_14_U                                                                                                                                                                                                     | -    | -    |        | acc_14                                                                                                                                                                                                      | ram_s2p | auto | 1       |
|     acc_15_U                                                                                                                                                                                                     | -    | -    |        | acc_15                                                                                                                                                                                                      | ram_s2p | auto | 1       |
|  + add_layer_norm_hls                                                                                                                                                                                            | 32   | 0    |        |                                                                                                                                                                                                             |         |      |         |
|    gamma_0_U                                                                                                                                                                                                     | 1    | -    | yes    | gamma_0                                                                                                                                                                                                     | ram_2p  | bram | 1       |
|    gamma_1_U                                                                                                                                                                                                     | 1    | -    | yes    | gamma_1                                                                                                                                                                                                     | ram_2p  | bram | 1       |
|    gamma_2_U                                                                                                                                                                                                     | 1    | -    | yes    | gamma_2                                                                                                                                                                                                     | ram_2p  | bram | 1       |
|    gamma_3_U                                                                                                                                                                                                     | 1    | -    | yes    | gamma_3                                                                                                                                                                                                     | ram_2p  | bram | 1       |
|    gamma_4_U                                                                                                                                                                                                     | 1    | -    | yes    | gamma_4                                                                                                                                                                                                     | ram_2p  | bram | 1       |
|    gamma_5_U                                                                                                                                                                                                     | 1    | -    | yes    | gamma_5                                                                                                                                                                                                     | ram_2p  | bram | 1       |
|    gamma_6_U                                                                                                                                                                                                     | 1    | -    | yes    | gamma_6                                                                                                                                                                                                     | ram_2p  | bram | 1       |
|    gamma_7_U                                                                                                                                                                                                     | 1    | -    | yes    | gamma_7                                                                                                                                                                                                     | ram_2p  | bram | 1       |
|    gamma_8_U                                                                                                                                                                                                     | 1    | -    | yes    | gamma_8                                                                                                                                                                                                     | ram_2p  | bram | 1       |
|    gamma_9_U                                                                                                                                                                                                     | 1    | -    | yes    | gamma_9                                                                                                                                                                                                     | ram_2p  | bram | 1       |
|    gamma_10_U                                                                                                                                                                                                    | 1    | -    | yes    | gamma_10                                                                                                                                                                                                    | ram_2p  | bram | 1       |
|    gamma_11_U                                                                                                                                                                                                    | 1    | -    | yes    | gamma_11                                                                                                                                                                                                    | ram_2p  | bram | 1       |
|    gamma_12_U                                                                                                                                                                                                    | 1    | -    | yes    | gamma_12                                                                                                                                                                                                    | ram_2p  | bram | 1       |
|    gamma_13_U                                                                                                                                                                                                    | 1    | -    | yes    | gamma_13                                                                                                                                                                                                    | ram_2p  | bram | 1       |
|    gamma_14_U                                                                                                                                                                                                    | 1    | -    | yes    | gamma_14                                                                                                                                                                                                    | ram_2p  | bram | 1       |
|    gamma_15_U                                                                                                                                                                                                    | 1    | -    | yes    | gamma_15                                                                                                                                                                                                    | ram_2p  | bram | 1       |
|    beta_0_U                                                                                                                                                                                                      | 1    | -    | yes    | beta_0                                                                                                                                                                                                      | ram_2p  | bram | 1       |
|    beta_1_U                                                                                                                                                                                                      | 1    | -    | yes    | beta_1                                                                                                                                                                                                      | ram_2p  | bram | 1       |
|    beta_2_U                                                                                                                                                                                                      | 1    | -    | yes    | beta_2                                                                                                                                                                                                      | ram_2p  | bram | 1       |
|    beta_3_U                                                                                                                                                                                                      | 1    | -    | yes    | beta_3                                                                                                                                                                                                      | ram_2p  | bram | 1       |
|    beta_4_U                                                                                                                                                                                                      | 1    | -    | yes    | beta_4                                                                                                                                                                                                      | ram_2p  | bram | 1       |
|    beta_5_U                                                                                                                                                                                                      | 1    | -    | yes    | beta_5                                                                                                                                                                                                      | ram_2p  | bram | 1       |
|    beta_6_U                                                                                                                                                                                                      | 1    | -    | yes    | beta_6                                                                                                                                                                                                      | ram_2p  | bram | 1       |
|    beta_7_U                                                                                                                                                                                                      | 1    | -    | yes    | beta_7                                                                                                                                                                                                      | ram_2p  | bram | 1       |
|    beta_8_U                                                                                                                                                                                                      | 1    | -    | yes    | beta_8                                                                                                                                                                                                      | ram_2p  | bram | 1       |
|    beta_9_U                                                                                                                                                                                                      | 1    | -    | yes    | beta_9                                                                                                                                                                                                      | ram_2p  | bram | 1       |
|    beta_10_U                                                                                                                                                                                                     | 1    | -    | yes    | beta_10                                                                                                                                                                                                     | ram_2p  | bram | 1       |
|    beta_11_U                                                                                                                                                                                                     | 1    | -    | yes    | beta_11                                                                                                                                                                                                     | ram_2p  | bram | 1       |
|    beta_12_U                                                                                                                                                                                                     | 1    | -    | yes    | beta_12                                                                                                                                                                                                     | ram_2p  | bram | 1       |
|    beta_13_U                                                                                                                                                                                                     | 1    | -    | yes    | beta_13                                                                                                                                                                                                     | ram_2p  | bram | 1       |
|    faddfsub_32ns_32ns_32_5_full_dsp_1_U6140                                                                                                                                                                      | 1    | -    | yes    | beta_14                                                                                                                                                                                                     | ram_2p  | bram | 1       |
|    beta_15_U                                                                                                                                                                                                     | 1    | -    | yes    | beta_15                                                                                                                                                                                                     | ram_2p  | bram | 1       |
|  + ffn_forward_hls                                                                                                                                                                                               | 0    | 48   |        |                                                                                                                                                                                                             |         |      |         |
|    ffn_forward_hls_float_768_ap_uint_512_const_ap_uint_512_const_ap_uint_512_const_ap_uint_512_const_int_float_768_intermediate_7_U                                                                              | -    | 3    | pragma | ffn_forward_hls_float_768_ap_uint_512_const_ap_uint_512_const_ap_uint_512_const_ap_uint_512_const_int_float_768_intermediate_7                                                                              | ram_2p  | uram | 1       |
|    ffn_forward_hls_float_768_ap_uint_512_const_ap_uint_512_const_ap_uint_512_const_ap_uint_512_const_int_float_768_intermediate_6_U                                                                              | -    | 3    | pragma | ffn_forward_hls_float_768_ap_uint_512_const_ap_uint_512_const_ap_uint_512_const_ap_uint_512_const_int_float_768_intermediate_6                                                                              | ram_2p  | uram | 1       |
|    ffn_forward_hls_float_768_ap_uint_512_const_ap_uint_512_const_ap_uint_512_const_ap_uint_512_const_int_float_768_intermediate_5_U                                                                              | -    | 3    | pragma | ffn_forward_hls_float_768_ap_uint_512_const_ap_uint_512_const_ap_uint_512_const_ap_uint_512_const_int_float_768_intermediate_5                                                                              | ram_2p  | uram | 1       |
|    ffn_forward_hls_float_768_ap_uint_512_const_ap_uint_512_const_ap_uint_512_const_ap_uint_512_const_int_float_768_intermediate_4_U                                                                              | -    | 3    | pragma | ffn_forward_hls_float_768_ap_uint_512_const_ap_uint_512_const_ap_uint_512_const_ap_uint_512_const_int_float_768_intermediate_4                                                                              | ram_2p  | uram | 1       |
|    ffn_forward_hls_float_768_ap_uint_512_const_ap_uint_512_const_ap_uint_512_const_ap_uint_512_const_int_float_768_intermediate_3_U                                                                              | -    | 3    | pragma | ffn_forward_hls_float_768_ap_uint_512_const_ap_uint_512_const_ap_uint_512_const_ap_uint_512_const_int_float_768_intermediate_3                                                                              | ram_2p  | uram | 1       |
|    ffn_forward_hls_float_768_ap_uint_512_const_ap_uint_512_const_ap_uint_512_const_ap_uint_512_const_int_float_768_intermediate_2_U                                                                              | -    | 3    | pragma | ffn_forward_hls_float_768_ap_uint_512_const_ap_uint_512_const_ap_uint_512_const_ap_uint_512_const_int_float_768_intermediate_2                                                                              | ram_2p  | uram | 1       |
|    ffn_forward_hls_float_768_ap_uint_512_const_ap_uint_512_const_ap_uint_512_const_ap_uint_512_const_int_float_768_intermediate_1_U                                                                              | -    | 3    | pragma | ffn_forward_hls_float_768_ap_uint_512_const_ap_uint_512_const_ap_uint_512_const_ap_uint_512_const_int_float_768_intermediate_1                                                                              | ram_2p  | uram | 1       |
|    ffn_forward_hls_float_768_ap_uint_512_const_ap_uint_512_const_ap_uint_512_const_ap_uint_512_const_int_float_768_intermediate_U                                                                                | -    | 3    | pragma | ffn_forward_hls_float_768_ap_uint_512_const_ap_uint_512_const_ap_uint_512_const_ap_uint_512_const_int_float_768_intermediate                                                                                | ram_2p  | uram | 1       |
|    ffn_forward_hls_float_768_ap_uint_512_const_ap_uint_512_const_ap_uint_512_const_ap_uint_512_const_int_float_768_intermediate_8_U                                                                              | -    | 3    | pragma | ffn_forward_hls_float_768_ap_uint_512_const_ap_uint_512_const_ap_uint_512_const_ap_uint_512_const_int_float_768_intermediate_8                                                                              | ram_2p  | uram | 1       |
|    ffn_forward_hls_float_768_ap_uint_512_const_ap_uint_512_const_ap_uint_512_const_ap_uint_512_const_int_float_768_intermediate_9_U                                                                              | -    | 3    | pragma | ffn_forward_hls_float_768_ap_uint_512_const_ap_uint_512_const_ap_uint_512_const_ap_uint_512_const_int_float_768_intermediate_9                                                                              | ram_2p  | uram | 1       |
|    p_ZZ15ffn_forward_hlsPA768_fPK7ap_uintILi512EES4_S4_S4_iS0_E12intermediate_10_U                                                                                                                               | -    | 3    | pragma | p_ZZ15ffn_forward_hlsPA768_fPK7ap_uintILi512EES4_S4_S4_iS0_E12intermediate_10                                                                                                                               | ram_2p  | uram | 1       |
|    p_ZZ15ffn_forward_hlsPA768_fPK7ap_uintILi512EES4_S4_S4_iS0_E12intermediate_11_U                                                                                                                               | -    | 3    | pragma | p_ZZ15ffn_forward_hlsPA768_fPK7ap_uintILi512EES4_S4_S4_iS0_E12intermediate_11                                                                                                                               | ram_2p  | uram | 1       |
|    p_ZZ15ffn_forward_hlsPA768_fPK7ap_uintILi512EES4_S4_S4_iS0_E12intermediate_12_U                                                                                                                               | -    | 3    | pragma | p_ZZ15ffn_forward_hlsPA768_fPK7ap_uintILi512EES4_S4_S4_iS0_E12intermediate_12                                                                                                                               | ram_2p  | uram | 1       |
|    p_ZZ15ffn_forward_hlsPA768_fPK7ap_uintILi512EES4_S4_S4_iS0_E12intermediate_13_U                                                                                                                               | -    | 3    | pragma | p_ZZ15ffn_forward_hlsPA768_fPK7ap_uintILi512EES4_S4_S4_iS0_E12intermediate_13                                                                                                                               | ram_2p  | uram | 1       |
|    p_ZZ15ffn_forward_hlsPA768_fPK7ap_uintILi512EES4_S4_S4_iS0_E12intermediate_14_U                                                                                                                               | -    | 3    | pragma | p_ZZ15ffn_forward_hlsPA768_fPK7ap_uintILi512EES4_S4_S4_iS0_E12intermediate_14                                                                                                                               | ram_2p  | uram | 1       |
|    p_ZZ15ffn_forward_hlsPA768_fPK7ap_uintILi512EES4_S4_S4_iS0_E12intermediate_15_U                                                                                                                               | -    | 3    | pragma | p_ZZ15ffn_forward_hlsPA768_fPK7ap_uintILi512EES4_S4_S4_iS0_E12intermediate_15                                                                                                                               | ram_2p  | uram | 1       |
|   + linear_hidden_to_ffn_parallel_hls                                                                                                                                                                            | 0    | 0    |        |                                                                                                                                                                                                             |         |      |         |
|     acc_U                                                                                                                                                                                                        | -    | -    |        | acc                                                                                                                                                                                                         | ram_s2p | auto | 1       |
|     acc_1_U                                                                                                                                                                                                      | -    | -    |        | acc_1                                                                                                                                                                                                       | ram_s2p | auto | 1       |
|     acc_2_U                                                                                                                                                                                                      | -    | -    |        | acc_2                                                                                                                                                                                                       | ram_s2p | auto | 1       |
|     acc_3_U                                                                                                                                                                                                      | -    | -    |        | acc_3                                                                                                                                                                                                       | ram_s2p | auto | 1       |
|     acc_4_U                                                                                                                                                                                                      | -    | -    |        | acc_4                                                                                                                                                                                                       | ram_s2p | auto | 1       |
|     acc_5_U                                                                                                                                                                                                      | -    | -    |        | acc_5                                                                                                                                                                                                       | ram_s2p | auto | 1       |
|     acc_6_U                                                                                                                                                                                                      | -    | -    |        | acc_6                                                                                                                                                                                                       | ram_s2p | auto | 1       |
|     acc_7_U                                                                                                                                                                                                      | -    | -    |        | acc_7                                                                                                                                                                                                       | ram_s2p | auto | 1       |
|   + linear_ffn_to_hidden_parallel_hls                                                                                                                                                                            | 0    | 0    |        |                                                                                                                                                                                                             |         |      |         |
|     acc_U                                                                                                                                                                                                        | -    | -    |        | acc                                                                                                                                                                                                         | ram_s2p | auto | 1       |
|     acc_1_U                                                                                                                                                                                                      | -    | -    |        | acc_1                                                                                                                                                                                                       | ram_s2p | auto | 1       |
|     acc_2_U                                                                                                                                                                                                      | -    | -    |        | acc_2                                                                                                                                                                                                       | ram_s2p | auto | 1       |
|     acc_3_U                                                                                                                                                                                                      | -    | -    |        | acc_3                                                                                                                                                                                                       | ram_s2p | auto | 1       |
|     acc_4_U                                                                                                                                                                                                      | -    | -    |        | acc_4                                                                                                                                                                                                       | ram_s2p | auto | 1       |
|     acc_5_U                                                                                                                                                                                                      | -    | -    |        | acc_5                                                                                                                                                                                                       | ram_s2p | auto | 1       |
|     acc_6_U                                                                                                                                                                                                      | -    | -    |        | acc_6                                                                                                                                                                                                       | ram_s2p | auto | 1       |
|     acc_7_U                                                                                                                                                                                                      | -    | -    |        | acc_7                                                                                                                                                                                                       | ram_s2p | auto | 1       |
|     acc_8_U                                                                                                                                                                                                      | -    | -    |        | acc_8                                                                                                                                                                                                       | ram_s2p | auto | 1       |
|     acc_9_U                                                                                                                                                                                                      | -    | -    |        | acc_9                                                                                                                                                                                                       | ram_s2p | auto | 1       |
|     acc_10_U                                                                                                                                                                                                     | -    | -    |        | acc_10                                                                                                                                                                                                      | ram_s2p | auto | 1       |
|     acc_11_U                                                                                                                                                                                                     | -    | -    |        | acc_11                                                                                                                                                                                                      | ram_s2p | auto | 1       |
|     acc_12_U                                                                                                                                                                                                     | -    | -    |        | acc_12                                                                                                                                                                                                      | ram_s2p | auto | 1       |
|     acc_13_U                                                                                                                                                                                                     | -    | -    |        | acc_13                                                                                                                                                                                                      | ram_s2p | auto | 1       |
|     acc_14_U                                                                                                                                                                                                     | -    | -    |        | acc_14                                                                                                                                                                                                      | ram_s2p | auto | 1       |
|     acc_15_U                                                                                                                                                                                                     | -    | -    |        | acc_15                                                                                                                                                                                                      | ram_s2p | auto | 1       |
+------------------------------------------------------------------------------------------------------------------------------------------------------------------------------------------------------------------+------+------+--------+-------------------------------------------------------------------------------------------------------------------------------------------------------------------------------------------------------------+---------+------+---------+


================================================================
== User Pragma Report
================================================================
* Valid Pragma Syntax
+-----------------+--------------------------------------------------------------------------------------------------------------------------------------------+------------------------------------------------------------------+
| Type            | Options                                                                                                                                    | Location                                                         |
+-----------------+--------------------------------------------------------------------------------------------------------------------------------------------+------------------------------------------------------------------+
| inline          |                                                                                                                                            | ./distilbert_hls.h:75 in uint32_to_float                         |
| inline          |                                                                                                                                            | ./distilbert_hls.h:82 in float_to_uint32                         |
| inline          |                                                                                                                                            | ./distilbert_hls.h:89 in unpack_bus16                            |
| array_partition | variable=lane complete dim=1                                                                                                               | ./distilbert_hls.h:90 in unpack_bus16, lane                      |
| unroll          |                                                                                                                                            | ./distilbert_hls.h:92 in unpack_bus16                            |
| inline          |                                                                                                                                            | ./distilbert_hls.h:98 in pack_bus16                              |
| array_partition | variable=lane complete dim=1                                                                                                               | ./distilbert_hls.h:99 in pack_bus16, lane                        |
| unroll          |                                                                                                                                            | ./distilbert_hls.h:102 in pack_bus16                             |
| inline          |                                                                                                                                            | ./distilbert_hls.h:109 in read_packed_float                      |
| inline          |                                                                                                                                            | ./distilbert_hls.h:117 in fp32_sum16_tree                        |
| array_partition | variable=value complete dim=1                                                                                                              | ./distilbert_hls.h:121 in fp32_sum16_tree, value                 |
| array_partition | variable=s8 complete dim=1                                                                                                                 | ./distilbert_hls.h:122 in fp32_sum16_tree, s8                    |
| array_partition | variable=s4 complete dim=1                                                                                                                 | ./distilbert_hls.h:123 in fp32_sum16_tree, s4                    |
| array_partition | variable=s2 complete dim=1                                                                                                                 | ./distilbert_hls.h:124 in fp32_sum16_tree, s2                    |
| unroll          |                                                                                                                                            | ./distilbert_hls.h:127 in fp32_sum16_tree                        |
| unroll          |                                                                                                                                            | ./distilbert_hls.h:132 in fp32_sum16_tree                        |
| unroll          |                                                                                                                                            | ./distilbert_hls.h:137 in fp32_sum16_tree                        |
| inline          |                                                                                                                                            | ./distilbert_hls.h:144 in dot16                                  |
| array_partition | variable=lhs complete dim=1                                                                                                                | ./distilbert_hls.h:146 in dot16, lhs                             |
| array_partition | variable=rhs complete dim=1                                                                                                                | ./distilbert_hls.h:147 in dot16, rhs                             |
| array_partition | variable=product complete dim=1                                                                                                            | ./distilbert_hls.h:148 in dot16, product                         |
| bind_op         | variable=product op=fmul impl=maxdsp                                                                                                       | ./distilbert_hls.h:149 in dot16, product                         |
| unroll          |                                                                                                                                            | ./distilbert_hls.h:152 in dot16                                  |
| inline          | off                                                                                                                                        | attention.cpp:10 in linear_hidden_to_hidden_parallel_hls         |
| array_partition | variable=bias complete dim=1                                                                                                               | attention.cpp:18 in linear_hidden_to_hidden_parallel_hls, bias   |
| array_partition | variable=acc complete dim=2                                                                                                                | attention.cpp:19 in linear_hidden_to_hidden_parallel_hls, acc    |
| pipeline        | II=1                                                                                                                                       | attention.cpp:23 in linear_hidden_to_hidden_parallel_hls         |
| pipeline        | II=1                                                                                                                                       | attention.cpp:29 in linear_hidden_to_hidden_parallel_hls         |
| unroll          |                                                                                                                                            | attention.cpp:32 in linear_hidden_to_hidden_parallel_hls         |
| array_partition | variable=w_lane complete dim=1                                                                                                             | attention.cpp:40 in linear_hidden_to_hidden_parallel_hls, w_lane |
| array_partition | variable=w_lane complete dim=2                                                                                                             | attention.cpp:41 in linear_hidden_to_hidden_parallel_hls, w_lane |
| pipeline        | II=1                                                                                                                                       | attention.cpp:45 in linear_hidden_to_hidden_parallel_hls         |
| pipeline        | II=1                                                                                                                                       | attention.cpp:51 in linear_hidden_to_hidden_parallel_hls         |
| array_partition | variable=x_lane complete dim=1                                                                                                             | attention.cpp:53 in linear_hidden_to_hidden_parallel_hls, x_lane |
| unroll          |                                                                                                                                            | attention.cpp:57 in linear_hidden_to_hidden_parallel_hls         |
| unroll          |                                                                                                                                            | attention.cpp:63 in linear_hidden_to_hidden_parallel_hls         |
| pipeline        | II=1                                                                                                                                       | attention.cpp:71 in linear_hidden_to_hidden_parallel_hls         |
| unroll          |                                                                                                                                            | attention.cpp:74 in linear_hidden_to_hidden_parallel_hls         |
| inline          | off                                                                                                                                        | attention.cpp:94 in qkv_projection_fused_hls                     |
| array_partition | variable=q_bias complete dim=1                                                                                                             | attention.cpp:106 in qkv_projection_fused_hls, q_bias            |
| array_partition | variable=k_bias complete dim=1                                                                                                             | attention.cpp:107 in qkv_projection_fused_hls, k_bias            |
| array_partition | variable=v_bias complete dim=1                                                                                                             | attention.cpp:108 in qkv_projection_fused_hls, v_bias            |
| array_partition | variable=q_acc complete dim=2                                                                                                              | attention.cpp:109 in qkv_projection_fused_hls, q_acc             |
| array_partition | variable=k_acc complete dim=2                                                                                                              | attention.cpp:110 in qkv_projection_fused_hls, k_acc             |
| array_partition | variable=v_acc complete dim=2                                                                                                              | attention.cpp:111 in qkv_projection_fused_hls, v_acc             |
| pipeline        | II=1                                                                                                                                       | attention.cpp:115 in qkv_projection_fused_hls                    |
| pipeline        | II=1                                                                                                                                       | attention.cpp:123 in qkv_projection_fused_hls                    |
| unroll          |                                                                                                                                            | attention.cpp:126 in qkv_projection_fused_hls                    |
| array_partition | variable=q_w complete dim=1                                                                                                                | attention.cpp:138 in qkv_projection_fused_hls, q_w               |
| array_partition | variable=q_w complete dim=2                                                                                                                | attention.cpp:139 in qkv_projection_fused_hls, q_w               |
| array_partition | variable=k_w complete dim=1                                                                                                                | attention.cpp:140 in qkv_projection_fused_hls, k_w               |
| array_partition | variable=k_w complete dim=2                                                                                                                | attention.cpp:141 in qkv_projection_fused_hls, k_w               |
| array_partition | variable=v_w complete dim=1                                                                                                                | attention.cpp:142 in qkv_projection_fused_hls, v_w               |
| array_partition | variable=v_w complete dim=2                                                                                                                | attention.cpp:143 in qkv_projection_fused_hls, v_w               |
| pipeline        | II=1                                                                                                                                       | attention.cpp:147 in qkv_projection_fused_hls                    |
| pipeline        | II=1                                                                                                                                       | attention.cpp:155 in qkv_projection_fused_hls                    |
| array_partition | variable=x_lane complete dim=1                                                                                                             | attention.cpp:157 in qkv_projection_fused_hls, x_lane            |
| unroll          |                                                                                                                                            | attention.cpp:161 in qkv_projection_fused_hls                    |
| unroll          |                                                                                                                                            | attention.cpp:167 in qkv_projection_fused_hls                    |
| pipeline        | II=1                                                                                                                                       | attention.cpp:177 in qkv_projection_fused_hls                    |
| unroll          |                                                                                                                                            | attention.cpp:180 in qkv_projection_fused_hls                    |
| inline          | off                                                                                                                                        | attention.cpp:196 in attention_dot64                             |
| pipeline        | II=1                                                                                                                                       | attention.cpp:202 in attention_dot64                             |
| array_partition | variable=q_lane complete dim=1                                                                                                             | attention.cpp:205 in attention_dot64, q_lane                     |
| array_partition | variable=k_lane complete dim=1                                                                                                             | attention.cpp:206 in attention_dot64, k_lane                     |
| unroll          |                                                                                                                                            | attention.cpp:209 in attention_dot64                             |
| inline          | off                                                                                                                                        | attention.cpp:233 in attention_forward_hls                       |
| bind_storage    | variable=q_buf type=RAM_2P impl=URAM                                                                                                       | attention.cpp:238 in attention_forward_hls, q_buf                |
| bind_storage    | variable=k_buf type=RAM_2P impl=URAM                                                                                                       | attention.cpp:239 in attention_forward_hls, k_buf                |
| bind_storage    | variable=v_buf type=RAM_2P impl=URAM                                                                                                       | attention.cpp:240 in attention_forward_hls, v_buf                |
| bind_storage    | variable=context type=RAM_2P impl=URAM                                                                                                     | attention.cpp:241 in attention_forward_hls, context              |
| array_partition | variable=q_buf cyclic factor=PACK_SIZE dim=2                                                                                               | attention.cpp:242 in attention_forward_hls, q_buf                |
| array_partition | variable=k_buf cyclic factor=PACK_SIZE dim=2                                                                                               | attention.cpp:243 in attention_forward_hls, k_buf                |
| array_partition | variable=v_buf cyclic factor=PACK_SIZE dim=2                                                                                               | attention.cpp:244 in attention_forward_hls, v_buf                |
| array_partition | variable=context cyclic factor=PACK_SIZE dim=2                                                                                             | attention.cpp:245 in attention_forward_hls, context              |
| bind_storage    | variable=scores type=RAM_2P impl=BRAM                                                                                                      | attention.cpp:249 in attention_forward_hls, scores               |
| bind_storage    | variable=probs type=RAM_2P impl=BRAM                                                                                                       | attention.cpp:250 in attention_forward_hls, probs                |
| pipeline        | II=1                                                                                                                                       | attention.cpp:269 in attention_forward_hls                       |
| unroll          |                                                                                                                                            | attention.cpp:272 in attention_forward_hls                       |
| pipeline        | II=1                                                                                                                                       | attention.cpp:299 in attention_forward_hls                       |
| array_partition | variable=acc complete dim=1                                                                                                                | attention.cpp:313 in attention_forward_hls, acc                  |
| unroll          |                                                                                                                                            | attention.cpp:317 in attention_forward_hls                       |
| pipeline        | II=1                                                                                                                                       | attention.cpp:323 in attention_forward_hls                       |
| unroll          |                                                                                                                                            | attention.cpp:327 in attention_forward_hls                       |
| unroll          |                                                                                                                                            | attention.cpp:334 in attention_forward_hls                       |
| inline          | off                                                                                                                                        | embedding.cpp:8 in layer_norm_token_local                        |
| array_partition | variable=sum_bank complete dim=1                                                                                                           | embedding.cpp:11 in layer_norm_token_local, sum_bank             |
| array_partition | variable=sumsq_bank complete dim=1                                                                                                         | embedding.cpp:12 in layer_norm_token_local, sumsq_bank           |
| unroll          |                                                                                                                                            | embedding.cpp:16 in layer_norm_token_local                       |
| pipeline        | II=1                                                                                                                                       | embedding.cpp:23 in layer_norm_token_local                       |
| unroll          |                                                                                                                                            | embedding.cpp:26 in layer_norm_token_local                       |
| unroll          |                                                                                                                                            | embedding.cpp:37 in layer_norm_token_local                       |
| pipeline        | II=1                                                                                                                                       | embedding.cpp:48 in layer_norm_token_local                       |
| unroll          |                                                                                                                                            | embedding.cpp:51 in layer_norm_token_local                       |
| inline          | off                                                                                                                                        | embedding.cpp:63 in embedding_forward_hls                        |
| bind_storage    | variable=gamma type=RAM_2P impl=BRAM                                                                                                       | embedding.cpp:66 in embedding_forward_hls, gamma                 |
| bind_storage    | variable=beta type=RAM_2P impl=BRAM                                                                                                        | embedding.cpp:67 in embedding_forward_hls, beta                  |
| array_partition | variable=gamma cyclic factor=PACK_SIZE dim=1                                                                                               | embedding.cpp:68 in embedding_forward_hls, gamma                 |
| array_partition | variable=beta cyclic factor=PACK_SIZE dim=1                                                                                                | embedding.cpp:69 in embedding_forward_hls, beta                  |
| pipeline        | II=1                                                                                                                                       | embedding.cpp:73 in embedding_forward_hls                        |
| array_partition | variable=g_lane complete dim=1                                                                                                             | embedding.cpp:76 in embedding_forward_hls, g_lane                |
| array_partition | variable=b_lane complete dim=1                                                                                                             | embedding.cpp:77 in embedding_forward_hls, b_lane                |
| unroll          |                                                                                                                                            | embedding.cpp:81 in embedding_forward_hls                        |
| pipeline        | II=1                                                                                                                                       | embedding.cpp:96 in embedding_forward_hls                        |
| array_partition | variable=word_lane complete dim=1                                                                                                          | embedding.cpp:99 in embedding_forward_hls, word_lane             |
| array_partition | variable=pos_lane complete dim=1                                                                                                           | embedding.cpp:100 in embedding_forward_hls, pos_lane             |
| unroll          |                                                                                                                                            | embedding.cpp:104 in embedding_forward_hls                       |
| inline          |                                                                                                                                            | ffn.cpp:4 in gelu_hls                                            |
| inline          | off                                                                                                                                        | ffn.cpp:15 in linear_hidden_to_ffn_parallel_hls                  |
| array_partition | variable=bias complete dim=1                                                                                                               | ffn.cpp:23 in linear_hidden_to_ffn_parallel_hls, bias            |
| array_partition | variable=acc complete dim=2                                                                                                                | ffn.cpp:24 in linear_hidden_to_ffn_parallel_hls, acc             |
| pipeline        | II=1                                                                                                                                       | ffn.cpp:28 in linear_hidden_to_ffn_parallel_hls                  |
| pipeline        | II=1                                                                                                                                       | ffn.cpp:34 in linear_hidden_to_ffn_parallel_hls                  |
| unroll          |                                                                                                                                            | ffn.cpp:37 in linear_hidden_to_ffn_parallel_hls                  |
| array_partition | variable=w_lane complete dim=1                                                                                                             | ffn.cpp:45 in linear_hidden_to_ffn_parallel_hls, w_lane          |
| array_partition | variable=w_lane complete dim=2                                                                                                             | ffn.cpp:46 in linear_hidden_to_ffn_parallel_hls, w_lane          |
| pipeline        | II=1                                                                                                                                       | ffn.cpp:50 in linear_hidden_to_ffn_parallel_hls                  |
| pipeline        | II=1                                                                                                                                       | ffn.cpp:56 in linear_hidden_to_ffn_parallel_hls                  |
| array_partition | variable=x_lane complete dim=1                                                                                                             | ffn.cpp:58 in linear_hidden_to_ffn_parallel_hls, x_lane          |
| unroll          |                                                                                                                                            | ffn.cpp:62 in linear_hidden_to_ffn_parallel_hls                  |
| unroll          |                                                                                                                                            | ffn.cpp:68 in linear_hidden_to_ffn_parallel_hls                  |
| pipeline        | II=1                                                                                                                                       | ffn.cpp:76 in linear_hidden_to_ffn_parallel_hls                  |
| unroll          |                                                                                                                                            | ffn.cpp:79 in linear_hidden_to_ffn_parallel_hls                  |
| inline          | off                                                                                                                                        | ffn.cpp:93 in linear_ffn_to_hidden_parallel_hls                  |
| array_partition | variable=bias complete dim=1                                                                                                               | ffn.cpp:101 in linear_ffn_to_hidden_parallel_hls, bias           |
| array_partition | variable=acc complete dim=2                                                                                                                | ffn.cpp:102 in linear_ffn_to_hidden_parallel_hls, acc            |
| pipeline        | II=1                                                                                                                                       | ffn.cpp:106 in linear_ffn_to_hidden_parallel_hls                 |
| pipeline        | II=1                                                                                                                                       | ffn.cpp:112 in linear_ffn_to_hidden_parallel_hls                 |
| unroll          |                                                                                                                                            | ffn.cpp:115 in linear_ffn_to_hidden_parallel_hls                 |
| array_partition | variable=w_lane complete dim=1                                                                                                             | ffn.cpp:123 in linear_ffn_to_hidden_parallel_hls, w_lane         |
| array_partition | variable=w_lane complete dim=2                                                                                                             | ffn.cpp:124 in linear_ffn_to_hidden_parallel_hls, w_lane         |
| pipeline        | II=1                                                                                                                                       | ffn.cpp:128 in linear_ffn_to_hidden_parallel_hls                 |
| pipeline        | II=1                                                                                                                                       | ffn.cpp:134 in linear_ffn_to_hidden_parallel_hls                 |
| array_partition | variable=x_lane complete dim=1                                                                                                             | ffn.cpp:136 in linear_ffn_to_hidden_parallel_hls, x_lane         |
| unroll          |                                                                                                                                            | ffn.cpp:140 in linear_ffn_to_hidden_parallel_hls                 |
| unroll          |                                                                                                                                            | ffn.cpp:146 in linear_ffn_to_hidden_parallel_hls                 |
| pipeline        | II=1                                                                                                                                       | ffn.cpp:154 in linear_ffn_to_hidden_parallel_hls                 |
| unroll          |                                                                                                                                            | ffn.cpp:157 in linear_ffn_to_hidden_parallel_hls                 |
| inline          | off                                                                                                                                        | ffn.cpp:173 in ffn_forward_hls                                   |
| bind_storage    | variable=intermediate type=RAM_2P impl=URAM                                                                                                | ffn.cpp:175 in ffn_forward_hls, intermediate                     |
| array_partition | variable=intermediate cyclic factor=PACK_SIZE dim=2                                                                                        | ffn.cpp:176 in ffn_forward_hls, intermediate                     |
| inline          | off                                                                                                                                        | ops.cpp:8 in load_norm_vector                                    |
| pipeline        | II=1                                                                                                                                       | ops.cpp:11 in load_norm_vector                                   |
| array_partition | variable=lane complete dim=1                                                                                                               | ops.cpp:13 in load_norm_vector, lane                             |
| unroll          |                                                                                                                                            | ops.cpp:16 in load_norm_vector                                   |
| inline          | off                                                                                                                                        | ops.cpp:29 in add_layer_norm_hls                                 |
| bind_storage    | variable=gamma type=RAM_2P impl=BRAM                                                                                                       | ops.cpp:32 in add_layer_norm_hls, gamma                          |
| bind_storage    | variable=beta type=RAM_2P impl=BRAM                                                                                                        | ops.cpp:33 in add_layer_norm_hls, beta                           |
| array_partition | variable=sum_bank complete dim=1                                                                                                           | ops.cpp:43 in add_layer_norm_hls, sum_bank                       |
| array_partition | variable=sumsq_bank complete dim=1                                                                                                         | ops.cpp:44 in add_layer_norm_hls, sumsq_bank                     |
| unroll          |                                                                                                                                            | ops.cpp:48 in add_layer_norm_hls                                 |
| pipeline        | II=1                                                                                                                                       | ops.cpp:55 in add_layer_norm_hls                                 |
| unroll          |                                                                                                                                            | ops.cpp:58 in add_layer_norm_hls                                 |
| unroll          |                                                                                                                                            | ops.cpp:71 in add_layer_norm_hls                                 |
| pipeline        | II=1                                                                                                                                       | ops.cpp:82 in add_layer_norm_hls                                 |
| unroll          |                                                                                                                                            | ops.cpp:85 in add_layer_norm_hls                                 |
| inline          | off                                                                                                                                        | top.cpp:26 in distilbert_hls_top                                 |
| interface       | m_axi port=input_ids offset=slave bundle=gmem_io depth=64                                                                                  | top.cpp:28 in distilbert_hls_top, input_ids                      |
| interface       | m_axi port=attention_mask offset=slave bundle=gmem_io depth=64                                                                             | top.cpp:29 in distilbert_hls_top, attention_mask                 |
| interface       | m_axi port=embedding_blob offset=slave bundle=gmem_emb depth=EMB_TOTAL_WORDS                                                               | top.cpp:30 in distilbert_hls_top, embedding_blob                 |
| interface       | m_axi port=output_hidden offset=slave bundle=gmem_io depth=TOKEN_WORDS                                                                     | top.cpp:31 in distilbert_hls_top, output_hidden                  |
| interface       | m_axi port=attn_q_w_all offset=slave bundle=gmem_attn_q_w depth=ALL_HH_WEIGHT_WORDS max_read_burst_length=64 num_read_outstanding=32       | top.cpp:33 in distilbert_hls_top, attn_q_w_all                   |
| interface       | m_axi port=attn_k_w_all offset=slave bundle=gmem_attn_k_w depth=ALL_HH_WEIGHT_WORDS max_read_burst_length=64 num_read_outstanding=32       | top.cpp:34 in distilbert_hls_top, attn_k_w_all                   |
| interface       | m_axi port=attn_v_w_all offset=slave bundle=gmem_attn_v_w depth=ALL_HH_WEIGHT_WORDS max_read_burst_length=64 num_read_outstanding=32       | top.cpp:35 in distilbert_hls_top, attn_v_w_all                   |
| interface       | m_axi port=attn_o_w_all offset=slave bundle=gmem_attn_o_w depth=ALL_HH_WEIGHT_WORDS max_read_burst_length=64 num_read_outstanding=32       | top.cpp:36 in distilbert_hls_top, attn_o_w_all                   |
| interface       | m_axi port=attn_q_b_all offset=slave bundle=gmem_attn_b depth=ALL_HIDDEN_BIAS_WORDS                                                        | top.cpp:38 in distilbert_hls_top, attn_q_b_all                   |
| interface       | m_axi port=attn_k_b_all offset=slave bundle=gmem_attn_b depth=ALL_HIDDEN_BIAS_WORDS                                                        | top.cpp:39 in distilbert_hls_top, attn_k_b_all                   |
| interface       | m_axi port=attn_v_b_all offset=slave bundle=gmem_attn_b depth=ALL_HIDDEN_BIAS_WORDS                                                        | top.cpp:40 in distilbert_hls_top, attn_v_b_all                   |
| interface       | m_axi port=attn_o_b_all offset=slave bundle=gmem_attn_b depth=ALL_HIDDEN_BIAS_WORDS                                                        | top.cpp:41 in distilbert_hls_top, attn_o_b_all                   |
| interface       | m_axi port=attn_norm_gamma_all offset=slave bundle=gmem_attn_norm depth=ALL_HIDDEN_BIAS_WORDS                                              | top.cpp:42 in distilbert_hls_top, attn_norm_gamma_all            |
| interface       | m_axi port=attn_norm_beta_all offset=slave bundle=gmem_attn_norm depth=ALL_HIDDEN_BIAS_WORDS                                               | top.cpp:43 in distilbert_hls_top, attn_norm_beta_all             |
| interface       | m_axi port=ffn_up_w_all offset=slave bundle=gmem_ffn_up_w depth=ALL_FFN1_WEIGHT_WORDS max_read_burst_length=64 num_read_outstanding=32     | top.cpp:45 in distilbert_hls_top, ffn_up_w_all                   |
| interface       | m_axi port=ffn_down_w_all offset=slave bundle=gmem_ffn_down_w depth=ALL_FFN2_WEIGHT_WORDS max_read_burst_length=64 num_read_outstanding=32 | top.cpp:46 in distilbert_hls_top, ffn_down_w_all                 |
| interface       | m_axi port=ffn_up_b_all offset=slave bundle=gmem_ffn_b depth=ALL_FFN1_BIAS_WORDS                                                           | top.cpp:47 in distilbert_hls_top, ffn_up_b_all                   |
| interface       | m_axi port=ffn_down_b_all offset=slave bundle=gmem_ffn_b depth=ALL_HIDDEN_BIAS_WORDS                                                       | top.cpp:48 in distilbert_hls_top, ffn_down_b_all                 |
| interface       | m_axi port=ffn_norm_gamma_all offset=slave bundle=gmem_ffn_norm depth=ALL_HIDDEN_BIAS_WORDS                                                | top.cpp:49 in distilbert_hls_top, ffn_norm_gamma_all             |
| interface       | m_axi port=ffn_norm_beta_all offset=slave bundle=gmem_ffn_norm depth=ALL_HIDDEN_BIAS_WORDS                                                 | top.cpp:50 in distilbert_hls_top, ffn_norm_beta_all              |
| interface       | s_axilite port=input_ids                                                                                                                   | top.cpp:52 in distilbert_hls_top, input_ids                      |
| interface       | s_axilite port=attention_mask                                                                                                              | top.cpp:53 in distilbert_hls_top, attention_mask                 |
| interface       | s_axilite port=embedding_blob                                                                                                              | top.cpp:54 in distilbert_hls_top, embedding_blob                 |
| interface       | s_axilite port=attn_q_w_all                                                                                                                | top.cpp:55 in distilbert_hls_top, attn_q_w_all                   |
| interface       | s_axilite port=attn_q_b_all                                                                                                                | top.cpp:56 in distilbert_hls_top, attn_q_b_all                   |
| interface       | s_axilite port=attn_k_w_all                                                                                                                | top.cpp:57 in distilbert_hls_top, attn_k_w_all                   |
| interface       | s_axilite port=attn_k_b_all                                                                                                                | top.cpp:58 in distilbert_hls_top, attn_k_b_all                   |
| interface       | s_axilite port=attn_v_w_all                                                                                                                | top.cpp:59 in distilbert_hls_top, attn_v_w_all                   |
| interface       | s_axilite port=attn_v_b_all                                                                                                                | top.cpp:60 in distilbert_hls_top, attn_v_b_all                   |
| interface       | s_axilite port=attn_o_w_all                                                                                                                | top.cpp:61 in distilbert_hls_top, attn_o_w_all                   |
| interface       | s_axilite port=attn_o_b_all                                                                                                                | top.cpp:62 in distilbert_hls_top, attn_o_b_all                   |
| interface       | s_axilite port=attn_norm_gamma_all                                                                                                         | top.cpp:63 in distilbert_hls_top, attn_norm_gamma_all            |
| interface       | s_axilite port=attn_norm_beta_all                                                                                                          | top.cpp:64 in distilbert_hls_top, attn_norm_beta_all             |
| interface       | s_axilite port=ffn_up_w_all                                                                                                                | top.cpp:65 in distilbert_hls_top, ffn_up_w_all                   |
| interface       | s_axilite port=ffn_up_b_all                                                                                                                | top.cpp:66 in distilbert_hls_top, ffn_up_b_all                   |
| interface       | s_axilite port=ffn_down_w_all                                                                                                              | top.cpp:67 in distilbert_hls_top, ffn_down_w_all                 |
| interface       | s_axilite port=ffn_down_b_all                                                                                                              | top.cpp:68 in distilbert_hls_top, ffn_down_b_all                 |
| interface       | s_axilite port=ffn_norm_gamma_all                                                                                                          | top.cpp:69 in distilbert_hls_top, ffn_norm_gamma_all             |
| interface       | s_axilite port=ffn_norm_beta_all                                                                                                           | top.cpp:70 in distilbert_hls_top, ffn_norm_beta_all              |
| interface       | s_axilite port=output_hidden                                                                                                               | top.cpp:71 in distilbert_hls_top, output_hidden                  |
| interface       | s_axilite port=return                                                                                                                      | top.cpp:72 in distilbert_hls_top, return                         |
| bind_storage    | variable=hidden type=RAM_2P impl=URAM                                                                                                      | top.cpp:77 in distilbert_hls_top, hidden                         |
| bind_storage    | variable=att_out type=RAM_2P impl=URAM                                                                                                     | top.cpp:78 in distilbert_hls_top, att_out                        |
| bind_storage    | variable=ffn_out type=RAM_2P impl=URAM                                                                                                     | top.cpp:79 in distilbert_hls_top, ffn_out                        |
| array_partition | variable=hidden cyclic factor=PACK_SIZE dim=2                                                                                              | top.cpp:80 in distilbert_hls_top, hidden                         |
| array_partition | variable=att_out cyclic factor=PACK_SIZE dim=2                                                                                             | top.cpp:81 in distilbert_hls_top, att_out                        |
| array_partition | variable=ffn_out cyclic factor=PACK_SIZE dim=2                                                                                             | top.cpp:82 in distilbert_hls_top, ffn_out                        |
| loop_tripcount  | min=6 max=6                                                                                                                                | top.cpp:88 in distilbert_hls_top                                 |
| pipeline        | II=1                                                                                                                                       | top.cpp:129 in distilbert_hls_top                                |
| array_partition | variable=lane complete dim=1                                                                                                               | top.cpp:131 in distilbert_hls_top, lane                          |
| unroll          |                                                                                                                                            | top.cpp:133 in distilbert_hls_top                                |
+-----------------+--------------------------------------------------------------------------------------------------------------------------------------------+------------------------------------------------------------------+


