
*** Running vivado
    with args -log level0_wrapper.vdi -applog -m64 -product Vivado -messageDb vivado.pb -mode batch -source level0_wrapper.tcl -notrace


****** Vivado v2021.2 (64-bit)
  **** SW Build 3367213 on Tue Oct 19 02:47:39 MDT 2021
  **** IP Build 3369179 on Thu Oct 21 08:25:16 MDT 2021
    ** Copyright 1986-2021 Xilinx, Inc. All Rights Reserved.

source level0_wrapper.tcl -notrace
INFO: Dispatch client connection id - 40821
source /home/truongnh/minhphat/30m/debug_link_69460/vpp_temp/link/vivado/vpl/scripts/impl_1/_full_init_pre.tcl
WARNING: failed to connect to dispatch server - client already initialized
INFO: [IP_Flow 19-234] Refreshing IP repositories
INFO: [IP_Flow 19-1700] Loaded user IP repository '/home/truongnh/minhphat/30m/debug_link_69460/vpp_temp/link/int/xo/ip_repo/xilinx_com_hls_distilbert_hls_top_1_0'.
WARNING: [IP_Flow 19-1694] Ignoring duplicate Bus Definition IP file 'xilinx.com:display_pcie4:pcie4_gt_if:1.0' found within IP repository '/home/truongnh/minhphat/30m/debug_link_69460/vpp_temp/link/vivado/vpl/.local/hw_platform/iprepo'.
File in use: /home/truongnh/minhphat/30m/debug_link_69460/vpp_temp/link/vivado/vpl/.local/hw_platform/iprepo/ipdefs/shell_subsystem_ipdefs/xdma_v4_1/interfaces/pcie4_gt_if.xml
File ignored: /home/truongnh/minhphat/30m/debug_link_69460/vpp_temp/link/vivado/vpl/.local/hw_platform/iprepo/ipdefs/shell_subsystem_ipdefs/pcie4c_uscale_plus_v1_0/interfaces/pcie4_gt_if.xml
WARNING: [IP_Flow 19-1694] Ignoring duplicate Bus Abstraction IP file 'xilinx.com:display_pcie4:pcie4_gt_if_rtl:1.0' found within IP repository '/home/truongnh/minhphat/30m/debug_link_69460/vpp_temp/link/vivado/vpl/.local/hw_platform/iprepo'.
File in use: /home/truongnh/minhphat/30m/debug_link_69460/vpp_temp/link/vivado/vpl/.local/hw_platform/iprepo/ipdefs/shell_subsystem_ipdefs/xdma_v4_1/interfaces/pcie4_gt_if_rtl.xml
File ignored: /home/truongnh/minhphat/30m/debug_link_69460/vpp_temp/link/vivado/vpl/.local/hw_platform/iprepo/ipdefs/shell_subsystem_ipdefs/pcie4c_uscale_plus_v1_0/interfaces/pcie4_gt_if_rtl.xml
WARNING: [IP_Flow 19-1694] Ignoring duplicate Bus Definition IP file 'xilinx.com:display_pcie4:pcie4_cfg_pm:1.0' found within IP repository '/home/truongnh/minhphat/30m/debug_link_69460/vpp_temp/link/vivado/vpl/.local/hw_platform/iprepo'.
File in use: /home/truongnh/minhphat/30m/debug_link_69460/vpp_temp/link/vivado/vpl/.local/hw_platform/iprepo/ipdefs/shell_subsystem_ipdefs/pcie4c_uscale_plus_v1_0/interfaces/pcie4_cfg_pm.xml
File ignored: /home/truongnh/minhphat/30m/debug_link_69460/vpp_temp/link/vivado/vpl/.local/hw_platform/iprepo/ipdefs/shell_subsystem_ipdefs/pcie4_uscale_plus_v1_3/interfaces/pcie4_cfg_pm.xml
WARNING: [IP_Flow 19-1694] Ignoring duplicate Bus Abstraction IP file 'xilinx.com:display_pcie4:pcie4_pl_rtl:1.0' found within IP repository '/home/truongnh/minhphat/30m/debug_link_69460/vpp_temp/link/vivado/vpl/.local/hw_platform/iprepo'.
File in use: /home/truongnh/minhphat/30m/debug_link_69460/vpp_temp/link/vivado/vpl/.local/hw_platform/iprepo/ipdefs/shell_subsystem_ipdefs/pcie4c_uscale_plus_v1_0/interfaces/pcie4_pl_rtl.xml
File ignored: /home/truongnh/minhphat/30m/debug_link_69460/vpp_temp/link/vivado/vpl/.local/hw_platform/iprepo/ipdefs/shell_subsystem_ipdefs/pcie4_uscale_plus_v1_3/interfaces/pcie4_pl_rtl.xml
WARNING: [IP_Flow 19-1694] Ignoring duplicate Bus Definition IP file 'xilinx.com:display_pcie4:pcie4_cfg_external_msix:1.0' found within IP repository '/home/truongnh/minhphat/30m/debug_link_69460/vpp_temp/link/vivado/vpl/.local/hw_platform/iprepo'.
File in use: /home/truongnh/minhphat/30m/debug_link_69460/vpp_temp/link/vivado/vpl/.local/hw_platform/iprepo/ipdefs/shell_subsystem_ipdefs/pcie4c_uscale_plus_v1_0/interfaces/pcie4_cfg_ext_msix.xml
File ignored: /home/truongnh/minhphat/30m/debug_link_69460/vpp_temp/link/vivado/vpl/.local/hw_platform/iprepo/ipdefs/shell_subsystem_ipdefs/pcie4_uscale_plus_v1_3/interfaces/pcie4_cfg_ext_msix.xml
WARNING: [IP_Flow 19-1694] Ignoring duplicate Bus Definition IP file 'xilinx.com:display_pcie4:pcie4_drp:1.0' found within IP repository '/home/truongnh/minhphat/30m/debug_link_69460/vpp_temp/link/vivado/vpl/.local/hw_platform/iprepo'.
File in use: /home/truongnh/minhphat/30m/debug_link_69460/vpp_temp/link/vivado/vpl/.local/hw_platform/iprepo/ipdefs/shell_subsystem_ipdefs/pcie4c_uscale_plus_v1_0/interfaces/pcie4_drp.xml
File ignored: /home/truongnh/minhphat/30m/debug_link_69460/vpp_temp/link/vivado/vpl/.local/hw_platform/iprepo/ipdefs/shell_subsystem_ipdefs/pcie4_uscale_plus_v1_3/interfaces/pcie4_drp.xml
WARNING: [IP_Flow 19-1694] Ignoring duplicate Bus Definition IP file 'xilinx.com:display_pcie4_uscaleplus:ext_gtcom:1.0' found within IP repository '/home/truongnh/minhphat/30m/debug_link_69460/vpp_temp/link/vivado/vpl/.local/hw_platform/iprepo'.
File in use: /home/truongnh/minhphat/30m/debug_link_69460/vpp_temp/link/vivado/vpl/.local/hw_platform/iprepo/ipdefs/shell_subsystem_ipdefs/xdma_v4_1/interfaces/pcie4_usp_ext_gtcom.xml
File ignored: /home/truongnh/minhphat/30m/debug_link_69460/vpp_temp/link/vivado/vpl/.local/hw_platform/iprepo/ipdefs/shell_subsystem_ipdefs/pcie4_uscale_plus_v1_3/interfaces/pcie4_usp_ext_gtcom.xml
WARNING: [IP_Flow 19-1694] Ignoring duplicate Bus Definition IP file 'xilinx.com:display_pcie4:pcie4_cfg_control:1.0' found within IP repository '/home/truongnh/minhphat/30m/debug_link_69460/vpp_temp/link/vivado/vpl/.local/hw_platform/iprepo'.
File in use: /home/truongnh/minhphat/30m/debug_link_69460/vpp_temp/link/vivado/vpl/.local/hw_platform/iprepo/ipdefs/shell_subsystem_ipdefs/pcie4c_uscale_plus_v1_0/interfaces/pcie4_cfg_control.xml
File ignored: /home/truongnh/minhphat/30m/debug_link_69460/vpp_temp/link/vivado/vpl/.local/hw_platform/iprepo/ipdefs/shell_subsystem_ipdefs/pcie4_uscale_plus_v1_3/interfaces/pcie4_cfg_control.xml
WARNING: [IP_Flow 19-1694] Ignoring duplicate Bus Abstraction IP file 'xilinx.com:display_pcie4:pcie4_cfg_mgmt_rtl:1.0' found within IP repository '/home/truongnh/minhphat/30m/debug_link_69460/vpp_temp/link/vivado/vpl/.local/hw_platform/iprepo'.
File in use: /home/truongnh/minhphat/30m/debug_link_69460/vpp_temp/link/vivado/vpl/.local/hw_platform/iprepo/ipdefs/shell_subsystem_ipdefs/pcie4c_uscale_plus_v1_0/interfaces/pcie4_cfg_mgmt_rtl.xml
File ignored: /home/truongnh/minhphat/30m/debug_link_69460/vpp_temp/link/vivado/vpl/.local/hw_platform/iprepo/ipdefs/shell_subsystem_ipdefs/pcie4_uscale_plus_v1_3/interfaces/pcie4_cfg_mgmt_rtl.xml
WARNING: [IP_Flow 19-1694] Ignoring duplicate Bus Definition IP file 'xilinx.com:display_pcie4:pcie4_gt_if:1.0' found within IP repository '/home/truongnh/minhphat/30m/debug_link_69460/vpp_temp/link/vivado/vpl/.local/hw_platform/iprepo'.
File in use: /home/truongnh/minhphat/30m/debug_link_69460/vpp_temp/link/vivado/vpl/.local/hw_platform/iprepo/ipdefs/shell_subsystem_ipdefs/xdma_v4_1/interfaces/pcie4_gt_if.xml
File ignored: /home/truongnh/minhphat/30m/debug_link_69460/vpp_temp/link/vivado/vpl/.local/hw_platform/iprepo/ipdefs/shell_subsystem_ipdefs/pcie4_uscale_plus_v1_3/interfaces/pcie4_gt_if.xml
WARNING: [IP_Flow 19-1694] Ignoring duplicate Bus Abstraction IP file 'xilinx.com:display_pcie4:pcie4_cfg_msix_external_rtl:1.0' found within IP repository '/home/truongnh/minhphat/30m/debug_link_69460/vpp_temp/link/vivado/vpl/.local/hw_platform/iprepo'.
File in use: /home/truongnh/minhphat/30m/debug_link_69460/vpp_temp/link/vivado/vpl/.local/hw_platform/iprepo/ipdefs/shell_subsystem_ipdefs/pcie4c_uscale_plus_v1_0/interfaces/pcie4_cfg_msix_rtl.xml
File ignored: /home/truongnh/minhphat/30m/debug_link_69460/vpp_temp/link/vivado/vpl/.local/hw_platform/iprepo/ipdefs/shell_subsystem_ipdefs/pcie4_uscale_plus_v1_3/interfaces/pcie4_cfg_msix_rtl.xml
WARNING: [IP_Flow 19-1694] Ignoring duplicate Bus Definition IP file 'xilinx.com:display_pcie4:pcie4_pl:1.0' found within IP repository '/home/truongnh/minhphat/30m/debug_link_69460/vpp_temp/link/vivado/vpl/.local/hw_platform/iprepo'.
File in use: /home/truongnh/minhphat/30m/debug_link_69460/vpp_temp/link/vivado/vpl/.local/hw_platform/iprepo/ipdefs/shell_subsystem_ipdefs/pcie4c_uscale_plus_v1_0/interfaces/pcie4_pl.xml
File ignored: /home/truongnh/minhphat/30m/debug_link_69460/vpp_temp/link/vivado/vpl/.local/hw_platform/iprepo/ipdefs/shell_subsystem_ipdefs/pcie4_uscale_plus_v1_3/interfaces/pcie4_pl.xml
WARNING: [IP_Flow 19-1694] Ignoring duplicate Bus Abstraction IP file 'xilinx.com:display_pcie4:pcie4_cfg_external_msix_rtl:1.0' found within IP repository '/home/truongnh/minhphat/30m/debug_link_69460/vpp_temp/link/vivado/vpl/.local/hw_platform/iprepo'.
File in use: /home/truongnh/minhphat/30m/debug_link_69460/vpp_temp/link/vivado/vpl/.local/hw_platform/iprepo/ipdefs/shell_subsystem_ipdefs/pcie4c_uscale_plus_v1_0/interfaces/pcie4_cfg_ext_msix_rtl.xml
File ignored: /home/truongnh/minhphat/30m/debug_link_69460/vpp_temp/link/vivado/vpl/.local/hw_platform/iprepo/ipdefs/shell_subsystem_ipdefs/pcie4_uscale_plus_v1_3/interfaces/pcie4_cfg_ext_msix_rtl.xml
WARNING: [IP_Flow 19-1694] Ignoring duplicate Bus Definition IP file 'xilinx.com:display_pcie4:pcie4_rbar:1.0' found within IP repository '/home/truongnh/minhphat/30m/debug_link_69460/vpp_temp/link/vivado/vpl/.local/hw_platform/iprepo'.
File in use: /home/truongnh/minhphat/30m/debug_link_69460/vpp_temp/link/vivado/vpl/.local/hw_platform/iprepo/ipdefs/shell_subsystem_ipdefs/pcie4c_uscale_plus_v1_0/interfaces/pcie4_rbar.xml
File ignored: /home/truongnh/minhphat/30m/debug_link_69460/vpp_temp/link/vivado/vpl/.local/hw_platform/iprepo/ipdefs/shell_subsystem_ipdefs/pcie4_uscale_plus_v1_3/interfaces/pcie4_rbar.xml
WARNING: [IP_Flow 19-1694] Ignoring duplicate Bus Definition IP file 'xilinx.com:display_pcie4:pcie4_cfg_status:1.0' found within IP repository '/home/truongnh/minhphat/30m/debug_link_69460/vpp_temp/link/vivado/vpl/.local/hw_platform/iprepo'.
File in use: /home/truongnh/minhphat/30m/debug_link_69460/vpp_temp/link/vivado/vpl/.local/hw_platform/iprepo/ipdefs/shell_subsystem_ipdefs/pcie4c_uscale_plus_v1_0/interfaces/pcie4_cfg_status.xml
File ignored: /home/truongnh/minhphat/30m/debug_link_69460/vpp_temp/link/vivado/vpl/.local/hw_platform/iprepo/ipdefs/shell_subsystem_ipdefs/pcie4_uscale_plus_v1_3/interfaces/pcie4_cfg_status.xml
WARNING: [IP_Flow 19-1694] Ignoring duplicate Bus Definition IP file 'xilinx.com:display_pcie4:pcie4_cfg_mgmt:1.0' found within IP repository '/home/truongnh/minhphat/30m/debug_link_69460/vpp_temp/link/vivado/vpl/.local/hw_platform/iprepo'.
File in use: /home/truongnh/minhphat/30m/debug_link_69460/vpp_temp/link/vivado/vpl/.local/hw_platform/iprepo/ipdefs/shell_subsystem_ipdefs/pcie4c_uscale_plus_v1_0/interfaces/pcie4_cfg_mgmt.xml
File ignored: /home/truongnh/minhphat/30m/debug_link_69460/vpp_temp/link/vivado/vpl/.local/hw_platform/iprepo/ipdefs/shell_subsystem_ipdefs/pcie4_uscale_plus_v1_3/interfaces/pcie4_cfg_mgmt.xml
WARNING: [IP_Flow 19-1694] Ignoring duplicate Bus Abstraction IP file 'xilinx.com:display_pcie4:pcie4_pcie_id_rtl:1.0' found within IP repository '/home/truongnh/minhphat/30m/debug_link_69460/vpp_temp/link/vivado/vpl/.local/hw_platform/iprepo'.
File in use: /home/truongnh/minhphat/30m/debug_link_69460/vpp_temp/link/vivado/vpl/.local/hw_platform/iprepo/ipdefs/shell_subsystem_ipdefs/pcie4c_uscale_plus_v1_0/interfaces/pcie4_pcie_id_rtl.xml
File ignored: /home/truongnh/minhphat/30m/debug_link_69460/vpp_temp/link/vivado/vpl/.local/hw_platform/iprepo/ipdefs/shell_subsystem_ipdefs/pcie4_uscale_plus_v1_3/interfaces/pcie4_pcie_id_rtl.xml
WARNING: [IP_Flow 19-1694] Ignoring duplicate Bus Abstraction IP file 'xilinx.com:display_pcie4:pcie4_cfg_status_rtl:1.0' found within IP repository '/home/truongnh/minhphat/30m/debug_link_69460/vpp_temp/link/vivado/vpl/.local/hw_platform/iprepo'.
File in use: /home/truongnh/minhphat/30m/debug_link_69460/vpp_temp/link/vivado/vpl/.local/hw_platform/iprepo/ipdefs/shell_subsystem_ipdefs/pcie4c_uscale_plus_v1_0/interfaces/pcie4_cfg_status_rtl.xml
File ignored: /home/truongnh/minhphat/30m/debug_link_69460/vpp_temp/link/vivado/vpl/.local/hw_platform/iprepo/ipdefs/shell_subsystem_ipdefs/pcie4_uscale_plus_v1_3/interfaces/pcie4_cfg_status_rtl.xml
WARNING: [IP_Flow 19-1694] Ignoring duplicate Bus Definition IP file 'xilinx.com:display_pcie4:pcie4_cfg_msix_internal:1.0' found within IP repository '/home/truongnh/minhphat/30m/debug_link_69460/vpp_temp/link/vivado/vpl/.local/hw_platform/iprepo'.
File in use: /home/truongnh/minhphat/30m/debug_link_69460/vpp_temp/link/vivado/vpl/.local/hw_platform/iprepo/ipdefs/shell_subsystem_ipdefs/pcie4c_uscale_plus_v1_0/interfaces/pcie4_cfg_msix_int.xml
File ignored: /home/truongnh/minhphat/30m/debug_link_69460/vpp_temp/link/vivado/vpl/.local/hw_platform/iprepo/ipdefs/shell_subsystem_ipdefs/pcie4_uscale_plus_v1_3/interfaces/pcie4_cfg_msix_int.xml
WARNING: [IP_Flow 19-1694] Ignoring duplicate Bus Abstraction IP file 'xilinx.com:display_pcie4:pcie4_cfg_msix_internal_rtl:1.0' found within IP repository '/home/truongnh/minhphat/30m/debug_link_69460/vpp_temp/link/vivado/vpl/.local/hw_platform/iprepo'.
File in use: /home/truongnh/minhphat/30m/debug_link_69460/vpp_temp/link/vivado/vpl/.local/hw_platform/iprepo/ipdefs/shell_subsystem_ipdefs/pcie4c_uscale_plus_v1_0/interfaces/pcie4_cfg_msix_int_rtl.xml
File ignored: /home/truongnh/minhphat/30m/debug_link_69460/vpp_temp/link/vivado/vpl/.local/hw_platform/iprepo/ipdefs/shell_subsystem_ipdefs/pcie4_uscale_plus_v1_3/interfaces/pcie4_cfg_msix_int_rtl.xml
WARNING: [IP_Flow 19-1694] Ignoring duplicate Bus Abstraction IP file 'xilinx.com:display_pcie4:pcie4_cfg_control_rtl:1.0' found within IP repository '/home/truongnh/minhphat/30m/debug_link_69460/vpp_temp/link/vivado/vpl/.local/hw_platform/iprepo'.
File in use: /home/truongnh/minhphat/30m/debug_link_69460/vpp_temp/link/vivado/vpl/.local/hw_platform/iprepo/ipdefs/shell_subsystem_ipdefs/pcie4c_uscale_plus_v1_0/interfaces/pcie4_cfg_control_rtl.xml
File ignored: /home/truongnh/minhphat/30m/debug_link_69460/vpp_temp/link/vivado/vpl/.local/hw_platform/iprepo/ipdefs/shell_subsystem_ipdefs/pcie4_uscale_plus_v1_3/interfaces/pcie4_cfg_control_rtl.xml
WARNING: [IP_Flow 19-1694] Ignoring duplicate Bus Abstraction IP file 'xilinx.com:display_pcie4:pcie4_cfg_pm_rtl:1.0' found within IP repository '/home/truongnh/minhphat/30m/debug_link_69460/vpp_temp/link/vivado/vpl/.local/hw_platform/iprepo'.
File in use: /home/truongnh/minhphat/30m/debug_link_69460/vpp_temp/link/vivado/vpl/.local/hw_platform/iprepo/ipdefs/shell_subsystem_ipdefs/pcie4c_uscale_plus_v1_0/interfaces/pcie4_cfg_pm_rtl.xml
File ignored: /home/truongnh/minhphat/30m/debug_link_69460/vpp_temp/link/vivado/vpl/.local/hw_platform/iprepo/ipdefs/shell_subsystem_ipdefs/pcie4_uscale_plus_v1_3/interfaces/pcie4_cfg_pm_rtl.xml
WARNING: [IP_Flow 19-1694] Ignoring duplicate Bus Abstraction IP file 'xilinx.com:display_pcie4_uscaleplus:ext_gtcom_rtl:1.0' found within IP repository '/home/truongnh/minhphat/30m/debug_link_69460/vpp_temp/link/vivado/vpl/.local/hw_platform/iprepo'.
File in use: /home/truongnh/minhphat/30m/debug_link_69460/vpp_temp/link/vivado/vpl/.local/hw_platform/iprepo/ipdefs/shell_subsystem_ipdefs/xdma_v4_1/interfaces/pcie4_usp_ext_gtcom_rtl.xml
File ignored: /home/truongnh/minhphat/30m/debug_link_69460/vpp_temp/link/vivado/vpl/.local/hw_platform/iprepo/ipdefs/shell_subsystem_ipdefs/pcie4_uscale_plus_v1_3/interfaces/pcie4_usp_ext_gtcom_rtl.xml
WARNING: [IP_Flow 19-1694] Ignoring duplicate Bus Definition IP file 'xilinx.com:display_pcie4_uscaleplus:int_gtcom:1.0' found within IP repository '/home/truongnh/minhphat/30m/debug_link_69460/vpp_temp/link/vivado/vpl/.local/hw_platform/iprepo'.
File in use: /home/truongnh/minhphat/30m/debug_link_69460/vpp_temp/link/vivado/vpl/.local/hw_platform/iprepo/ipdefs/shell_subsystem_ipdefs/xdma_v4_1/interfaces/pcie4_usp_int_gtcom.xml
File ignored: /home/truongnh/minhphat/30m/debug_link_69460/vpp_temp/link/vivado/vpl/.local/hw_platform/iprepo/ipdefs/shell_subsystem_ipdefs/pcie4_uscale_plus_v1_3/interfaces/pcie4_usp_int_gtcom.xml
WARNING: [IP_Flow 19-1694] Ignoring duplicate Bus Abstraction IP file 'xilinx.com:display_pcie4:pcie4_rbar_rtl:1.0' found within IP repository '/home/truongnh/minhphat/30m/debug_link_69460/vpp_temp/link/vivado/vpl/.local/hw_platform/iprepo'.
File in use: /home/truongnh/minhphat/30m/debug_link_69460/vpp_temp/link/vivado/vpl/.local/hw_platform/iprepo/ipdefs/shell_subsystem_ipdefs/pcie4c_uscale_plus_v1_0/interfaces/pcie4_rbar_rtl.xml
File ignored: /home/truongnh/minhphat/30m/debug_link_69460/vpp_temp/link/vivado/vpl/.local/hw_platform/iprepo/ipdefs/shell_subsystem_ipdefs/pcie4_uscale_plus_v1_3/interfaces/pcie4_rbar_rtl.xml
WARNING: [IP_Flow 19-1694] Ignoring duplicate Bus Definition IP file 'xilinx.com:display_pcie4:pcie4_cfg_msix_external:1.0' found within IP repository '/home/truongnh/minhphat/30m/debug_link_69460/vpp_temp/link/vivado/vpl/.local/hw_platform/iprepo'.
File in use: /home/truongnh/minhphat/30m/debug_link_69460/vpp_temp/link/vivado/vpl/.local/hw_platform/iprepo/ipdefs/shell_subsystem_ipdefs/pcie4c_uscale_plus_v1_0/interfaces/pcie4_cfg_msix.xml
File ignored: /home/truongnh/minhphat/30m/debug_link_69460/vpp_temp/link/vivado/vpl/.local/hw_platform/iprepo/ipdefs/shell_subsystem_ipdefs/pcie4_uscale_plus_v1_3/interfaces/pcie4_cfg_msix.xml
WARNING: [IP_Flow 19-1694] Ignoring duplicate Bus Definition IP file 'xilinx.com:display_pcie4:pcie4_pcie_id:1.0' found within IP repository '/home/truongnh/minhphat/30m/debug_link_69460/vpp_temp/link/vivado/vpl/.local/hw_platform/iprepo'.
File in use: /home/truongnh/minhphat/30m/debug_link_69460/vpp_temp/link/vivado/vpl/.local/hw_platform/iprepo/ipdefs/shell_subsystem_ipdefs/pcie4c_uscale_plus_v1_0/interfaces/pcie4_pcie_id.xml
File ignored: /home/truongnh/minhphat/30m/debug_link_69460/vpp_temp/link/vivado/vpl/.local/hw_platform/iprepo/ipdefs/shell_subsystem_ipdefs/pcie4_uscale_plus_v1_3/interfaces/pcie4_pcie_id.xml
WARNING: [IP_Flow 19-1694] Ignoring duplicate Bus Abstraction IP file 'xilinx.com:display_pcie4:pcie4_gt_if_rtl:1.0' found within IP repository '/home/truongnh/minhphat/30m/debug_link_69460/vpp_temp/link/vivado/vpl/.local/hw_platform/iprepo'.
File in use: /home/truongnh/minhphat/30m/debug_link_69460/vpp_temp/link/vivado/vpl/.local/hw_platform/iprepo/ipdefs/shell_subsystem_ipdefs/xdma_v4_1/interfaces/pcie4_gt_if_rtl.xml
File ignored: /home/truongnh/minhphat/30m/debug_link_69460/vpp_temp/link/vivado/vpl/.local/hw_platform/iprepo/ipdefs/shell_subsystem_ipdefs/pcie4_uscale_plus_v1_3/interfaces/pcie4_gt_if_rtl.xml
WARNING: [IP_Flow 19-1694] Ignoring duplicate Bus Abstraction IP file 'xilinx.com:display_pcie4_uscaleplus:int_gtcom_rtl:1.0' found within IP repository '/home/truongnh/minhphat/30m/debug_link_69460/vpp_temp/link/vivado/vpl/.local/hw_platform/iprepo'.
File in use: /home/truongnh/minhphat/30m/debug_link_69460/vpp_temp/link/vivado/vpl/.local/hw_platform/iprepo/ipdefs/shell_subsystem_ipdefs/xdma_v4_1/interfaces/pcie4_usp_int_gtcom_rtl.xml
File ignored: /home/truongnh/minhphat/30m/debug_link_69460/vpp_temp/link/vivado/vpl/.local/hw_platform/iprepo/ipdefs/shell_subsystem_ipdefs/pcie4_uscale_plus_v1_3/interfaces/pcie4_usp_int_gtcom_rtl.xml
WARNING: [IP_Flow 19-1694] Ignoring duplicate Bus Abstraction IP file 'xilinx.com:display_pcie4:pcie4_drp_rtl:1.0' found within IP repository '/home/truongnh/minhphat/30m/debug_link_69460/vpp_temp/link/vivado/vpl/.local/hw_platform/iprepo'.
File in use: /home/truongnh/minhphat/30m/debug_link_69460/vpp_temp/link/vivado/vpl/.local/hw_platform/iprepo/ipdefs/shell_subsystem_ipdefs/pcie4c_uscale_plus_v1_0/interfaces/pcie4_drp_rtl.xml
File ignored: /home/truongnh/minhphat/30m/debug_link_69460/vpp_temp/link/vivado/vpl/.local/hw_platform/iprepo/ipdefs/shell_subsystem_ipdefs/pcie4_uscale_plus_v1_3/interfaces/pcie4_drp_rtl.xml
WARNING: [IP_Flow 19-1694] Ignoring duplicate Bus Definition IP file 'xilinx.com:display_pcie4_uscaleplus:ext_gtcom:1.0' found within IP repository '/home/truongnh/minhphat/30m/debug_link_69460/vpp_temp/link/vivado/vpl/.local/hw_platform/iprepo'.
File in use: /home/truongnh/minhphat/30m/debug_link_69460/vpp_temp/link/vivado/vpl/.local/hw_platform/iprepo/ipdefs/shell_subsystem_ipdefs/xdma_v4_1/interfaces/pcie4_usp_ext_gtcom.xml
File ignored: /home/truongnh/minhphat/30m/debug_link_69460/vpp_temp/link/vivado/vpl/.local/hw_platform/iprepo/ipdefs/shell_subsystem_ipdefs/qdma_v4_0/interfaces/pcie4_usp_ext_gtcom.xml
WARNING: [IP_Flow 19-1694] Ignoring duplicate Bus Abstraction IP file 'xilinx.com:display_xdma:pcie4_us_plus_transceiver_debug_rtl:1.0' found within IP repository '/home/truongnh/minhphat/30m/debug_link_69460/vpp_temp/link/vivado/vpl/.local/hw_platform/iprepo'.
File in use: /home/truongnh/minhphat/30m/debug_link_69460/vpp_temp/link/vivado/vpl/.local/hw_platform/iprepo/ipdefs/shell_subsystem_ipdefs/xdma_v4_1/interfaces/pcie4_us_plus_transceiver_debug_rtl.xml
File ignored: /home/truongnh/minhphat/30m/debug_link_69460/vpp_temp/link/vivado/vpl/.local/hw_platform/iprepo/ipdefs/shell_subsystem_ipdefs/qdma_v4_0/interfaces/pcie4_us_plus_transceiver_debug_rtl.xml
WARNING: [IP_Flow 19-1694] Ignoring duplicate Bus Definition IP file 'xilinx.com:display_xdma:xdma_debug_ports:1.0' found within IP repository '/home/truongnh/minhphat/30m/debug_link_69460/vpp_temp/link/vivado/vpl/.local/hw_platform/iprepo'.
File in use: /home/truongnh/minhphat/30m/debug_link_69460/vpp_temp/link/vivado/vpl/.local/hw_platform/iprepo/ipdefs/shell_subsystem_ipdefs/xdma_v4_1/interfaces/xdma_debug_ports.xml
File ignored: /home/truongnh/minhphat/30m/debug_link_69460/vpp_temp/link/vivado/vpl/.local/hw_platform/iprepo/ipdefs/shell_subsystem_ipdefs/qdma_v4_0/interfaces/xdma_debug_ports.xml
WARNING: [IP_Flow 19-1694] Ignoring duplicate Bus Abstraction IP file 'xilinx.com:display_xdma:int_shared_logic_rtl:1.0' found within IP repository '/home/truongnh/minhphat/30m/debug_link_69460/vpp_temp/link/vivado/vpl/.local/hw_platform/iprepo'.
File in use: /home/truongnh/minhphat/30m/debug_link_69460/vpp_temp/link/vivado/vpl/.local/hw_platform/iprepo/ipdefs/shell_subsystem_ipdefs/xdma_v4_1/interfaces/pcie3_us_int_shared_logic_rtl.xml
File ignored: /home/truongnh/minhphat/30m/debug_link_69460/vpp_temp/link/vivado/vpl/.local/hw_platform/iprepo/ipdefs/shell_subsystem_ipdefs/qdma_v4_0/interfaces/pcie3_us_int_shared_logic_rtl.xml
WARNING: [IP_Flow 19-1694] Ignoring duplicate Bus Definition IP file 'xilinx.com:display_pcie4:pcie4_gt_if:1.0' found within IP repository '/home/truongnh/minhphat/30m/debug_link_69460/vpp_temp/link/vivado/vpl/.local/hw_platform/iprepo'.
File in use: /home/truongnh/minhphat/30m/debug_link_69460/vpp_temp/link/vivado/vpl/.local/hw_platform/iprepo/ipdefs/shell_subsystem_ipdefs/xdma_v4_1/interfaces/pcie4_gt_if.xml
File ignored: /home/truongnh/minhphat/30m/debug_link_69460/vpp_temp/link/vivado/vpl/.local/hw_platform/iprepo/ipdefs/shell_subsystem_ipdefs/qdma_v4_0/interfaces/pcie4_gt_if.xml
WARNING: [IP_Flow 19-1694] Ignoring duplicate Bus Definition IP file 'xilinx.com:display_pcie4:pcie4_rbar:1.0' found within IP repository '/home/truongnh/minhphat/30m/debug_link_69460/vpp_temp/link/vivado/vpl/.local/hw_platform/iprepo'.
File in use: /home/truongnh/minhphat/30m/debug_link_69460/vpp_temp/link/vivado/vpl/.local/hw_platform/iprepo/ipdefs/shell_subsystem_ipdefs/pcie4c_uscale_plus_v1_0/interfaces/pcie4_rbar.xml
File ignored: /home/truongnh/minhphat/30m/debug_link_69460/vpp_temp/link/vivado/vpl/.local/hw_platform/iprepo/ipdefs/shell_subsystem_ipdefs/qdma_v4_0/interfaces/pcie4_rbar.xml
WARNING: [IP_Flow 19-1694] Ignoring duplicate Bus Abstraction IP file 'xilinx.com:display_xdma:xdma_status_ports_rtl:1.0' found within IP repository '/home/truongnh/minhphat/30m/debug_link_69460/vpp_temp/link/vivado/vpl/.local/hw_platform/iprepo'.
File in use: /home/truongnh/minhphat/30m/debug_link_69460/vpp_temp/link/vivado/vpl/.local/hw_platform/iprepo/ipdefs/shell_subsystem_ipdefs/xdma_v4_1/interfaces/xdma_status_ports_rtl.xml
File ignored: /home/truongnh/minhphat/30m/debug_link_69460/vpp_temp/link/vivado/vpl/.local/hw_platform/iprepo/ipdefs/shell_subsystem_ipdefs/qdma_v4_0/interfaces/xdma_status_ports_rtl.xml
WARNING: [IP_Flow 19-1694] Ignoring duplicate Bus Abstraction IP file 'xilinx.com:display_xdma:xdma_debug_ports_rtl:1.0' found within IP repository '/home/truongnh/minhphat/30m/debug_link_69460/vpp_temp/link/vivado/vpl/.local/hw_platform/iprepo'.
File in use: /home/truongnh/minhphat/30m/debug_link_69460/vpp_temp/link/vivado/vpl/.local/hw_platform/iprepo/ipdefs/shell_subsystem_ipdefs/xdma_v4_1/interfaces/xdma_debug_ports_rtl.xml
File ignored: /home/truongnh/minhphat/30m/debug_link_69460/vpp_temp/link/vivado/vpl/.local/hw_platform/iprepo/ipdefs/shell_subsystem_ipdefs/qdma_v4_0/interfaces/xdma_debug_ports_rtl.xml
WARNING: [IP_Flow 19-1694] Ignoring duplicate Bus Definition IP file 'xilinx.com:display_xdma:pcie4_us_plus_transceiver_debug:1.0' found within IP repository '/home/truongnh/minhphat/30m/debug_link_69460/vpp_temp/link/vivado/vpl/.local/hw_platform/iprepo'.
File in use: /home/truongnh/minhphat/30m/debug_link_69460/vpp_temp/link/vivado/vpl/.local/hw_platform/iprepo/ipdefs/shell_subsystem_ipdefs/xdma_v4_1/interfaces/pcie4_us_plus_transceiver_debug.xml
File ignored: /home/truongnh/minhphat/30m/debug_link_69460/vpp_temp/link/vivado/vpl/.local/hw_platform/iprepo/ipdefs/shell_subsystem_ipdefs/qdma_v4_0/interfaces/pcie4_us_plus_transceiver_debug.xml
WARNING: [IP_Flow 19-1694] Ignoring duplicate Bus Abstraction IP file 'xilinx.com:display_xdma:pcie3_us_transceiver_debug_rtl:1.0' found within IP repository '/home/truongnh/minhphat/30m/debug_link_69460/vpp_temp/link/vivado/vpl/.local/hw_platform/iprepo'.
File in use: /home/truongnh/minhphat/30m/debug_link_69460/vpp_temp/link/vivado/vpl/.local/hw_platform/iprepo/ipdefs/shell_subsystem_ipdefs/xdma_v4_1/interfaces/pcie3_us_transceiver_debug_rtl.xml
File ignored: /home/truongnh/minhphat/30m/debug_link_69460/vpp_temp/link/vivado/vpl/.local/hw_platform/iprepo/ipdefs/shell_subsystem_ipdefs/qdma_v4_0/interfaces/pcie3_us_transceiver_debug_rtl.xml
WARNING: [IP_Flow 19-1694] Ignoring duplicate Bus Abstraction IP file 'xilinx.com:display_pcie3_ultrascale:pcie3_us_gt_if_rtl:1.0' found within IP repository '/home/truongnh/minhphat/30m/debug_link_69460/vpp_temp/link/vivado/vpl/.local/hw_platform/iprepo'.
File in use: /home/truongnh/minhphat/30m/debug_link_69460/vpp_temp/link/vivado/vpl/.local/hw_platform/iprepo/ipdefs/shell_subsystem_ipdefs/xdma_v4_1/interfaces/pcie3_us_gt_if_rtl.xml
File ignored: /home/truongnh/minhphat/30m/debug_link_69460/vpp_temp/link/vivado/vpl/.local/hw_platform/iprepo/ipdefs/shell_subsystem_ipdefs/qdma_v4_0/interfaces/pcie3_us_gt_if_rtl.xml
WARNING: [IP_Flow 19-1694] Ignoring duplicate Bus Definition IP file 'xilinx.com:display_xdma:pcie3_7x_transceiver_debug:1.0' found within IP repository '/home/truongnh/minhphat/30m/debug_link_69460/vpp_temp/link/vivado/vpl/.local/hw_platform/iprepo'.
File in use: /home/truongnh/minhphat/30m/debug_link_69460/vpp_temp/link/vivado/vpl/.local/hw_platform/iprepo/ipdefs/shell_subsystem_ipdefs/xdma_v4_1/interfaces/pcie3_7x_transceiver_debug.xml
File ignored: /home/truongnh/minhphat/30m/debug_link_69460/vpp_temp/link/vivado/vpl/.local/hw_platform/iprepo/ipdefs/shell_subsystem_ipdefs/qdma_v4_0/interfaces/pcie3_7x_transceiver_debug.xml
WARNING: [IP_Flow 19-1694] Ignoring duplicate Bus Definition IP file 'xilinx.com:display_xdma:pcie_debug:1.0' found within IP repository '/home/truongnh/minhphat/30m/debug_link_69460/vpp_temp/link/vivado/vpl/.local/hw_platform/iprepo'.
File in use: /home/truongnh/minhphat/30m/debug_link_69460/vpp_temp/link/vivado/vpl/.local/hw_platform/iprepo/ipdefs/shell_subsystem_ipdefs/xdma_v4_1/interfaces/pcie_debug.xml
File ignored: /home/truongnh/minhphat/30m/debug_link_69460/vpp_temp/link/vivado/vpl/.local/hw_platform/iprepo/ipdefs/shell_subsystem_ipdefs/qdma_v4_0/interfaces/pcie_debug.xml
WARNING: [IP_Flow 19-1694] Ignoring duplicate Bus Definition IP file 'xilinx.com:display_xdma:int_shared_logic:1.0' found within IP repository '/home/truongnh/minhphat/30m/debug_link_69460/vpp_temp/link/vivado/vpl/.local/hw_platform/iprepo'.
File in use: /home/truongnh/minhphat/30m/debug_link_69460/vpp_temp/link/vivado/vpl/.local/hw_platform/iprepo/ipdefs/shell_subsystem_ipdefs/xdma_v4_1/interfaces/pcie3_us_int_shared_logic.xml
File ignored: /home/truongnh/minhphat/30m/debug_link_69460/vpp_temp/link/vivado/vpl/.local/hw_platform/iprepo/ipdefs/shell_subsystem_ipdefs/qdma_v4_0/interfaces/pcie3_us_int_shared_logic.xml
WARNING: [IP_Flow 19-1694] Ignoring duplicate Bus Abstraction IP file 'xilinx.com:display_pcie4_uscaleplus:ext_gtcom_rtl:1.0' found within IP repository '/home/truongnh/minhphat/30m/debug_link_69460/vpp_temp/link/vivado/vpl/.local/hw_platform/iprepo'.
File in use: /home/truongnh/minhphat/30m/debug_link_69460/vpp_temp/link/vivado/vpl/.local/hw_platform/iprepo/ipdefs/shell_subsystem_ipdefs/xdma_v4_1/interfaces/pcie4_usp_ext_gtcom_rtl.xml
File ignored: /home/truongnh/minhphat/30m/debug_link_69460/vpp_temp/link/vivado/vpl/.local/hw_platform/iprepo/ipdefs/shell_subsystem_ipdefs/qdma_v4_0/interfaces/pcie4_usp_ext_gtcom_rtl.xml
WARNING: [IP_Flow 19-1694] Ignoring duplicate Bus Definition IP file 'xilinx.com:display_pcie4_uscaleplus:int_gtcom:1.0' found within IP repository '/home/truongnh/minhphat/30m/debug_link_69460/vpp_temp/link/vivado/vpl/.local/hw_platform/iprepo'.
File in use: /home/truongnh/minhphat/30m/debug_link_69460/vpp_temp/link/vivado/vpl/.local/hw_platform/iprepo/ipdefs/shell_subsystem_ipdefs/xdma_v4_1/interfaces/pcie4_usp_int_gtcom.xml
File ignored: /home/truongnh/minhphat/30m/debug_link_69460/vpp_temp/link/vivado/vpl/.local/hw_platform/iprepo/ipdefs/shell_subsystem_ipdefs/qdma_v4_0/interfaces/pcie4_usp_int_gtcom.xml
WARNING: [IP_Flow 19-1694] Ignoring duplicate Bus Abstraction IP file 'xilinx.com:display_pcie4:pcie4_rbar_rtl:1.0' found within IP repository '/home/truongnh/minhphat/30m/debug_link_69460/vpp_temp/link/vivado/vpl/.local/hw_platform/iprepo'.
File in use: /home/truongnh/minhphat/30m/debug_link_69460/vpp_temp/link/vivado/vpl/.local/hw_platform/iprepo/ipdefs/shell_subsystem_ipdefs/pcie4c_uscale_plus_v1_0/interfaces/pcie4_rbar_rtl.xml
File ignored: /home/truongnh/minhphat/30m/debug_link_69460/vpp_temp/link/vivado/vpl/.local/hw_platform/iprepo/ipdefs/shell_subsystem_ipdefs/qdma_v4_0/interfaces/pcie4_rbar_rtl.xml
WARNING: [IP_Flow 19-1694] Ignoring duplicate Bus Definition IP file 'xilinx.com:display_xdma:xdma_status_ports:1.0' found within IP repository '/home/truongnh/minhphat/30m/debug_link_69460/vpp_temp/link/vivado/vpl/.local/hw_platform/iprepo'.
File in use: /home/truongnh/minhphat/30m/debug_link_69460/vpp_temp/link/vivado/vpl/.local/hw_platform/iprepo/ipdefs/shell_subsystem_ipdefs/xdma_v4_1/interfaces/xdma_status_ports.xml
File ignored: /home/truongnh/minhphat/30m/debug_link_69460/vpp_temp/link/vivado/vpl/.local/hw_platform/iprepo/ipdefs/shell_subsystem_ipdefs/qdma_v4_0/interfaces/xdma_status_ports.xml
WARNING: [IP_Flow 19-1694] Ignoring duplicate Bus Abstraction IP file 'xilinx.com:display_xdma:ext_shared_logic_rtl:1.0' found within IP repository '/home/truongnh/minhphat/30m/debug_link_69460/vpp_temp/link/vivado/vpl/.local/hw_platform/iprepo'.
File in use: /home/truongnh/minhphat/30m/debug_link_69460/vpp_temp/link/vivado/vpl/.local/hw_platform/iprepo/ipdefs/shell_subsystem_ipdefs/xdma_v4_1/interfaces/pcie3_us_ext_shared_logic_rtl.xml
File ignored: /home/truongnh/minhphat/30m/debug_link_69460/vpp_temp/link/vivado/vpl/.local/hw_platform/iprepo/ipdefs/shell_subsystem_ipdefs/qdma_v4_0/interfaces/pcie3_us_ext_shared_logic_rtl.xml
WARNING: [IP_Flow 19-1694] Ignoring duplicate Bus Abstraction IP file 'xilinx.com:display_pcie4:pcie4_gt_if_rtl:1.0' found within IP repository '/home/truongnh/minhphat/30m/debug_link_69460/vpp_temp/link/vivado/vpl/.local/hw_platform/iprepo'.
File in use: /home/truongnh/minhphat/30m/debug_link_69460/vpp_temp/link/vivado/vpl/.local/hw_platform/iprepo/ipdefs/shell_subsystem_ipdefs/xdma_v4_1/interfaces/pcie4_gt_if_rtl.xml
File ignored: /home/truongnh/minhphat/30m/debug_link_69460/vpp_temp/link/vivado/vpl/.local/hw_platform/iprepo/ipdefs/shell_subsystem_ipdefs/qdma_v4_0/interfaces/pcie4_gt_if_rtl.xml
WARNING: [IP_Flow 19-1694] Ignoring duplicate Bus Abstraction IP file 'xilinx.com:display_pcie4_uscaleplus:int_gtcom_rtl:1.0' found within IP repository '/home/truongnh/minhphat/30m/debug_link_69460/vpp_temp/link/vivado/vpl/.local/hw_platform/iprepo'.
File in use: /home/truongnh/minhphat/30m/debug_link_69460/vpp_temp/link/vivado/vpl/.local/hw_platform/iprepo/ipdefs/shell_subsystem_ipdefs/xdma_v4_1/interfaces/pcie4_usp_int_gtcom_rtl.xml
File ignored: /home/truongnh/minhphat/30m/debug_link_69460/vpp_temp/link/vivado/vpl/.local/hw_platform/iprepo/ipdefs/shell_subsystem_ipdefs/qdma_v4_0/interfaces/pcie4_usp_int_gtcom_rtl.xml
WARNING: [IP_Flow 19-1694] Ignoring duplicate Bus Abstraction IP file 'xilinx.com:display_xdma:dsc_bypass_rtl:1.0' found within IP repository '/home/truongnh/minhphat/30m/debug_link_69460/vpp_temp/link/vivado/vpl/.local/hw_platform/iprepo'.
File in use: /home/truongnh/minhphat/30m/debug_link_69460/vpp_temp/link/vivado/vpl/.local/hw_platform/iprepo/ipdefs/shell_subsystem_ipdefs/xdma_v4_1/interfaces/dsc_bypass_rtl.xml
File ignored: /home/truongnh/minhphat/30m/debug_link_69460/vpp_temp/link/vivado/vpl/.local/hw_platform/iprepo/ipdefs/shell_subsystem_ipdefs/qdma_v4_0/interfaces/dsc_bypass_rtl.xml
WARNING: [IP_Flow 19-1694] Ignoring duplicate Bus Definition IP file 'xilinx.com:display_xdma:dsc_bypass:1.0' found within IP repository '/home/truongnh/minhphat/30m/debug_link_69460/vpp_temp/link/vivado/vpl/.local/hw_platform/iprepo'.
File in use: /home/truongnh/minhphat/30m/debug_link_69460/vpp_temp/link/vivado/vpl/.local/hw_platform/iprepo/ipdefs/shell_subsystem_ipdefs/xdma_v4_1/interfaces/dsc_bypass.xml
File ignored: /home/truongnh/minhphat/30m/debug_link_69460/vpp_temp/link/vivado/vpl/.local/hw_platform/iprepo/ipdefs/shell_subsystem_ipdefs/qdma_v4_0/interfaces/dsc_bypass.xml
WARNING: [IP_Flow 19-1694] Ignoring duplicate Bus Definition IP file 'xilinx.com:display_xdma:pcie3_us_transceiver_debug:1.0' found within IP repository '/home/truongnh/minhphat/30m/debug_link_69460/vpp_temp/link/vivado/vpl/.local/hw_platform/iprepo'.
File in use: /home/truongnh/minhphat/30m/debug_link_69460/vpp_temp/link/vivado/vpl/.local/hw_platform/iprepo/ipdefs/shell_subsystem_ipdefs/xdma_v4_1/interfaces/pcie3_us_transceiver_debug.xml
File ignored: /home/truongnh/minhphat/30m/debug_link_69460/vpp_temp/link/vivado/vpl/.local/hw_platform/iprepo/ipdefs/shell_subsystem_ipdefs/qdma_v4_0/interfaces/pcie3_us_transceiver_debug.xml
WARNING: [IP_Flow 19-1694] Ignoring duplicate Bus Abstraction IP file 'xilinx.com:display_xdma:pcie3_7x_transceiver_debug_rtl:1.0' found within IP repository '/home/truongnh/minhphat/30m/debug_link_69460/vpp_temp/link/vivado/vpl/.local/hw_platform/iprepo'.
File in use: /home/truongnh/minhphat/30m/debug_link_69460/vpp_temp/link/vivado/vpl/.local/hw_platform/iprepo/ipdefs/shell_subsystem_ipdefs/xdma_v4_1/interfaces/pcie3_7x_transceiver_debug_rtl.xml
File ignored: /home/truongnh/minhphat/30m/debug_link_69460/vpp_temp/link/vivado/vpl/.local/hw_platform/iprepo/ipdefs/shell_subsystem_ipdefs/qdma_v4_0/interfaces/pcie3_7x_transceiver_debug_rtl.xml
INFO: [IP_Flow 19-1700] Loaded user IP repository '/home/truongnh/minhphat/30m/debug_link_69460/vpp_temp/link/vivado/vpl/.local/hw_platform/iprepo'.
INFO: [IP_Flow 19-1700] Loaded user IP repository '/opt/Xilinx/Vitis/2021.2/data/cache/xilinx'.
INFO: [IP_Flow 19-1700] Loaded user IP repository '/home/truongnh/minhphat/30m/debug_link_69460/vpp_temp/link/vivado/vpl/.local/hw_platform/ipcache'.
INFO: [IP_Flow 19-1700] Loaded user IP repository '/opt/Xilinx/Vitis/2021.2/data/ip'.
INFO: [IP_Flow 19-2313] Loaded Vivado IP repository '/opt/Xilinx/Vivado/2021.2/data/ip'.
WARNING: [IP_Flow 19-1663] Duplicate IP found for 'xilinx.com:ip:pxi_ii_core:1.0'. The one found in IP location '/home/truongnh/minhphat/30m/debug_link_69460/vpp_temp/link/vivado/vpl/.local/hw_platform/iprepo/ipdefs/ii_infra_ipdefs/pxi_ii_core_v1_0' will take precedence over the same IP in location /home/truongnh/minhphat/30m/debug_link_69460/vpp_temp/link/vivado/vpl/.local/hw_platform/iprepo/ipdefs/pxi_ii_infra/pxi_ii_core_v1_0
WARNING: [IP_Flow 19-1663] Duplicate IP found for 'xilinx.com:ip:pipeline_reg:1.0'. The one found in IP location '/home/truongnh/minhphat/30m/debug_link_69460/vpp_temp/link/vivado/vpl/.local/hw_platform/iprepo/ipdefs/ii_infra_ipdefs/pipeline_reg_v1_0' will take precedence over the same IP in locations: 
   /home/truongnh/minhphat/30m/debug_link_69460/vpp_temp/link/vivado/vpl/.local/hw_platform/iprepo/ipdefs/pxi_ii_infra/pipeline_reg_v1_0
   /home/truongnh/minhphat/30m/debug_link_69460/vpp_temp/link/vivado/vpl/.local/hw_platform/iprepo/ipdefs/shell_subsystem_ipdefs/pipeline_reg_v1_0
WARNING: [IP_Flow 19-1663] Duplicate IP found for 'xilinx.com:ip:pxi_ii_wizard:1.0'. The one found in IP location '/home/truongnh/minhphat/30m/debug_link_69460/vpp_temp/link/vivado/vpl/.local/hw_platform/iprepo/ipdefs/ii_infra_ipdefs/pxi_ii_wizard_v1_0' will take precedence over the same IP in location /home/truongnh/minhphat/30m/debug_link_69460/vpp_temp/link/vivado/vpl/.local/hw_platform/iprepo/ipdefs/pxi_ii_infra/pxi_ii_wizard_v1_0
WARNING: [IP_Flow 19-1663] Duplicate IP found for 'xilinx.com:ip:pcie3_cfg_msg_received_wirethrough:1.0'. The one found in IP location '/home/truongnh/minhphat/30m/debug_link_69460/vpp_temp/link/vivado/vpl/.local/hw_platform/iprepo/ipdefs/ii_infra_ipdefs/wirethrough_stubs/generated_stubs/pcie3_cfg_msg_received_wirethrough_v1_0' will take precedence over the same IP in locations: 
   /home/truongnh/minhphat/30m/debug_link_69460/vpp_temp/link/vivado/vpl/.local/hw_platform/iprepo/ipdefs/pxi_ii_infra/wirethrough_stubs/generated_stubs/pcie3_cfg_msg_received_wirethrough_v1_0
   /home/truongnh/minhphat/30m/debug_link_69460/vpp_temp/link/vivado/vpl/.local/hw_platform/iprepo/ipdefs/training_stub_ipdefs/generated_stubs/pcie3_cfg_msg_received_wirethrough_v1_0
WARNING: [IP_Flow 19-1663] Duplicate IP found for 'xilinx.com:ip:cap_wirethrough:1.0'. The one found in IP location '/home/truongnh/minhphat/30m/debug_link_69460/vpp_temp/link/vivado/vpl/.local/hw_platform/iprepo/ipdefs/ii_infra_ipdefs/wirethrough_stubs/generated_stubs/cap_wirethrough_v1_0' will take precedence over the same IP in locations: 
   /home/truongnh/minhphat/30m/debug_link_69460/vpp_temp/link/vivado/vpl/.local/hw_platform/iprepo/ipdefs/pxi_ii_infra/wirethrough_stubs/generated_stubs/cap_wirethrough_v1_0
   /home/truongnh/minhphat/30m/debug_link_69460/vpp_temp/link/vivado/vpl/.local/hw_platform/iprepo/ipdefs/training_stub_ipdefs/generated_stubs/cap_wirethrough_v1_0
WARNING: [IP_Flow 19-1663] Duplicate IP found for 'xilinx.com:ip:pcie4_cfg_msix_wirethrough:1.0'. The one found in IP location '/home/truongnh/minhphat/30m/debug_link_69460/vpp_temp/link/vivado/vpl/.local/hw_platform/iprepo/ipdefs/ii_infra_ipdefs/wirethrough_stubs/generated_stubs/pcie4_cfg_msix_wirethrough_v1_0' will take precedence over the same IP in locations: 
   /home/truongnh/minhphat/30m/debug_link_69460/vpp_temp/link/vivado/vpl/.local/hw_platform/iprepo/ipdefs/pxi_ii_infra/wirethrough_stubs/generated_stubs/pcie4_cfg_msix_wirethrough_v1_0
   /home/truongnh/minhphat/30m/debug_link_69460/vpp_temp/link/vivado/vpl/.local/hw_platform/iprepo/ipdefs/training_stub_ipdefs/generated_stubs/pcie4_cfg_msix_wirethrough_v1_0
WARNING: [IP_Flow 19-1663] Duplicate IP found for 'xilinx.com:ip:bscan_wirethrough:1.0'. The one found in IP location '/home/truongnh/minhphat/30m/debug_link_69460/vpp_temp/link/vivado/vpl/.local/hw_platform/iprepo/ipdefs/ii_infra_ipdefs/wirethrough_stubs/generated_stubs/bscan_wirethrough_v1_0' will take precedence over the same IP in locations: 
   /home/truongnh/minhphat/30m/debug_link_69460/vpp_temp/link/vivado/vpl/.local/hw_platform/iprepo/ipdefs/pxi_ii_infra/wirethrough_stubs/generated_stubs/bscan_wirethrough_v1_0
   /home/truongnh/minhphat/30m/debug_link_69460/vpp_temp/link/vivado/vpl/.local/hw_platform/iprepo/ipdefs/training_stub_ipdefs/generated_stubs/bscan_wirethrough_v1_0
WARNING: [IP_Flow 19-1663] Duplicate IP found for 'xilinx.com:ip:pcie_7x_mgt_wirethrough:1.0'. The one found in IP location '/home/truongnh/minhphat/30m/debug_link_69460/vpp_temp/link/vivado/vpl/.local/hw_platform/iprepo/ipdefs/ii_infra_ipdefs/wirethrough_stubs/generated_stubs/pcie_7x_mgt_wirethrough_v1_0' will take precedence over the same IP in locations: 
   /home/truongnh/minhphat/30m/debug_link_69460/vpp_temp/link/vivado/vpl/.local/hw_platform/iprepo/ipdefs/pxi_ii_infra/wirethrough_stubs/generated_stubs/pcie_7x_mgt_wirethrough_v1_0
   /home/truongnh/minhphat/30m/debug_link_69460/vpp_temp/link/vivado/vpl/.local/hw_platform/iprepo/ipdefs/training_stub_ipdefs/generated_stubs/pcie_7x_mgt_wirethrough_v1_0
WARNING: [IP_Flow 19-1663] Duplicate IP found for 'xilinx.com:ip:icap_wirethrough:1.0'. The one found in IP location '/home/truongnh/minhphat/30m/debug_link_69460/vpp_temp/link/vivado/vpl/.local/hw_platform/iprepo/ipdefs/ii_infra_ipdefs/wirethrough_stubs/generated_stubs/icap_wirethrough_v1_0' will take precedence over the same IP in locations: 
   /home/truongnh/minhphat/30m/debug_link_69460/vpp_temp/link/vivado/vpl/.local/hw_platform/iprepo/ipdefs/pxi_ii_infra/wirethrough_stubs/generated_stubs/icap_wirethrough_v1_0
   /home/truongnh/minhphat/30m/debug_link_69460/vpp_temp/link/vivado/vpl/.local/hw_platform/iprepo/ipdefs/training_stub_ipdefs/generated_stubs/icap_wirethrough_v1_0
WARNING: [IP_Flow 19-1663] Duplicate IP found for 'xilinx.com:ip:pcie4_cfg_mgmt_wirethrough:1.0'. The one found in IP location '/home/truongnh/minhphat/30m/debug_link_69460/vpp_temp/link/vivado/vpl/.local/hw_platform/iprepo/ipdefs/ii_infra_ipdefs/wirethrough_stubs/generated_stubs/pcie4_cfg_mgmt_wirethrough_v1_0' will take precedence over the same IP in locations: 
   /home/truongnh/minhphat/30m/debug_link_69460/vpp_temp/link/vivado/vpl/.local/hw_platform/iprepo/ipdefs/pxi_ii_infra/wirethrough_stubs/generated_stubs/pcie4_cfg_mgmt_wirethrough_v1_0
   /home/truongnh/minhphat/30m/debug_link_69460/vpp_temp/link/vivado/vpl/.local/hw_platform/iprepo/ipdefs/training_stub_ipdefs/generated_stubs/pcie4_cfg_mgmt_wirethrough_v1_0
WARNING: [IP_Flow 19-1663] Duplicate IP found for 'xilinx.com:ip:pcie4_cfg_control_wirethrough:1.0'. The one found in IP location '/home/truongnh/minhphat/30m/debug_link_69460/vpp_temp/link/vivado/vpl/.local/hw_platform/iprepo/ipdefs/ii_infra_ipdefs/wirethrough_stubs/generated_stubs/pcie4_cfg_control_wirethrough_v1_0' will take precedence over the same IP in locations: 
   /home/truongnh/minhphat/30m/debug_link_69460/vpp_temp/link/vivado/vpl/.local/hw_platform/iprepo/ipdefs/pxi_ii_infra/wirethrough_stubs/generated_stubs/pcie4_cfg_control_wirethrough_v1_0
   /home/truongnh/minhphat/30m/debug_link_69460/vpp_temp/link/vivado/vpl/.local/hw_platform/iprepo/ipdefs/training_stub_ipdefs/generated_stubs/pcie4_cfg_control_wirethrough_v1_0
WARNING: [IP_Flow 19-1663] Duplicate IP found for 'xilinx.com:ip:gpio_wirethrough:1.0'. The one found in IP location '/home/truongnh/minhphat/30m/debug_link_69460/vpp_temp/link/vivado/vpl/.local/hw_platform/iprepo/ipdefs/ii_infra_ipdefs/wirethrough_stubs/generated_stubs/gpio_wirethrough_v1_0' will take precedence over the same IP in locations: 
   /home/truongnh/minhphat/30m/debug_link_69460/vpp_temp/link/vivado/vpl/.local/hw_platform/iprepo/ipdefs/pxi_ii_infra/wirethrough_stubs/generated_stubs/gpio_wirethrough_v1_0
   /home/truongnh/minhphat/30m/debug_link_69460/vpp_temp/link/vivado/vpl/.local/hw_platform/iprepo/ipdefs/training_stub_ipdefs/generated_stubs/gpio_wirethrough_v1_0
WARNING: [IP_Flow 19-1663] Duplicate IP found for 'xilinx.com:ip:diff_clock_wirethrough:1.0'. The one found in IP location '/home/truongnh/minhphat/30m/debug_link_69460/vpp_temp/link/vivado/vpl/.local/hw_platform/iprepo/ipdefs/ii_infra_ipdefs/wirethrough_stubs/generated_stubs/diff_clock_wirethrough_v1_0' will take precedence over the same IP in locations: 
   /home/truongnh/minhphat/30m/debug_link_69460/vpp_temp/link/vivado/vpl/.local/hw_platform/iprepo/ipdefs/pxi_ii_infra/wirethrough_stubs/generated_stubs/diff_clock_wirethrough_v1_0
   /home/truongnh/minhphat/30m/debug_link_69460/vpp_temp/link/vivado/vpl/.local/hw_platform/iprepo/ipdefs/training_stub_ipdefs/generated_stubs/diff_clock_wirethrough_v1_0
WARNING: [IP_Flow 19-1663] Duplicate IP found for 'xilinx.com:ip:data_wirethrough:1.0'. The one found in IP location '/home/truongnh/minhphat/30m/debug_link_69460/vpp_temp/link/vivado/vpl/.local/hw_platform/iprepo/ipdefs/ii_infra_ipdefs/wirethrough_stubs/generated_stubs/data_wirethrough_v1_0' will take precedence over the same IP in locations: 
   /home/truongnh/minhphat/30m/debug_link_69460/vpp_temp/link/vivado/vpl/.local/hw_platform/iprepo/ipdefs/pxi_ii_infra/wirethrough_stubs/generated_stubs/data_wirethrough_v1_0
   /home/truongnh/minhphat/30m/debug_link_69460/vpp_temp/link/vivado/vpl/.local/hw_platform/iprepo/ipdefs/training_stub_ipdefs/generated_stubs/data_wirethrough_v1_0
WARNING: [IP_Flow 19-1663] Duplicate IP found for 'xilinx.com:ip:arb_wirethrough:1.0'. The one found in IP location '/home/truongnh/minhphat/30m/debug_link_69460/vpp_temp/link/vivado/vpl/.local/hw_platform/iprepo/ipdefs/ii_infra_ipdefs/wirethrough_stubs/generated_stubs/arb_wirethrough_v1_0' will take precedence over the same IP in location /home/truongnh/minhphat/30m/debug_link_69460/vpp_temp/link/vivado/vpl/.local/hw_platform/iprepo/ipdefs/pxi_ii_infra/wirethrough_stubs/generated_stubs/arb_wirethrough_v1_0
WARNING: [IP_Flow 19-1663] Duplicate IP found for 'xilinx.com:ip:pcie3_cfg_interrupt_wirethrough:1.0'. The one found in IP location '/home/truongnh/minhphat/30m/debug_link_69460/vpp_temp/link/vivado/vpl/.local/hw_platform/iprepo/ipdefs/ii_infra_ipdefs/wirethrough_stubs/generated_stubs/pcie3_cfg_interrupt_wirethrough_v1_0' will take precedence over the same IP in locations: 
   /home/truongnh/minhphat/30m/debug_link_69460/vpp_temp/link/vivado/vpl/.local/hw_platform/iprepo/ipdefs/pxi_ii_infra/wirethrough_stubs/generated_stubs/pcie3_cfg_interrupt_wirethrough_v1_0
   /home/truongnh/minhphat/30m/debug_link_69460/vpp_temp/link/vivado/vpl/.local/hw_platform/iprepo/ipdefs/training_stub_ipdefs/generated_stubs/pcie3_cfg_interrupt_wirethrough_v1_0
WARNING: [IP_Flow 19-1663] Duplicate IP found for 'xilinx.com:ip:pcie4_cfg_status_wirethrough:1.0'. The one found in IP location '/home/truongnh/minhphat/30m/debug_link_69460/vpp_temp/link/vivado/vpl/.local/hw_platform/iprepo/ipdefs/ii_infra_ipdefs/wirethrough_stubs/generated_stubs/pcie4_cfg_status_wirethrough_v1_0' will take precedence over the same IP in locations: 
   /home/truongnh/minhphat/30m/debug_link_69460/vpp_temp/link/vivado/vpl/.local/hw_platform/iprepo/ipdefs/pxi_ii_infra/wirethrough_stubs/generated_stubs/pcie4_cfg_status_wirethrough_v1_0
   /home/truongnh/minhphat/30m/debug_link_69460/vpp_temp/link/vivado/vpl/.local/hw_platform/iprepo/ipdefs/training_stub_ipdefs/generated_stubs/pcie4_cfg_status_wirethrough_v1_0
WARNING: [IP_Flow 19-1663] Duplicate IP found for 'xilinx.com:ip:pcie_cfg_fc_wirethrough:1.0'. The one found in IP location '/home/truongnh/minhphat/30m/debug_link_69460/vpp_temp/link/vivado/vpl/.local/hw_platform/iprepo/ipdefs/ii_infra_ipdefs/wirethrough_stubs/generated_stubs/pcie_cfg_fc_wirethrough_v1_0' will take precedence over the same IP in locations: 
   /home/truongnh/minhphat/30m/debug_link_69460/vpp_temp/link/vivado/vpl/.local/hw_platform/iprepo/ipdefs/pxi_ii_infra/wirethrough_stubs/generated_stubs/pcie_cfg_fc_wirethrough_v1_0
   /home/truongnh/minhphat/30m/debug_link_69460/vpp_temp/link/vivado/vpl/.local/hw_platform/iprepo/ipdefs/training_stub_ipdefs/generated_stubs/pcie_cfg_fc_wirethrough_v1_0
WARNING: [IP_Flow 19-1663] Duplicate IP found for 'xilinx.com:ip:pcie3_cfg_mesg_tx_wirethrough:1.0'. The one found in IP location '/home/truongnh/minhphat/30m/debug_link_69460/vpp_temp/link/vivado/vpl/.local/hw_platform/iprepo/ipdefs/ii_infra_ipdefs/wirethrough_stubs/generated_stubs/pcie3_cfg_mesg_tx_wirethrough_v1_0' will take precedence over the same IP in locations: 
   /home/truongnh/minhphat/30m/debug_link_69460/vpp_temp/link/vivado/vpl/.local/hw_platform/iprepo/ipdefs/pxi_ii_infra/wirethrough_stubs/generated_stubs/pcie3_cfg_mesg_tx_wirethrough_v1_0
   /home/truongnh/minhphat/30m/debug_link_69460/vpp_temp/link/vivado/vpl/.local/hw_platform/iprepo/ipdefs/training_stub_ipdefs/generated_stubs/pcie3_cfg_mesg_tx_wirethrough_v1_0
WARNING: [IP_Flow 19-1663] Duplicate IP found for 'xilinx.com:ip:interrupt_wirethrough:1.0'. The one found in IP location '/home/truongnh/minhphat/30m/debug_link_69460/vpp_temp/link/vivado/vpl/.local/hw_platform/iprepo/ipdefs/ii_infra_ipdefs/wirethrough_stubs/generated_stubs/interrupt_wirethrough_v1_0' will take precedence over the same IP in locations: 
   /home/truongnh/minhphat/30m/debug_link_69460/vpp_temp/link/vivado/vpl/.local/hw_platform/iprepo/ipdefs/pxi_ii_infra/wirethrough_stubs/generated_stubs/interrupt_wirethrough_v1_0
   /home/truongnh/minhphat/30m/debug_link_69460/vpp_temp/link/vivado/vpl/.local/hw_platform/iprepo/ipdefs/training_stub_ipdefs/generated_stubs/interrupt_wirethrough_v1_0
WARNING: [IP_Flow 19-1663] Duplicate IP found for 'xilinx.com:ip:aximm_wirethrough:1.0'. The one found in IP location '/home/truongnh/minhphat/30m/debug_link_69460/vpp_temp/link/vivado/vpl/.local/hw_platform/iprepo/ipdefs/ii_infra_ipdefs/wirethrough_stubs/hand_modified_stubs/aximm_wirethrough_v1_0' will take precedence over the same IP in locations: 
   /home/truongnh/minhphat/30m/debug_link_69460/vpp_temp/link/vivado/vpl/.local/hw_platform/iprepo/ipdefs/pxi_ii_infra/wirethrough_stubs/hand_modified_stubs/aximm_wirethrough_v1_0
   /home/truongnh/minhphat/30m/debug_link_69460/vpp_temp/link/vivado/vpl/.local/hw_platform/iprepo/ipdefs/training_stub_ipdefs/hand_modified_stubs/aximm_wirethrough_v1_0
WARNING: [IP_Flow 19-1663] Duplicate IP found for 'xilinx.com:ip:reset_wirethrough:1.0'. The one found in IP location '/home/truongnh/minhphat/30m/debug_link_69460/vpp_temp/link/vivado/vpl/.local/hw_platform/iprepo/ipdefs/ii_infra_ipdefs/wirethrough_stubs/hand_modified_stubs/reset_wirethrough_v1_0' will take precedence over the same IP in locations: 
   /home/truongnh/minhphat/30m/debug_link_69460/vpp_temp/link/vivado/vpl/.local/hw_platform/iprepo/ipdefs/pxi_ii_infra/wirethrough_stubs/hand_modified_stubs/reset_wirethrough_v1_0
   /home/truongnh/minhphat/30m/debug_link_69460/vpp_temp/link/vivado/vpl/.local/hw_platform/iprepo/ipdefs/training_stub_ipdefs/hand_modified_stubs/reset_wirethrough_v1_0
WARNING: [IP_Flow 19-1663] Duplicate IP found for 'xilinx.com:ip:axis_wirethrough:1.0'. The one found in IP location '/home/truongnh/minhphat/30m/debug_link_69460/vpp_temp/link/vivado/vpl/.local/hw_platform/iprepo/ipdefs/ii_infra_ipdefs/wirethrough_stubs/hand_modified_stubs/axis_wirethrough_v1_0' will take precedence over the same IP in locations: 
   /home/truongnh/minhphat/30m/debug_link_69460/vpp_temp/link/vivado/vpl/.local/hw_platform/iprepo/ipdefs/pxi_ii_infra/wirethrough_stubs/hand_modified_stubs/axis_wirethrough_v1_0
   /home/truongnh/minhphat/30m/debug_link_69460/vpp_temp/link/vivado/vpl/.local/hw_platform/iprepo/ipdefs/training_stub_ipdefs/hand_modified_stubs/axis_wirethrough_v1_0
WARNING: [IP_Flow 19-1663] Duplicate IP found for 'xilinx.com:ip:clk_metadata_adapter:1.0'. The one found in IP location '/home/truongnh/minhphat/30m/debug_link_69460/vpp_temp/link/vivado/vpl/.local/hw_platform/iprepo/ipdefs/ii_infra_ipdefs/clk_metadata_adapter_v1_0' will take precedence over the same IP in locations: 
   /home/truongnh/minhphat/30m/debug_link_69460/vpp_temp/link/vivado/vpl/.local/hw_platform/iprepo/ipdefs/pxi_ii_infra/clk_metadata_adapter_v1_0
   /home/truongnh/minhphat/30m/debug_link_69460/vpp_temp/link/vivado/vpl/.local/hw_platform/iprepo/ipdefs/shell_subsystem_ipdefs/clk_metadata_adapter_v1_0
WARNING: [IP_Flow 19-1663] Duplicate IP found for 'xilinx.com:ip:xdma:4.1'. The one found in IP location '/home/truongnh/minhphat/30m/debug_link_69460/vpp_temp/link/vivado/vpl/.local/hw_platform/iprepo/ipdefs/shell_subsystem_ipdefs/xdma_v4_1' will take precedence over the same IP in the Xilinx installed IP.
WARNING: [IP_Flow 19-1663] Duplicate IP found for 'xilinx.com:ip:shell_utils_addr_remap:1.0'. The one found in IP location '/home/truongnh/minhphat/30m/debug_link_69460/vpp_temp/link/vivado/vpl/.local/hw_platform/iprepo/ipdefs/shell_subsystem_ipdefs/shell_utils_addr_remap_v1_0' will take precedence over the same IP in the Xilinx installed IP.
WARNING: [IP_Flow 19-1663] Duplicate IP found for 'xilinx.com:ip:shell_utils_msp432_bsl_crc_gen:1.0'. The one found in IP location '/home/truongnh/minhphat/30m/debug_link_69460/vpp_temp/link/vivado/vpl/.local/hw_platform/iprepo/ipdefs/shell_subsystem_ipdefs/shell_utils_msp432_bsl_crc_gen_v1_0' will take precedence over the same IP in the Xilinx installed IP.
WARNING: [IP_Flow 19-1663] Duplicate IP found for 'xilinx.com:ip:shell_utils_build_info:1.0'. The one found in IP location '/home/truongnh/minhphat/30m/debug_link_69460/vpp_temp/link/vivado/vpl/.local/hw_platform/iprepo/ipdefs/shell_subsystem_ipdefs/shell_utils_build_info_v1_0' will take precedence over the same IP in the Xilinx installed IP.
WARNING: [IP_Flow 19-1663] Duplicate IP found for 'xilinx.com:ip:pcie4c_uscale_plus:1.0'. The one found in IP location '/home/truongnh/minhphat/30m/debug_link_69460/vpp_temp/link/vivado/vpl/.local/hw_platform/iprepo/ipdefs/shell_subsystem_ipdefs/pcie4c_uscale_plus_v1_0' will take precedence over the same IP in the Xilinx installed IP.
WARNING: [IP_Flow 19-1663] Duplicate IP found for 'xilinx.com:ip:axis_clk_metadata_adapter:1.0'. The one found in IP location '/home/truongnh/minhphat/30m/debug_link_69460/vpp_temp/link/vivado/vpl/.local/hw_platform/iprepo/ipdefs/shell_subsystem_ipdefs/axis_clk_metadata_adapter_v1_0' will take precedence over the same IP in locations: 
   /home/truongnh/minhphat/30m/debug_link_69460/vpp_temp/link/vivado/vpl/.local/hw_platform/iprepo/ipdefs/ii_infra_ipdefs/axis_clk_metadata_adapter_v1_0
   /home/truongnh/minhphat/30m/debug_link_69460/vpp_temp/link/vivado/vpl/.local/hw_platform/iprepo/ipdefs/pxi_ii_infra/axis_clk_metadata_adapter_v1_0
WARNING: [IP_Flow 19-1663] Duplicate IP found for 'xilinx.com:ip:pcie4_uscale_plus:1.3'. The one found in IP location '/home/truongnh/minhphat/30m/debug_link_69460/vpp_temp/link/vivado/vpl/.local/hw_platform/iprepo/ipdefs/shell_subsystem_ipdefs/pcie4_uscale_plus_v1_3' will take precedence over the same IP in the Xilinx installed IP.
WARNING: [IP_Flow 19-1663] Duplicate IP found for 'xilinx.com:ip:axi_clk_metadata_adapter:1.0'. The one found in IP location '/home/truongnh/minhphat/30m/debug_link_69460/vpp_temp/link/vivado/vpl/.local/hw_platform/iprepo/ipdefs/shell_subsystem_ipdefs/axi_clk_metadata_adapter_v1_0' will take precedence over the same IP in locations: 
   /home/truongnh/minhphat/30m/debug_link_69460/vpp_temp/link/vivado/vpl/.local/hw_platform/iprepo/ipdefs/ii_infra_ipdefs/axi_clk_metadata_adapter_v1_0
   /home/truongnh/minhphat/30m/debug_link_69460/vpp_temp/link/vivado/vpl/.local/hw_platform/iprepo/ipdefs/pxi_ii_infra/axi_clk_metadata_adapter_v1_0
WARNING: [IP_Flow 19-1663] Duplicate IP found for 'xilinx.com:ip:qdma:4.0'. The one found in IP location '/home/truongnh/minhphat/30m/debug_link_69460/vpp_temp/link/vivado/vpl/.local/hw_platform/iprepo/ipdefs/shell_subsystem_ipdefs/qdma_v4_0' will take precedence over the same IP in the Xilinx installed IP.
WARNING: [IP_Flow 19-1663] Duplicate IP found for 'xilinx.com:ip:pcie_axi4lite_tap:1.0'. The one found in IP location '/home/truongnh/minhphat/30m/debug_link_69460/vpp_temp/link/vivado/vpl/.local/hw_platform/iprepo/ipdefs/shell_subsystem_ipdefs/pcie_axi4lite_tap_v1_0' will take precedence over the same IP in the Xilinx installed IP.
WARNING: [IP_Flow 19-1663] Duplicate IP found for 'xilinx.com:ip:hbm:1.0'. The one found in IP location '/home/truongnh/minhphat/30m/debug_link_69460/vpp_temp/link/vivado/vpl/.local/hw_platform/iprepo/ipdefs/shell_subsystem_ipdefs/hbm_v1_0' will take precedence over the same IP in the Xilinx installed IP.
WARNING: [IP_Flow 19-4830] Duplicate Interface found for 'xilinx.com:display_pcie4_uscaleplus:ext_gtcom:1.0'. The one found in location '/home/truongnh/minhphat/30m/debug_link_69460/vpp_temp/link/vivado/vpl/.local/hw_platform/iprepo/ipdefs/shell_subsystem_ipdefs/xdma_v4_1/interfaces/pcie4_usp_ext_gtcom.xml' will take precedence over the same Interface in location '/opt/Xilinx/Vivado/2021.2/data/ip/xilinx/pcie4_uscale_plus_v1_3/interfaces/pcie4_usp_ext_gtcom.xml'
WARNING: [IP_Flow 19-4830] Duplicate Interface found for 'xilinx.com:display_xdma:xdma_debug_ports:1.0'. The one found in location '/home/truongnh/minhphat/30m/debug_link_69460/vpp_temp/link/vivado/vpl/.local/hw_platform/iprepo/ipdefs/shell_subsystem_ipdefs/xdma_v4_1/interfaces/xdma_debug_ports.xml' will take precedence over the same Interface in location '/opt/Xilinx/Vivado/2021.2/data/ip/xilinx/qdma_v4_0/interfaces/xdma_debug_ports.xml'
WARNING: [IP_Flow 19-4830] Duplicate Interface found for 'xilinx.com:display_pcie4:pcie4_gt_if:1.0'. The one found in location '/home/truongnh/minhphat/30m/debug_link_69460/vpp_temp/link/vivado/vpl/.local/hw_platform/iprepo/ipdefs/shell_subsystem_ipdefs/xdma_v4_1/interfaces/pcie4_gt_if.xml' will take precedence over the same Interface in location '/opt/Xilinx/Vivado/2021.2/data/ip/xilinx/pcie4_uscale_plus_v1_3/interfaces/pcie4_gt_if.xml'
WARNING: [IP_Flow 19-4830] Duplicate Interface found for 'xilinx.com:display_xdma:pcie4_us_plus_transceiver_debug:1.0'. The one found in location '/home/truongnh/minhphat/30m/debug_link_69460/vpp_temp/link/vivado/vpl/.local/hw_platform/iprepo/ipdefs/shell_subsystem_ipdefs/xdma_v4_1/interfaces/pcie4_us_plus_transceiver_debug.xml' will take precedence over the same Interface in location '/opt/Xilinx/Vivado/2021.2/data/ip/xilinx/qdma_v4_0/interfaces/pcie4_us_plus_transceiver_debug.xml'
WARNING: [IP_Flow 19-4830] Duplicate Interface found for 'xilinx.com:display_xdma:ext_shared_logic:1.0'. The one found in location '/home/truongnh/minhphat/30m/debug_link_69460/vpp_temp/link/vivado/vpl/.local/hw_platform/iprepo/ipdefs/shell_subsystem_ipdefs/xdma_v4_1/interfaces/pcie3_us_ext_shared_logic.xml' will take precedence over the same Interface in location '/opt/Xilinx/Vivado/2021.2/data/ip/xilinx/xdma_v4_1/interfaces/pcie3_us_ext_shared_logic.xml'
WARNING: [IP_Flow 19-4830] Duplicate Interface found for 'xilinx.com:display_qdma:usr_flr:1.0'. The one found in location '/home/truongnh/minhphat/30m/debug_link_69460/vpp_temp/link/vivado/vpl/.local/hw_platform/iprepo/ipdefs/shell_subsystem_ipdefs/xdma_v4_1/interfaces/usr_flr.xml' will take precedence over the same Interface in location '/opt/Xilinx/Vivado/2021.2/data/ip/xilinx/xdma_v4_1/interfaces/usr_flr.xml'
WARNING: [IP_Flow 19-4830] Duplicate Interface found for 'xilinx.com:display_xdma:pcie3_7x_transceiver_debug:1.0'. The one found in location '/home/truongnh/minhphat/30m/debug_link_69460/vpp_temp/link/vivado/vpl/.local/hw_platform/iprepo/ipdefs/shell_subsystem_ipdefs/xdma_v4_1/interfaces/pcie3_7x_transceiver_debug.xml' will take precedence over the same Interface in location '/opt/Xilinx/Vivado/2021.2/data/ip/xilinx/qdma_v4_0/interfaces/pcie3_7x_transceiver_debug.xml'
WARNING: [IP_Flow 19-4830] Duplicate Interface found for 'xilinx.com:display_xdma:pcie_debug:1.0'. The one found in location '/home/truongnh/minhphat/30m/debug_link_69460/vpp_temp/link/vivado/vpl/.local/hw_platform/iprepo/ipdefs/shell_subsystem_ipdefs/xdma_v4_1/interfaces/pcie_debug.xml' will take precedence over the same Interface in location '/opt/Xilinx/Vivado/2021.2/data/ip/xilinx/qdma_v4_0/interfaces/pcie_debug.xml'
WARNING: [IP_Flow 19-4830] Duplicate Interface found for 'xilinx.com:display_xdma:int_shared_logic:1.0'. The one found in location '/home/truongnh/minhphat/30m/debug_link_69460/vpp_temp/link/vivado/vpl/.local/hw_platform/iprepo/ipdefs/shell_subsystem_ipdefs/xdma_v4_1/interfaces/pcie3_us_int_shared_logic.xml' will take precedence over the same Interface in location '/opt/Xilinx/Vivado/2021.2/data/ip/xilinx/qdma_v4_0/interfaces/pcie3_us_int_shared_logic.xml'
WARNING: [IP_Flow 19-4830] Duplicate Interface found for 'xilinx.com:display_xdma:pcie_cfg_external_msix:1.0'. The one found in location '/home/truongnh/minhphat/30m/debug_link_69460/vpp_temp/link/vivado/vpl/.local/hw_platform/iprepo/ipdefs/shell_subsystem_ipdefs/xdma_v4_1/interfaces/pcie_cfg_ext_msix.xml' will take precedence over the same Interface in location '/opt/Xilinx/Vivado/2021.2/data/ip/xilinx/xdma_v4_1/interfaces/pcie_cfg_ext_msix.xml'
WARNING: [IP_Flow 19-4830] Duplicate Interface found for 'xilinx.com:display_pcie3_ultrascale:pcie3_us_gt_if:1.0'. The one found in location '/home/truongnh/minhphat/30m/debug_link_69460/vpp_temp/link/vivado/vpl/.local/hw_platform/iprepo/ipdefs/shell_subsystem_ipdefs/xdma_v4_1/interfaces/pcie3_us_gt_if.xml' will take precedence over the same Interface in location '/opt/Xilinx/Vivado/2021.2/data/ip/xilinx/pcie3_ultrascale_v4_4/interfaces/pcie3_us_gt_if.xml'
WARNING: [IP_Flow 19-4830] Duplicate Interface found for 'xilinx.com:display_pcie4_uscaleplus:int_gtcom:1.0'. The one found in location '/home/truongnh/minhphat/30m/debug_link_69460/vpp_temp/link/vivado/vpl/.local/hw_platform/iprepo/ipdefs/shell_subsystem_ipdefs/xdma_v4_1/interfaces/pcie4_usp_int_gtcom.xml' will take precedence over the same Interface in location '/opt/Xilinx/Vivado/2021.2/data/ip/xilinx/pcie4_uscale_plus_v1_3/interfaces/pcie4_usp_int_gtcom.xml'
WARNING: [IP_Flow 19-4830] Duplicate Interface found for 'xilinx.com:display_xdma:xdma_status_ports:1.0'. The one found in location '/home/truongnh/minhphat/30m/debug_link_69460/vpp_temp/link/vivado/vpl/.local/hw_platform/iprepo/ipdefs/shell_subsystem_ipdefs/xdma_v4_1/interfaces/xdma_status_ports.xml' will take precedence over the same Interface in location '/opt/Xilinx/Vivado/2021.2/data/ip/xilinx/qdma_v4_0/interfaces/xdma_status_ports.xml'
WARNING: [IP_Flow 19-4830] Duplicate Interface found for 'xilinx.com:display_xdma:dsc_bypass:1.0'. The one found in location '/home/truongnh/minhphat/30m/debug_link_69460/vpp_temp/link/vivado/vpl/.local/hw_platform/iprepo/ipdefs/shell_subsystem_ipdefs/xdma_v4_1/interfaces/dsc_bypass.xml' will take precedence over the same Interface in location '/opt/Xilinx/Vivado/2021.2/data/ip/xilinx/xdma_v4_1/interfaces/dsc_bypass.xml'
WARNING: [IP_Flow 19-4830] Duplicate Interface found for 'xilinx.com:display_xdma:pcie3_us_transceiver_debug:1.0'. The one found in location '/home/truongnh/minhphat/30m/debug_link_69460/vpp_temp/link/vivado/vpl/.local/hw_platform/iprepo/ipdefs/shell_subsystem_ipdefs/xdma_v4_1/interfaces/pcie3_us_transceiver_debug.xml' will take precedence over the same Interface in location '/opt/Xilinx/Vivado/2021.2/data/ip/xilinx/qdma_v4_0/interfaces/pcie3_us_transceiver_debug.xml'
WARNING: [IP_Flow 19-4830] Duplicate Interface found for 'xilinx.com:display_pcie4:pcie4_cfg_pm:1.0'. The one found in location '/home/truongnh/minhphat/30m/debug_link_69460/vpp_temp/link/vivado/vpl/.local/hw_platform/iprepo/ipdefs/shell_subsystem_ipdefs/pcie4c_uscale_plus_v1_0/interfaces/pcie4_cfg_pm.xml' will take precedence over the same Interface in location '/opt/Xilinx/Vivado/2021.2/data/ip/xilinx/pcie4_uscale_plus_v1_3/interfaces/pcie4_cfg_pm.xml'
WARNING: [IP_Flow 19-4830] Duplicate Interface found for 'xilinx.com:display_pcie4:pcie4_cfg_external_msix:1.0'. The one found in location '/home/truongnh/minhphat/30m/debug_link_69460/vpp_temp/link/vivado/vpl/.local/hw_platform/iprepo/ipdefs/shell_subsystem_ipdefs/pcie4c_uscale_plus_v1_0/interfaces/pcie4_cfg_ext_msix.xml' will take precedence over the same Interface in location '/opt/Xilinx/Vivado/2021.2/data/ip/xilinx/pcie4_uscale_plus_v1_3/interfaces/pcie4_cfg_ext_msix.xml'
WARNING: [IP_Flow 19-4830] Duplicate Interface found for 'xilinx.com:display_pcie4:pcie4_drp:1.0'. The one found in location '/home/truongnh/minhphat/30m/debug_link_69460/vpp_temp/link/vivado/vpl/.local/hw_platform/iprepo/ipdefs/shell_subsystem_ipdefs/pcie4c_uscale_plus_v1_0/interfaces/pcie4_drp.xml' will take precedence over the same Interface in location '/opt/Xilinx/Vivado/2021.2/data/ip/xilinx/pcie4_uscale_plus_v1_3/interfaces/pcie4_drp.xml'
WARNING: [IP_Flow 19-4830] Duplicate Interface found for 'xilinx.com:display_pcie4:pcie4_cfg_control:1.0'. The one found in location '/home/truongnh/minhphat/30m/debug_link_69460/vpp_temp/link/vivado/vpl/.local/hw_platform/iprepo/ipdefs/shell_subsystem_ipdefs/pcie4c_uscale_plus_v1_0/interfaces/pcie4_cfg_control.xml' will take precedence over the same Interface in location '/opt/Xilinx/Vivado/2021.2/data/ip/xilinx/pcie4_uscale_plus_v1_3/interfaces/pcie4_cfg_control.xml'
WARNING: [IP_Flow 19-4830] Duplicate Interface found for 'xilinx.com:display_pcie4:pcie4_pl:1.0'. The one found in location '/home/truongnh/minhphat/30m/debug_link_69460/vpp_temp/link/vivado/vpl/.local/hw_platform/iprepo/ipdefs/shell_subsystem_ipdefs/pcie4c_uscale_plus_v1_0/interfaces/pcie4_pl.xml' will take precedence over the same Interface in location '/opt/Xilinx/Vivado/2021.2/data/ip/xilinx/pcie4_uscale_plus_v1_3/interfaces/pcie4_pl.xml'
WARNING: [IP_Flow 19-4830] Duplicate Interface found for 'xilinx.com:display_pcie4:pcie4_rbar:1.0'. The one found in location '/home/truongnh/minhphat/30m/debug_link_69460/vpp_temp/link/vivado/vpl/.local/hw_platform/iprepo/ipdefs/shell_subsystem_ipdefs/pcie4c_uscale_plus_v1_0/interfaces/pcie4_rbar.xml' will take precedence over the same Interface in location '/opt/Xilinx/Vivado/2021.2/data/ip/xilinx/pcie4_uscale_plus_v1_3/interfaces/pcie4_rbar.xml'
WARNING: [IP_Flow 19-4830] Duplicate Interface found for 'xilinx.com:display_pcie4c_uscaleplus:int_gtcom:1.0'. The one found in location '/home/truongnh/minhphat/30m/debug_link_69460/vpp_temp/link/vivado/vpl/.local/hw_platform/iprepo/ipdefs/shell_subsystem_ipdefs/pcie4c_uscale_plus_v1_0/interfaces/pcie4c_usp_int_gtcom.xml' will take precedence over the same Interface in location '/opt/Xilinx/Vivado/2021.2/data/ip/xilinx/pcie4c_uscale_plus_v1_0/interfaces/pcie4c_usp_int_gtcom.xml'
WARNING: [IP_Flow 19-4830] Duplicate Interface found for 'xilinx.com:display_pcie4:pcie4_cfg_status:1.0'. The one found in location '/home/truongnh/minhphat/30m/debug_link_69460/vpp_temp/link/vivado/vpl/.local/hw_platform/iprepo/ipdefs/shell_subsystem_ipdefs/pcie4c_uscale_plus_v1_0/interfaces/pcie4_cfg_status.xml' will take precedence over the same Interface in location '/opt/Xilinx/Vivado/2021.2/data/ip/xilinx/pcie4_uscale_plus_v1_3/interfaces/pcie4_cfg_status.xml'
WARNING: [IP_Flow 19-4830] Duplicate Interface found for 'xilinx.com:display_pcie4:pcie4_cfg_mgmt:1.0'. The one found in location '/home/truongnh/minhphat/30m/debug_link_69460/vpp_temp/link/vivado/vpl/.local/hw_platform/iprepo/ipdefs/shell_subsystem_ipdefs/pcie4c_uscale_plus_v1_0/interfaces/pcie4_cfg_mgmt.xml' will take precedence over the same Interface in location '/opt/Xilinx/Vivado/2021.2/data/ip/xilinx/pcie4_uscale_plus_v1_3/interfaces/pcie4_cfg_mgmt.xml'
WARNING: [IP_Flow 19-4830] Duplicate Interface found for 'xilinx.com:display_pcie4c_uscaleplus:transceiver_debug:1.0'. The one found in location '/home/truongnh/minhphat/30m/debug_link_69460/vpp_temp/link/vivado/vpl/.local/hw_platform/iprepo/ipdefs/shell_subsystem_ipdefs/pcie4c_uscale_plus_v1_0/interfaces/transceiver_debug.xml' will take precedence over the same Interface in location '/opt/Xilinx/Vivado/2021.2/data/ip/xilinx/pcie4c_uscale_plus_v1_0/interfaces/transceiver_debug.xml'
WARNING: [IP_Flow 19-4830] Duplicate Interface found for 'xilinx.com:display_pcie4:pcie4_cfg_msix_internal:1.0'. The one found in location '/home/truongnh/minhphat/30m/debug_link_69460/vpp_temp/link/vivado/vpl/.local/hw_platform/iprepo/ipdefs/shell_subsystem_ipdefs/pcie4c_uscale_plus_v1_0/interfaces/pcie4_cfg_msix_int.xml' will take precedence over the same Interface in location '/opt/Xilinx/Vivado/2021.2/data/ip/xilinx/pcie4_uscale_plus_v1_3/interfaces/pcie4_cfg_msix_int.xml'
WARNING: [IP_Flow 19-4830] Duplicate Interface found for 'xilinx.com:display_pcie4c_uscaleplus:ext_gtcom:1.0'. The one found in location '/home/truongnh/minhphat/30m/debug_link_69460/vpp_temp/link/vivado/vpl/.local/hw_platform/iprepo/ipdefs/shell_subsystem_ipdefs/pcie4c_uscale_plus_v1_0/interfaces/pcie4c_usp_ext_gtcom.xml' will take precedence over the same Interface in location '/opt/Xilinx/Vivado/2021.2/data/ip/xilinx/pcie4c_uscale_plus_v1_0/interfaces/pcie4c_usp_ext_gtcom.xml'
WARNING: [IP_Flow 19-4830] Duplicate Interface found for 'xilinx.com:display_pcie4:pcie4_cfg_msix_external:1.0'. The one found in location '/home/truongnh/minhphat/30m/debug_link_69460/vpp_temp/link/vivado/vpl/.local/hw_platform/iprepo/ipdefs/shell_subsystem_ipdefs/pcie4c_uscale_plus_v1_0/interfaces/pcie4_cfg_msix.xml' will take precedence over the same Interface in location '/opt/Xilinx/Vivado/2021.2/data/ip/xilinx/pcie4_uscale_plus_v1_3/interfaces/pcie4_cfg_msix.xml'
WARNING: [IP_Flow 19-4830] Duplicate Interface found for 'xilinx.com:display_pcie4:pcie4_pcie_id:1.0'. The one found in location '/home/truongnh/minhphat/30m/debug_link_69460/vpp_temp/link/vivado/vpl/.local/hw_platform/iprepo/ipdefs/shell_subsystem_ipdefs/pcie4c_uscale_plus_v1_0/interfaces/pcie4_pcie_id.xml' will take precedence over the same Interface in location '/opt/Xilinx/Vivado/2021.2/data/ip/xilinx/pcie4_uscale_plus_v1_3/interfaces/pcie4_pcie_id.xml'
WARNING: [IP_Flow 19-4830] Duplicate Interface found for 'xilinx.com:display_pcie4_uscaleplus:transceiver_debug:1.0'. The one found in location '/home/truongnh/minhphat/30m/debug_link_69460/vpp_temp/link/vivado/vpl/.local/hw_platform/iprepo/ipdefs/shell_subsystem_ipdefs/pcie4_uscale_plus_v1_3/interfaces/transceiver_debug.xml' will take precedence over the same Interface in location '/opt/Xilinx/Vivado/2021.2/data/ip/xilinx/pcie4_uscale_plus_v1_3/interfaces/transceiver_debug.xml'
WARNING: [IP_Flow 19-4830] Duplicate Interface found for 'xilinx.com:display_eqdma:c2h_byp_out:1.0'. The one found in location '/home/truongnh/minhphat/30m/debug_link_69460/vpp_temp/link/vivado/vpl/.local/hw_platform/iprepo/ipdefs/shell_subsystem_ipdefs/qdma_v4_0/interfaces/c2h_byp_out.xml' will take precedence over the same Interface in location '/opt/Xilinx/Vivado/2021.2/data/ip/xilinx/qdma_v4_0/interfaces/c2h_byp_out.xml'
WARNING: [IP_Flow 19-4830] Duplicate Interface found for 'xilinx.com:display_eqdma:st_rx_msg:1.0'. The one found in location '/home/truongnh/minhphat/30m/debug_link_69460/vpp_temp/link/vivado/vpl/.local/hw_platform/iprepo/ipdefs/shell_subsystem_ipdefs/qdma_v4_0/interfaces/st_rx_msg.xml' will take precedence over the same Interface in location '/opt/Xilinx/Vivado/2021.2/data/ip/xilinx/qdma_v4_0/interfaces/st_rx_msg.xml'
WARNING: [IP_Flow 19-4830] Duplicate Interface found for 'xilinx.com:display_eqdma:cfg_wrreq:1.0'. The one found in location '/home/truongnh/minhphat/30m/debug_link_69460/vpp_temp/link/vivado/vpl/.local/hw_platform/iprepo/ipdefs/shell_subsystem_ipdefs/qdma_v4_0/interfaces/cfg_wrreq.xml' will take precedence over the same Interface in location '/opt/Xilinx/Vivado/2021.2/data/ip/xilinx/qdma_v4_0/interfaces/cfg_wrreq.xml'
WARNING: [IP_Flow 19-4830] Duplicate Interface found for 'xilinx.com:display_eqdma:dsc_crdt_in:1.0'. The one found in location '/home/truongnh/minhphat/30m/debug_link_69460/vpp_temp/link/vivado/vpl/.local/hw_platform/iprepo/ipdefs/shell_subsystem_ipdefs/qdma_v4_0/interfaces/dsc_crdt_in.xml' will take precedence over the same Interface in location '/opt/Xilinx/Vivado/2021.2/data/ip/xilinx/qdma_v4_0/interfaces/dsc_crdt_in.xml'
WARNING: [IP_Flow 19-4830] Duplicate Interface found for 'xilinx.com:display_eqdma:axis_c2h_dmawr:1.0'. The one found in location '/home/truongnh/minhphat/30m/debug_link_69460/vpp_temp/link/vivado/vpl/.local/hw_platform/iprepo/ipdefs/shell_subsystem_ipdefs/qdma_v4_0/interfaces/axis_c2h_dmawr.xml' will take precedence over the same Interface in location '/opt/Xilinx/Vivado/2021.2/data/ip/xilinx/qdma_v4_0/interfaces/axis_c2h_dmawr.xml'
WARNING: [IP_Flow 19-4830] Duplicate Interface found for 'xilinx.com:display_eqdma:c2h_byp_in_mm:1.0'. The one found in location '/home/truongnh/minhphat/30m/debug_link_69460/vpp_temp/link/vivado/vpl/.local/hw_platform/iprepo/ipdefs/shell_subsystem_ipdefs/qdma_v4_0/interfaces/c2h_byp_in_mm.xml' will take precedence over the same Interface in location '/opt/Xilinx/Vivado/2021.2/data/ip/xilinx/qdma_v4_0/interfaces/c2h_byp_in_mm.xml'
WARNING: [IP_Flow 19-4830] Duplicate Interface found for 'xilinx.com:display_pcie3_ultrascale:ext_shared_logic:1.0'. The one found in location '/home/truongnh/minhphat/30m/debug_link_69460/vpp_temp/link/vivado/vpl/.local/hw_platform/iprepo/ipdefs/shell_subsystem_ipdefs/qdma_v4_0/interfaces/pcie3_us_ext_shared_logic.xml' will take precedence over the same Interface in location '/opt/Xilinx/Vivado/2021.2/data/ip/xilinx/axi_pcie3_v3_0/interfaces/pcie3_us_ext_shared_logic.xml'
WARNING: [IP_Flow 19-4830] Duplicate Interface found for 'xilinx.com:display_eqdma:m_axis_h2c:1.0'. The one found in location '/home/truongnh/minhphat/30m/debug_link_69460/vpp_temp/link/vivado/vpl/.local/hw_platform/iprepo/ipdefs/shell_subsystem_ipdefs/qdma_v4_0/interfaces/m_axis_h2c.xml' will take precedence over the same Interface in location '/opt/Xilinx/Vivado/2021.2/data/ip/xilinx/qdma_v4_0/interfaces/m_axis_h2c.xml'
WARNING: [IP_Flow 19-4830] Duplicate Interface found for 'xilinx.com:display_eqdma:c2h_byp_in_st:1.0'. The one found in location '/home/truongnh/minhphat/30m/debug_link_69460/vpp_temp/link/vivado/vpl/.local/hw_platform/iprepo/ipdefs/shell_subsystem_ipdefs/qdma_v4_0/interfaces/c2h_byp_in_st.xml' will take precedence over the same Interface in location '/opt/Xilinx/Vivado/2021.2/data/ip/xilinx/qdma_v4_0/interfaces/c2h_byp_in_st.xml'
WARNING: [IP_Flow 19-4830] Duplicate Interface found for 'xilinx.com:display_eqdma:qsts_out:1.0'. The one found in location '/home/truongnh/minhphat/30m/debug_link_69460/vpp_temp/link/vivado/vpl/.local/hw_platform/iprepo/ipdefs/shell_subsystem_ipdefs/qdma_v4_0/interfaces/qsts_out.xml' will take precedence over the same Interface in location '/opt/Xilinx/Vivado/2021.2/data/ip/xilinx/qdma_v4_0/interfaces/qsts_out.xml'
WARNING: [IP_Flow 19-4830] Duplicate Interface found for 'xilinx.com:display_eqdma:usr_flr:1.0'. The one found in location '/home/truongnh/minhphat/30m/debug_link_69460/vpp_temp/link/vivado/vpl/.local/hw_platform/iprepo/ipdefs/shell_subsystem_ipdefs/qdma_v4_0/interfaces/usr_flr.xml' will take precedence over the same Interface in location '/opt/Xilinx/Vivado/2021.2/data/ip/xilinx/pcie_qdma_mailbox_v1_0/interfaces/usr_flr.xml'
WARNING: [IP_Flow 19-4830] Duplicate Interface found for 'xilinx.com:display_eqdma:virtio_dsc_crdt_in:1.0'. The one found in location '/home/truongnh/minhphat/30m/debug_link_69460/vpp_temp/link/vivado/vpl/.local/hw_platform/iprepo/ipdefs/shell_subsystem_ipdefs/qdma_v4_0/interfaces/virtio_dsc_crdt_in.xml' will take precedence over the same Interface in location '/opt/Xilinx/Vivado/2021.2/data/ip/xilinx/qdma_v4_0/interfaces/virtio_dsc_crdt_in.xml'
WARNING: [IP_Flow 19-4830] Duplicate Interface found for 'xilinx.com:display_eqdma:axi_interrupt:1.0'. The one found in location '/home/truongnh/minhphat/30m/debug_link_69460/vpp_temp/link/vivado/vpl/.local/hw_platform/iprepo/ipdefs/shell_subsystem_ipdefs/qdma_v4_0/interfaces/axi_interrupt.xml' will take precedence over the same Interface in location '/opt/Xilinx/Vivado/2021.2/data/ip/xilinx/qdma_v4_0/interfaces/axi_interrupt.xml'
WARNING: [IP_Flow 19-4830] Duplicate Interface found for 'xilinx.com:display_eqdma:s_axis_c2h_cmpt:1.0'. The one found in location '/home/truongnh/minhphat/30m/debug_link_69460/vpp_temp/link/vivado/vpl/.local/hw_platform/iprepo/ipdefs/shell_subsystem_ipdefs/qdma_v4_0/interfaces/s_axis_c2h_cmpt.xml' will take precedence over the same Interface in location '/opt/Xilinx/Vivado/2021.2/data/ip/xilinx/qdma_v4_0/interfaces/s_axis_c2h_cmpt.xml'
WARNING: [IP_Flow 19-4830] Duplicate Interface found for 'xilinx.com:display_eqdma:s_axis_c2h:1.0'. The one found in location '/home/truongnh/minhphat/30m/debug_link_69460/vpp_temp/link/vivado/vpl/.local/hw_platform/iprepo/ipdefs/shell_subsystem_ipdefs/qdma_v4_0/interfaces/s_axis_c2h.xml' will take precedence over the same Interface in location '/opt/Xilinx/Vivado/2021.2/data/ip/xilinx/qdma_v4_0/interfaces/s_axis_c2h.xml'
WARNING: [IP_Flow 19-4830] Duplicate Interface found for 'xilinx.com:display_eqdma:pcie_cfg_external_msix:1.0'. The one found in location '/home/truongnh/minhphat/30m/debug_link_69460/vpp_temp/link/vivado/vpl/.local/hw_platform/iprepo/ipdefs/shell_subsystem_ipdefs/qdma_v4_0/interfaces/pcie_cfg_ext_msix.xml' will take precedence over the same Interface in location '/opt/Xilinx/Vivado/2021.2/data/ip/xilinx/qdma_v4_0/interfaces/pcie_cfg_ext_msix.xml'
WARNING: [IP_Flow 19-4830] Duplicate Interface found for 'xilinx.com:display_eqdma:mdma_c2h_st_mhost_feedback:1.0'. The one found in location '/home/truongnh/minhphat/30m/debug_link_69460/vpp_temp/link/vivado/vpl/.local/hw_platform/iprepo/ipdefs/shell_subsystem_ipdefs/qdma_v4_0/interfaces/mdma_c2h_st_mhost_feedback.xml' will take precedence over the same Interface in location '/opt/Xilinx/Vivado/2021.2/data/ip/xilinx/qdma_v4_0/interfaces/mdma_c2h_st_mhost_feedback.xml'
WARNING: [IP_Flow 19-4830] Duplicate Interface found for 'xilinx.com:display_eqdma:axis_c2h_drop:1.0'. The one found in location '/home/truongnh/minhphat/30m/debug_link_69460/vpp_temp/link/vivado/vpl/.local/hw_platform/iprepo/ipdefs/shell_subsystem_ipdefs/qdma_v4_0/interfaces/axis_c2h_drop.xml' will take precedence over the same Interface in location '/opt/Xilinx/Vivado/2021.2/data/ip/xilinx/qdma_v4_0/interfaces/axis_c2h_drop.xml'
WARNING: [IP_Flow 19-4830] Duplicate Interface found for 'xilinx.com:display_eqdma:h2c_byp_out:1.0'. The one found in location '/home/truongnh/minhphat/30m/debug_link_69460/vpp_temp/link/vivado/vpl/.local/hw_platform/iprepo/ipdefs/shell_subsystem_ipdefs/qdma_v4_0/interfaces/h2c_byp_out.xml' will take precedence over the same Interface in location '/opt/Xilinx/Vivado/2021.2/data/ip/xilinx/qdma_v4_0/interfaces/h2c_byp_out.xml'
WARNING: [IP_Flow 19-4830] Duplicate Interface found for 'xilinx.com:display_eqdma:h2c_byp_in_st:1.0'. The one found in location '/home/truongnh/minhphat/30m/debug_link_69460/vpp_temp/link/vivado/vpl/.local/hw_platform/iprepo/ipdefs/shell_subsystem_ipdefs/qdma_v4_0/interfaces/h2c_byp_in_st.xml' will take precedence over the same Interface in location '/opt/Xilinx/Vivado/2021.2/data/ip/xilinx/qdma_v4_0/interfaces/h2c_byp_in_st.xml'
WARNING: [IP_Flow 19-4830] Duplicate Interface found for 'xilinx.com:display_eqdma:usr_irq:1.0'. The one found in location '/home/truongnh/minhphat/30m/debug_link_69460/vpp_temp/link/vivado/vpl/.local/hw_platform/iprepo/ipdefs/shell_subsystem_ipdefs/qdma_v4_0/interfaces/usr_irq.xml' will take precedence over the same Interface in location '/opt/Xilinx/Vivado/2021.2/data/ip/xilinx/pcie_qdma_mailbox_v1_0/interfaces/usr_irq.xml'
WARNING: [IP_Flow 19-4830] Duplicate Interface found for 'xilinx.com:display_eqdma:h2c_byp_in_mm:1.0'. The one found in location '/home/truongnh/minhphat/30m/debug_link_69460/vpp_temp/link/vivado/vpl/.local/hw_platform/iprepo/ipdefs/shell_subsystem_ipdefs/qdma_v4_0/interfaces/h2c_byp_in_mm.xml' will take precedence over the same Interface in location '/opt/Xilinx/Vivado/2021.2/data/ip/xilinx/qdma_v4_0/interfaces/h2c_byp_in_mm.xml'
WARNING: [IP_Flow 19-4830] Duplicate Interface found for 'xilinx.com:display_eqdma:msix_vector_ctrl:1.0'. The one found in location '/home/truongnh/minhphat/30m/debug_link_69460/vpp_temp/link/vivado/vpl/.local/hw_platform/iprepo/ipdefs/shell_subsystem_ipdefs/qdma_v4_0/interfaces/msix_vector_ctrl.xml' will take precedence over the same Interface in location '/opt/Xilinx/Vivado/2021.2/data/ip/xilinx/qdma_v4_0/interfaces/msix_vector_ctrl.xml'
WARNING: [IP_Flow 19-4830] Duplicate Interface found for 'xilinx.com:display_eqdma:tm_dsc_sts:1.0'. The one found in location '/home/truongnh/minhphat/30m/debug_link_69460/vpp_temp/link/vivado/vpl/.local/hw_platform/iprepo/ipdefs/shell_subsystem_ipdefs/qdma_v4_0/interfaces/tm_dsc_sts.xml' will take precedence over the same Interface in location '/opt/Xilinx/Vivado/2021.2/data/ip/xilinx/qdma_v4_0/interfaces/tm_dsc_sts.xml'
Command: link_design -part xcu250-figd2104-2L-e -reconfig_partitions level0_i/level1/level1_i/ulp
Design is defaulting to srcset: sources_1
Design is defaulting to constrset: constrs_1
Design is defaulting to dcp top: level0_wrapper
INFO: [Device 21-403] Loading part xcu250-figd2104-2L-e
CRITICAL WARNING: [Project 1-840] The design checkpoint file '/home/truongnh/minhphat/30m/debug_link_69460/vpp_temp/link/vivado/vpl/prj/prj.runs/my_rm_synth_1/ulp.dcp' was generated for an IP by an out of context synthesis run and should not be used directly as a source in a Vivado flow. Constraints and other files related to the IP are only stored in the xci/xcix, not the checkpoint. It is strongly recommended that the original IP source file (.xci/.xcix) be used.
INFO: [Project 1-454] Reading design checkpoint '/home/truongnh/minhphat/30m/debug_link_69460/vpp_temp/link/vivado/vpl/prj/prj.runs/my_rm_synth_1/ulp.dcp' for cell 'level0_i/level1/level1_i/ulp'
INFO: [Project 1-454] Reading design checkpoint '/home/truongnh/minhphat/30m/debug_link_69460/vpp_temp/link/vivado/vpl/prj/prj.gen/my_rm/bd/ulp/ip/ulp_clk_wiz_0/ulp_clk_wiz_0.dcp' for cell 'level0_i/level1/level1_i/ulp/clk_wiz'
INFO: [Project 1-454] Reading design checkpoint '/home/truongnh/minhphat/30m/debug_link_69460/vpp_temp/link/vivado/vpl/prj/prj.gen/my_rm/bd/ulp/ip/ulp_distilbert_hls_top_1_0/ulp_distilbert_hls_top_1_0.dcp' for cell 'level0_i/level1/level1_i/ulp/distilbert_hls_top_1'
INFO: [Project 1-454] Reading design checkpoint '/home/truongnh/minhphat/30m/debug_link_69460/vpp_temp/link/vivado/vpl/prj/prj.gen/my_rm/bd/ulp/ip/ulp_ii_level1_wire_0/ulp_ii_level1_wire_0.dcp' for cell 'level0_i/level1/level1_i/ulp/ii_level1_wire'
INFO: [Project 1-454] Reading design checkpoint '/home/truongnh/minhphat/30m/debug_link_69460/vpp_temp/link/vivado/vpl/prj/prj.gen/my_rm/bd/ulp/ip/ulp_ip_cc_axi_data_h2c_00_0/ulp_ip_cc_axi_data_h2c_00_0.dcp' for cell 'level0_i/level1/level1_i/ulp/ip_cc_axi_data_h2c_00'
INFO: [Project 1-454] Reading design checkpoint '/home/truongnh/minhphat/30m/debug_link_69460/vpp_temp/link/vivado/vpl/prj/prj.gen/my_rm/bd/ulp/ip/ulp_ip_cc_axi_data_h2c_01_0/ulp_ip_cc_axi_data_h2c_01_0.dcp' for cell 'level0_i/level1/level1_i/ulp/ip_cc_axi_data_h2c_01'
INFO: [Project 1-454] Reading design checkpoint '/home/truongnh/minhphat/30m/debug_link_69460/vpp_temp/link/vivado/vpl/prj/prj.gen/my_rm/bd/ulp/ip/ulp_ip_cc_axi_data_h2c_02_0/ulp_ip_cc_axi_data_h2c_02_0.dcp' for cell 'level0_i/level1/level1_i/ulp/ip_cc_axi_data_h2c_02'
INFO: [Project 1-454] Reading design checkpoint '/home/truongnh/minhphat/30m/debug_link_69460/vpp_temp/link/vivado/vpl/prj/prj.gen/my_rm/bd/ulp/ip/ulp_ip_cc_axi_data_h2c_03_0/ulp_ip_cc_axi_data_h2c_03_0.dcp' for cell 'level0_i/level1/level1_i/ulp/ip_cc_axi_data_h2c_03'
INFO: [Project 1-454] Reading design checkpoint '/home/truongnh/minhphat/30m/debug_link_69460/vpp_temp/link/vivado/vpl/prj/prj.gen/my_rm/bd/ulp/ip/ulp_ip_db_axi2bscan_user_00_0/ulp_ip_db_axi2bscan_user_00_0.dcp' for cell 'level0_i/level1/level1_i/ulp/ip_db_axi2bscan_user_00'
INFO: [Project 1-454] Reading design checkpoint '/home/truongnh/minhphat/30m/debug_link_69460/vpp_temp/link/vivado/vpl/prj/prj.gen/my_rm/bd/ulp/ip/ulp_ip_db_bscan_user_00_0/ulp_ip_db_bscan_user_00_0.dcp' for cell 'level0_i/level1/level1_i/ulp/ip_db_bscan_user_00'
INFO: [Project 1-454] Reading design checkpoint '/home/truongnh/minhphat/30m/debug_link_69460/vpp_temp/link/vivado/vpl/prj/prj.gen/my_rm/bd/ulp/ip/ulp_ip_gpio_debug_axi_ctrl_mgmt_00_0/ulp_ip_gpio_debug_axi_ctrl_mgmt_00_0.dcp' for cell 'level0_i/level1/level1_i/ulp/ip_gpio_debug_axi_ctrl_mgmt_00'
INFO: [Project 1-454] Reading design checkpoint '/home/truongnh/minhphat/30m/debug_link_69460/vpp_temp/link/vivado/vpl/prj/prj.gen/my_rm/bd/ulp/ip/ulp_ip_gpio_debug_axi_ctrl_mgmt_01_0/ulp_ip_gpio_debug_axi_ctrl_mgmt_01_0.dcp' for cell 'level0_i/level1/level1_i/ulp/ip_gpio_debug_axi_ctrl_mgmt_01'
INFO: [Project 1-454] Reading design checkpoint '/home/truongnh/minhphat/30m/debug_link_69460/vpp_temp/link/vivado/vpl/prj/prj.gen/my_rm/bd/ulp/ip/ulp_ip_gpio_debug_axi_ctrl_user_00_0/ulp_ip_gpio_debug_axi_ctrl_user_00_0.dcp' for cell 'level0_i/level1/level1_i/ulp/ip_gpio_debug_axi_ctrl_user_00'
INFO: [Project 1-454] Reading design checkpoint '/home/truongnh/minhphat/30m/debug_link_69460/vpp_temp/link/vivado/vpl/prj/prj.gen/my_rm/bd/ulp/ip/ulp_ip_gpio_debug_axi_ctrl_user_01_0/ulp_ip_gpio_debug_axi_ctrl_user_01_0.dcp' for cell 'level0_i/level1/level1_i/ulp/ip_gpio_debug_axi_ctrl_user_01'
INFO: [Project 1-454] Reading design checkpoint '/home/truongnh/minhphat/30m/debug_link_69460/vpp_temp/link/vivado/vpl/prj/prj.gen/my_rm/bd/ulp/ip/ulp_ip_gpio_debug_axi_ctrl_user_02_0/ulp_ip_gpio_debug_axi_ctrl_user_02_0.dcp' for cell 'level0_i/level1/level1_i/ulp/ip_gpio_debug_axi_ctrl_user_02'
INFO: [Project 1-454] Reading design checkpoint '/home/truongnh/minhphat/30m/debug_link_69460/vpp_temp/link/vivado/vpl/prj/prj.gen/my_rm/bd/ulp/ip/ulp_ip_gpio_debug_axi_ctrl_user_03_0/ulp_ip_gpio_debug_axi_ctrl_user_03_0.dcp' for cell 'level0_i/level1/level1_i/ulp/ip_gpio_debug_axi_ctrl_user_03'
INFO: [Project 1-454] Reading design checkpoint '/home/truongnh/minhphat/30m/debug_link_69460/vpp_temp/link/vivado/vpl/prj/prj.gen/my_rm/bd/ulp/ip/ulp_ip_gpio_debug_axi_ctrl_user_debug_00_0/ulp_ip_gpio_debug_axi_ctrl_user_debug_00_0.dcp' for cell 'level0_i/level1/level1_i/ulp/ip_gpio_debug_axi_ctrl_user_debug_00'
INFO: [Project 1-454] Reading design checkpoint '/home/truongnh/minhphat/30m/debug_link_69460/vpp_temp/link/vivado/vpl/prj/prj.gen/my_rm/bd/ulp/ip/ulp_ip_gpio_debug_axi_data_h2c_01_0/ulp_ip_gpio_debug_axi_data_h2c_01_0.dcp' for cell 'level0_i/level1/level1_i/ulp/ip_gpio_debug_axi_data_h2c_01'
INFO: [Project 1-454] Reading design checkpoint '/home/truongnh/minhphat/30m/debug_link_69460/vpp_temp/link/vivado/vpl/prj/prj.gen/my_rm/bd/ulp/ip/ulp_ip_inv_aresetn_ctrl_00_0/ulp_ip_inv_aresetn_ctrl_00_0.dcp' for cell 'level0_i/level1/level1_i/ulp/ip_inv_aresetn_ctrl_00'
INFO: [Project 1-454] Reading design checkpoint '/home/truongnh/minhphat/30m/debug_link_69460/vpp_temp/link/vivado/vpl/prj/prj.gen/my_rm/bd/ulp/ip/ulp_ip_psr_aresetn_ctrl_slr0_0/ulp_ip_psr_aresetn_ctrl_slr0_0.dcp' for cell 'level0_i/level1/level1_i/ulp/ip_psr_aresetn_ctrl_slr0'
INFO: [Project 1-454] Reading design checkpoint '/home/truongnh/minhphat/30m/debug_link_69460/vpp_temp/link/vivado/vpl/prj/prj.gen/my_rm/bd/ulp/ip/ulp_ip_psr_aresetn_ctrl_slr1_0/ulp_ip_psr_aresetn_ctrl_slr1_0.dcp' for cell 'level0_i/level1/level1_i/ulp/ip_psr_aresetn_ctrl_slr1'
INFO: [Project 1-454] Reading design checkpoint '/home/truongnh/minhphat/30m/debug_link_69460/vpp_temp/link/vivado/vpl/prj/prj.gen/my_rm/bd/ulp/ip/ulp_ip_psr_aresetn_ctrl_slr2_0/ulp_ip_psr_aresetn_ctrl_slr2_0.dcp' for cell 'level0_i/level1/level1_i/ulp/ip_psr_aresetn_ctrl_slr2'
INFO: [Project 1-454] Reading design checkpoint '/home/truongnh/minhphat/30m/debug_link_69460/vpp_temp/link/vivado/vpl/prj/prj.gen/my_rm/bd/ulp/ip/ulp_ip_psr_aresetn_ctrl_slr3_0/ulp_ip_psr_aresetn_ctrl_slr3_0.dcp' for cell 'level0_i/level1/level1_i/ulp/ip_psr_aresetn_ctrl_slr3'
INFO: [Project 1-454] Reading design checkpoint '/home/truongnh/minhphat/30m/debug_link_69460/vpp_temp/link/vivado/vpl/prj/prj.gen/my_rm/bd/ulp/ip/ulp_ip_psr_aresetn_freerun_slr0_0/ulp_ip_psr_aresetn_freerun_slr0_0.dcp' for cell 'level0_i/level1/level1_i/ulp/ip_psr_aresetn_freerun_slr0'
INFO: [Project 1-454] Reading design checkpoint '/home/truongnh/minhphat/30m/debug_link_69460/vpp_temp/link/vivado/vpl/prj/prj.gen/my_rm/bd/ulp/ip/ulp_ip_psr_aresetn_freerun_slr1_0/ulp_ip_psr_aresetn_freerun_slr1_0.dcp' for cell 'level0_i/level1/level1_i/ulp/ip_psr_aresetn_freerun_slr1'
INFO: [Project 1-454] Reading design checkpoint '/home/truongnh/minhphat/30m/debug_link_69460/vpp_temp/link/vivado/vpl/prj/prj.gen/my_rm/bd/ulp/ip/ulp_ip_psr_aresetn_freerun_slr2_0/ulp_ip_psr_aresetn_freerun_slr2_0.dcp' for cell 'level0_i/level1/level1_i/ulp/ip_psr_aresetn_freerun_slr2'
INFO: [Project 1-454] Reading design checkpoint '/home/truongnh/minhphat/30m/debug_link_69460/vpp_temp/link/vivado/vpl/prj/prj.gen/my_rm/bd/ulp/ip/ulp_ip_psr_aresetn_freerun_slr3_0/ulp_ip_psr_aresetn_freerun_slr3_0.dcp' for cell 'level0_i/level1/level1_i/ulp/ip_psr_aresetn_freerun_slr3'
INFO: [Project 1-454] Reading design checkpoint '/home/truongnh/minhphat/30m/debug_link_69460/vpp_temp/link/vivado/vpl/prj/prj.gen/my_rm/bd/ulp/ip/ulp_ip_psr_aresetn_kernel_00_slr0_0/ulp_ip_psr_aresetn_kernel_00_slr0_0.dcp' for cell 'level0_i/level1/level1_i/ulp/ip_psr_aresetn_kernel_00_slr0'
INFO: [Project 1-454] Reading design checkpoint '/home/truongnh/minhphat/30m/debug_link_69460/vpp_temp/link/vivado/vpl/prj/prj.gen/my_rm/bd/ulp/ip/ulp_ip_psr_aresetn_kernel_00_slr1_0/ulp_ip_psr_aresetn_kernel_00_slr1_0.dcp' for cell 'level0_i/level1/level1_i/ulp/ip_psr_aresetn_kernel_00_slr1'
INFO: [Project 1-454] Reading design checkpoint '/home/truongnh/minhphat/30m/debug_link_69460/vpp_temp/link/vivado/vpl/prj/prj.gen/my_rm/bd/ulp/ip/ulp_ip_psr_aresetn_kernel_00_slr2_0/ulp_ip_psr_aresetn_kernel_00_slr2_0.dcp' for cell 'level0_i/level1/level1_i/ulp/ip_psr_aresetn_kernel_00_slr2'
INFO: [Project 1-454] Reading design checkpoint '/home/truongnh/minhphat/30m/debug_link_69460/vpp_temp/link/vivado/vpl/prj/prj.gen/my_rm/bd/ulp/ip/ulp_ip_psr_aresetn_kernel_00_slr3_0/ulp_ip_psr_aresetn_kernel_00_slr3_0.dcp' for cell 'level0_i/level1/level1_i/ulp/ip_psr_aresetn_kernel_00_slr3'
INFO: [Project 1-454] Reading design checkpoint '/home/truongnh/minhphat/30m/debug_link_69460/vpp_temp/link/vivado/vpl/prj/prj.gen/my_rm/bd/ulp/ip/ulp_ip_psr_aresetn_kernel_01_slr0_0/ulp_ip_psr_aresetn_kernel_01_slr0_0.dcp' for cell 'level0_i/level1/level1_i/ulp/ip_psr_aresetn_kernel_01_slr0'
INFO: [Project 1-454] Reading design checkpoint '/home/truongnh/minhphat/30m/debug_link_69460/vpp_temp/link/vivado/vpl/prj/prj.gen/my_rm/bd/ulp/ip/ulp_ip_psr_aresetn_kernel_01_slr1_0/ulp_ip_psr_aresetn_kernel_01_slr1_0.dcp' for cell 'level0_i/level1/level1_i/ulp/ip_psr_aresetn_kernel_01_slr1'
INFO: [Project 1-454] Reading design checkpoint '/home/truongnh/minhphat/30m/debug_link_69460/vpp_temp/link/vivado/vpl/prj/prj.gen/my_rm/bd/ulp/ip/ulp_ip_psr_aresetn_kernel_01_slr2_0/ulp_ip_psr_aresetn_kernel_01_slr2_0.dcp' for cell 'level0_i/level1/level1_i/ulp/ip_psr_aresetn_kernel_01_slr2'
INFO: [Project 1-454] Reading design checkpoint '/home/truongnh/minhphat/30m/debug_link_69460/vpp_temp/link/vivado/vpl/prj/prj.gen/my_rm/bd/ulp/ip/ulp_ip_psr_aresetn_kernel_01_slr3_0/ulp_ip_psr_aresetn_kernel_01_slr3_0.dcp' for cell 'level0_i/level1/level1_i/ulp/ip_psr_aresetn_kernel_01_slr3'
INFO: [Project 1-454] Reading design checkpoint '/home/truongnh/minhphat/30m/debug_link_69460/vpp_temp/link/vivado/vpl/prj/prj.gen/my_rm/bd/ulp/ip/ulp_ip_psr_aresetn_pcie_slr0_0/ulp_ip_psr_aresetn_pcie_slr0_0.dcp' for cell 'level0_i/level1/level1_i/ulp/ip_psr_aresetn_pcie_slr0'
INFO: [Project 1-454] Reading design checkpoint '/home/truongnh/minhphat/30m/debug_link_69460/vpp_temp/link/vivado/vpl/prj/prj.gen/my_rm/bd/ulp/ip/ulp_ip_psr_aresetn_pcie_slr1_0/ulp_ip_psr_aresetn_pcie_slr1_0.dcp' for cell 'level0_i/level1/level1_i/ulp/ip_psr_aresetn_pcie_slr1'
INFO: [Project 1-454] Reading design checkpoint '/home/truongnh/minhphat/30m/debug_link_69460/vpp_temp/link/vivado/vpl/prj/prj.gen/my_rm/bd/ulp/ip/ulp_ip_psr_aresetn_pcie_slr2_0/ulp_ip_psr_aresetn_pcie_slr2_0.dcp' for cell 'level0_i/level1/level1_i/ulp/ip_psr_aresetn_pcie_slr2'
INFO: [Project 1-454] Reading design checkpoint '/home/truongnh/minhphat/30m/debug_link_69460/vpp_temp/link/vivado/vpl/prj/prj.gen/my_rm/bd/ulp/ip/ulp_ip_psr_aresetn_pcie_slr3_0/ulp_ip_psr_aresetn_pcie_slr3_0.dcp' for cell 'level0_i/level1/level1_i/ulp/ip_psr_aresetn_pcie_slr3'
INFO: [Project 1-454] Reading design checkpoint '/home/truongnh/minhphat/30m/debug_link_69460/vpp_temp/link/vivado/vpl/prj/prj.gen/my_rm/bd/ulp/ip/ulp_ip_rs_axi_ctrl_user_03_0/ulp_ip_rs_axi_ctrl_user_03_0.dcp' for cell 'level0_i/level1/level1_i/ulp/ip_rs_axi_ctrl_user_03'
INFO: [Project 1-454] Reading design checkpoint '/home/truongnh/minhphat/30m/debug_link_69460/vpp_temp/link/vivado/vpl/prj/prj.gen/my_rm/bd/ulp/ip/ulp_ip_rs_axi_data_h2c_03_0/ulp_ip_rs_axi_data_h2c_03_0.dcp' for cell 'level0_i/level1/level1_i/ulp/ip_rs_axi_data_h2c_03'
INFO: [Project 1-454] Reading design checkpoint '/home/truongnh/minhphat/30m/debug_link_69460/vpp_temp/link/vivado/vpl/prj/prj.gen/my_rm/bd/ulp/ip/ulp_memory_subsystem_0/ulp_memory_subsystem_0.dcp' for cell 'level0_i/level1/level1_i/ulp/memory_subsystem'
INFO: [Project 1-454] Reading design checkpoint '/home/truongnh/minhphat/30m/debug_link_69460/vpp_temp/link/vivado/vpl/prj/prj.gen/my_rm/bd/ulp/ip/ulp_rst_clk_wiz_200M_0/ulp_rst_clk_wiz_200M_0.dcp' for cell 'level0_i/level1/level1_i/ulp/rst_clk_wiz_200M'
INFO: [Project 1-454] Reading design checkpoint '/home/truongnh/minhphat/30m/debug_link_69460/vpp_temp/link/vivado/vpl/prj/prj.gen/my_rm/bd/ulp/ip/ulp_ss_ucs_0/ulp_ss_ucs_0.dcp' for cell 'level0_i/level1/level1_i/ulp/ss_ucs'
INFO: [Project 1-454] Reading design checkpoint '/home/truongnh/minhphat/30m/debug_link_69460/vpp_temp/link/vivado/vpl/prj/prj.gen/my_rm/bd/ulp/ip/ulp_s00_regslice_38/ulp_s00_regslice_38.dcp' for cell 'level0_i/level1/level1_i/ulp/ict_axi_ctrl_mgmt_00/s00_couplers/s00_regslice'
INFO: [Project 1-454] Reading design checkpoint '/home/truongnh/minhphat/30m/debug_link_69460/vpp_temp/link/vivado/vpl/prj/prj.gen/my_rm/bd/ulp/ip/ulp_xbar_2/ulp_xbar_2.dcp' for cell 'level0_i/level1/level1_i/ulp/ict_axi_ctrl_mgmt_01/xbar'
INFO: [Project 1-454] Reading design checkpoint '/home/truongnh/minhphat/30m/debug_link_69460/vpp_temp/link/vivado/vpl/prj/prj.gen/my_rm/bd/ulp/ip/ulp_m00_regslice_2/ulp_m00_regslice_2.dcp' for cell 'level0_i/level1/level1_i/ulp/ict_axi_ctrl_mgmt_01/m00_couplers/m00_regslice'
INFO: [Project 1-454] Reading design checkpoint '/home/truongnh/minhphat/30m/debug_link_69460/vpp_temp/link/vivado/vpl/prj/prj.gen/my_rm/bd/ulp/ip/ulp_m01_regslice_2/ulp_m01_regslice_2.dcp' for cell 'level0_i/level1/level1_i/ulp/ict_axi_ctrl_mgmt_01/m01_couplers/m01_regslice'
INFO: [Project 1-454] Reading design checkpoint '/home/truongnh/minhphat/30m/debug_link_69460/vpp_temp/link/vivado/vpl/prj/prj.gen/my_rm/bd/ulp/ip/ulp_m02_regslice_0/ulp_m02_regslice_0.dcp' for cell 'level0_i/level1/level1_i/ulp/ict_axi_ctrl_mgmt_01/m02_couplers/m02_regslice'
INFO: [Project 1-454] Reading design checkpoint '/home/truongnh/minhphat/30m/debug_link_69460/vpp_temp/link/vivado/vpl/prj/prj.gen/my_rm/bd/ulp/ip/ulp_s00_regslice_39/ulp_s00_regslice_39.dcp' for cell 'level0_i/level1/level1_i/ulp/ict_axi_ctrl_mgmt_01/s00_couplers/s00_regslice'
INFO: [Project 1-454] Reading design checkpoint '/home/truongnh/minhphat/30m/debug_link_69460/vpp_temp/link/vivado/vpl/prj/prj.gen/my_rm/bd/ulp/ip/ulp_xbar_4/ulp_xbar_4.dcp' for cell 'level0_i/level1/level1_i/ulp/ict_axi_ctrl_user_00/xbar'
INFO: [Project 1-454] Reading design checkpoint '/home/truongnh/minhphat/30m/debug_link_69460/vpp_temp/link/vivado/vpl/prj/prj.gen/my_rm/bd/ulp/ip/ulp_m00_regslice_3/ulp_m00_regslice_3.dcp' for cell 'level0_i/level1/level1_i/ulp/ict_axi_ctrl_user_00/m00_couplers/m00_regslice'
INFO: [Project 1-454] Reading design checkpoint '/home/truongnh/minhphat/30m/debug_link_69460/vpp_temp/link/vivado/vpl/prj/prj.gen/my_rm/bd/ulp/ip/ulp_auto_cc_0/ulp_auto_cc_0.dcp' for cell 'level0_i/level1/level1_i/ulp/ict_axi_ctrl_user_00/m01_couplers/auto_cc'
INFO: [Project 1-454] Reading design checkpoint '/home/truongnh/minhphat/30m/debug_link_69460/vpp_temp/link/vivado/vpl/prj/prj.gen/my_rm/bd/ulp/ip/ulp_m01_regslice_3/ulp_m01_regslice_3.dcp' for cell 'level0_i/level1/level1_i/ulp/ict_axi_ctrl_user_00/m01_couplers/m01_regslice'
INFO: [Project 1-454] Reading design checkpoint '/home/truongnh/minhphat/30m/debug_link_69460/vpp_temp/link/vivado/vpl/prj/prj.gen/my_rm/bd/ulp/ip/ulp_s00_regslice_40/ulp_s00_regslice_40.dcp' for cell 'level0_i/level1/level1_i/ulp/ict_axi_ctrl_user_00/s00_couplers/s00_regslice'
INFO: [Project 1-454] Reading design checkpoint '/home/truongnh/minhphat/30m/debug_link_69460/vpp_temp/link/vivado/vpl/prj/prj.gen/my_rm/bd/ulp/ip/ulp_s00_regslice_41/ulp_s00_regslice_41.dcp' for cell 'level0_i/level1/level1_i/ulp/ict_axi_ctrl_user_01/s00_couplers/s00_regslice'
INFO: [Project 1-454] Reading design checkpoint '/home/truongnh/minhphat/30m/debug_link_69460/vpp_temp/link/vivado/vpl/prj/prj.gen/my_rm/bd/ulp/ip/ulp_s00_regslice_42/ulp_s00_regslice_42.dcp' for cell 'level0_i/level1/level1_i/ulp/ict_axi_ctrl_user_02/s00_couplers/s00_regslice'
INFO: [Project 1-454] Reading design checkpoint '/home/truongnh/minhphat/30m/debug_link_69460/vpp_temp/link/vivado/vpl/prj/prj.gen/my_rm/bd/ulp/ip/ulp_s00_regslice_43/ulp_s00_regslice_43.dcp' for cell 'level0_i/level1/level1_i/ulp/ict_axi_ctrl_user_03/s00_couplers/s00_regslice'
INFO: [Project 1-454] Reading design checkpoint '/home/truongnh/minhphat/30m/debug_link_69460/vpp_temp/link/vivado/vpl/prj/prj.gen/my_rm/bd/ulp/ip/ulp_s00_regslice_44/ulp_s00_regslice_44.dcp' for cell 'level0_i/level1/level1_i/ulp/ict_axi_ctrl_user_debug_00/s00_couplers/s00_regslice'
INFO: [Project 1-454] Reading design checkpoint '/home/truongnh/minhphat/30m/debug_link_69460/vpp_temp/link/vivado/vpl/prj/prj.gen/my_rm/bd/ulp/ip/ulp_xbar_3/ulp_xbar_3.dcp' for cell 'level0_i/level1/level1_i/ulp/ict_axi_data_h2c_01/xbar'
INFO: [Project 1-454] Reading design checkpoint '/home/truongnh/minhphat/30m/debug_link_69460/vpp_temp/link/vivado/vpl/prj/prj.gen/my_rm/bd/ulp/ip/ulp_auto_ds_0/ulp_auto_ds_0.dcp' for cell 'level0_i/level1/level1_i/ulp/ict_axi_data_h2c_01/m01_couplers/auto_ds'
INFO: [Project 1-454] Reading design checkpoint '/home/truongnh/minhphat/30m/debug_link_69460/vpp_temp/link/vivado/vpl/prj/prj.gen/my_rm/bd/ulp/ip/ulp_auto_pc_0/ulp_auto_pc_0.dcp' for cell 'level0_i/level1/level1_i/ulp/ict_axi_data_h2c_01/m01_couplers/auto_pc'
INFO: [Project 1-454] Reading design checkpoint '/home/truongnh/minhphat/30m/debug_link_69460/vpp_temp/link/vivado/vpl/prj/prj.gen/my_rm/bd/ulp/ip/ulp_s00_regslice_45/ulp_s00_regslice_45.dcp' for cell 'level0_i/level1/level1_i/ulp/ict_axi_data_h2c_01/s00_couplers/s00_regslice'
INFO: [Project 1-454] Reading design checkpoint '/home/truongnh/minhphat/30m/debug_link_69460/vpp_temp/link/vivado/vpl/prj/prj.gen/my_rm/bd/ulp/ip/ulp_ip_db_axi2bscan_user_00_0/bd_0/ip/ip_0/bd_4a0a_axi_jtag_0.dcp' for cell 'level0_i/level1/level1_i/ulp/ip_db_axi2bscan_user_00/inst/axi_jtag'
INFO: [Project 1-454] Reading design checkpoint '/home/truongnh/minhphat/30m/debug_link_69460/vpp_temp/link/vivado/vpl/prj/prj.gen/my_rm/bd/ulp/ip/ulp_ip_db_axi2bscan_user_00_0/bd_0/ip/ip_2/bd_4a0a_bs_switch_1_0.dcp' for cell 'level0_i/level1/level1_i/ulp/ip_db_axi2bscan_user_00/inst/bs_switch_1'
INFO: [Project 1-454] Reading design checkpoint '/home/truongnh/minhphat/30m/debug_link_69460/vpp_temp/link/vivado/vpl/prj/prj.gen/my_rm/bd/ulp/ip/ulp_ip_db_axi2bscan_user_00_0/bd_0/ip/ip_1/bd_4a0a_bsip_0.dcp' for cell 'level0_i/level1/level1_i/ulp/ip_db_axi2bscan_user_00/inst/bsip'
INFO: [Project 1-454] Reading design checkpoint '/home/truongnh/minhphat/30m/debug_link_69460/vpp_temp/link/vivado/vpl/prj/prj.gen/my_rm/bd/ulp/ip/ulp_ip_db_bscan_user_00_0/bd_0/ip/ip_1/bd_1d9d_lut_buffer_0.dcp' for cell 'level0_i/level1/level1_i/ulp/ip_db_bscan_user_00/inst/lut_buffer'
INFO: [Project 1-454] Reading design checkpoint '/home/truongnh/minhphat/30m/debug_link_69460/vpp_temp/link/vivado/vpl/prj/prj.gen/my_rm/bd/ulp/ip/ulp_ip_db_bscan_user_00_0/bd_0/ip/ip_0/bd_1d9d_xsdbm_0.dcp' for cell 'level0_i/level1/level1_i/ulp/ip_db_bscan_user_00/inst/xsdbm'
INFO: [Project 1-454] Reading design checkpoint '/home/truongnh/minhphat/30m/debug_link_69460/vpp_temp/link/vivado/vpl/prj/prj.gen/my_rm/bd/ulp/ip/ulp_memory_subsystem_0/bd_0/ip/ip_21/bd_b35e_interconnect_DDR4_MEM00_0.dcp' for cell 'level0_i/level1/level1_i/ulp/memory_subsystem/inst/interconnect/interconnect_ddr4_mem00'
INFO: [Project 1-454] Reading design checkpoint '/home/truongnh/minhphat/30m/debug_link_69460/vpp_temp/link/vivado/vpl/prj/prj.gen/my_rm/bd/ulp/ip/ulp_memory_subsystem_0/bd_0/ip/ip_22/bd_b35e_interconnect_DDR4_MEM01_0.dcp' for cell 'level0_i/level1/level1_i/ulp/memory_subsystem/inst/interconnect/interconnect_ddr4_mem01'
INFO: [Project 1-454] Reading design checkpoint '/home/truongnh/minhphat/30m/debug_link_69460/vpp_temp/link/vivado/vpl/prj/prj.gen/my_rm/bd/ulp/ip/ulp_memory_subsystem_0/bd_0/ip/ip_23/bd_b35e_interconnect_DDR4_MEM02_0.dcp' for cell 'level0_i/level1/level1_i/ulp/memory_subsystem/inst/interconnect/interconnect_ddr4_mem02'
INFO: [Project 1-454] Reading design checkpoint '/home/truongnh/minhphat/30m/debug_link_69460/vpp_temp/link/vivado/vpl/prj/prj.gen/my_rm/bd/ulp/ip/ulp_memory_subsystem_0/bd_0/ip/ip_24/bd_b35e_interconnect_M00_AXI_MEM00_0.dcp' for cell 'level0_i/level1/level1_i/ulp/memory_subsystem/inst/interconnect/interconnect_m00_axi_mem00'
INFO: [Project 1-454] Reading design checkpoint '/home/truongnh/minhphat/30m/debug_link_69460/vpp_temp/link/vivado/vpl/prj/prj.gen/my_rm/bd/ulp/ip/ulp_memory_subsystem_0/bd_0/ip/ip_62/bd_b35e_rs_M00_AXI_0.dcp' for cell 'level0_i/level1/level1_i/ulp/memory_subsystem/inst/interconnect/rs_m00_axi'
INFO: [Project 1-454] Reading design checkpoint '/home/truongnh/minhphat/30m/debug_link_69460/vpp_temp/link/vivado/vpl/prj/prj.gen/my_rm/bd/ulp/ip/ulp_memory_subsystem_0/bd_0/ip/ip_49/bd_b35e_vip_M00_AXI_0.dcp' for cell 'level0_i/level1/level1_i/ulp/memory_subsystem/inst/interconnect/vip_m00_axi'
INFO: [Project 1-454] Reading design checkpoint '/home/truongnh/minhphat/30m/debug_link_69460/vpp_temp/link/vivado/vpl/prj/prj.gen/my_rm/bd/ulp/ip/ulp_memory_subsystem_0/bd_0/ip/ip_41/bd_b35e_vip_S00_AXI_0.dcp' for cell 'level0_i/level1/level1_i/ulp/memory_subsystem/inst/interconnect/vip_s00_axi'
INFO: [Project 1-454] Reading design checkpoint '/home/truongnh/minhphat/30m/debug_link_69460/vpp_temp/link/vivado/vpl/prj/prj.gen/my_rm/bd/ulp/ip/ulp_memory_subsystem_0/bd_0/ip/ip_42/bd_b35e_vip_S01_AXI_0.dcp' for cell 'level0_i/level1/level1_i/ulp/memory_subsystem/inst/interconnect/vip_s01_axi'
INFO: [Project 1-454] Reading design checkpoint '/home/truongnh/minhphat/30m/debug_link_69460/vpp_temp/link/vivado/vpl/prj/prj.gen/my_rm/bd/ulp/ip/ulp_memory_subsystem_0/bd_0/ip/ip_43/bd_b35e_vip_S02_AXI_0.dcp' for cell 'level0_i/level1/level1_i/ulp/memory_subsystem/inst/interconnect/vip_s02_axi'
INFO: [Project 1-454] Reading design checkpoint '/home/truongnh/minhphat/30m/debug_link_69460/vpp_temp/link/vivado/vpl/prj/prj.gen/my_rm/bd/ulp/ip/ulp_memory_subsystem_0/bd_0/ip/ip_44/bd_b35e_vip_S03_AXI_0.dcp' for cell 'level0_i/level1/level1_i/ulp/memory_subsystem/inst/interconnect/vip_s03_axi'
INFO: [Project 1-454] Reading design checkpoint '/home/truongnh/minhphat/30m/debug_link_69460/vpp_temp/link/vivado/vpl/prj/prj.gen/my_rm/bd/ulp/ip/ulp_memory_subsystem_0/bd_0/ip/ip_45/bd_b35e_vip_S04_AXI_0.dcp' for cell 'level0_i/level1/level1_i/ulp/memory_subsystem/inst/interconnect/vip_s04_axi'
INFO: [Project 1-454] Reading design checkpoint '/home/truongnh/minhphat/30m/debug_link_69460/vpp_temp/link/vivado/vpl/prj/prj.gen/my_rm/bd/ulp/ip/ulp_memory_subsystem_0/bd_0/ip/ip_46/bd_b35e_vip_S05_AXI_0.dcp' for cell 'level0_i/level1/level1_i/ulp/memory_subsystem/inst/interconnect/vip_s05_axi'
INFO: [Project 1-454] Reading design checkpoint '/home/truongnh/minhphat/30m/debug_link_69460/vpp_temp/link/vivado/vpl/prj/prj.gen/my_rm/bd/ulp/ip/ulp_memory_subsystem_0/bd_0/ip/ip_47/bd_b35e_vip_S06_AXI_0.dcp' for cell 'level0_i/level1/level1_i/ulp/memory_subsystem/inst/interconnect/vip_s06_axi'
INFO: [Project 1-454] Reading design checkpoint '/home/truongnh/minhphat/30m/debug_link_69460/vpp_temp/link/vivado/vpl/prj/prj.gen/my_rm/bd/ulp/ip/ulp_memory_subsystem_0/bd_0/ip/ip_48/bd_b35e_vip_S07_AXI_0.dcp' for cell 'level0_i/level1/level1_i/ulp/memory_subsystem/inst/interconnect/vip_s07_axi'
INFO: [Project 1-454] Reading design checkpoint '/home/truongnh/minhphat/30m/debug_link_69460/vpp_temp/link/vivado/vpl/prj/prj.gen/my_rm/bd/ulp/ip/ulp_memory_subsystem_0/bd_0/ip/ip_38/bd_b35e_calib_reduce_0.dcp' for cell 'level0_i/level1/level1_i/ulp/memory_subsystem/inst/memory/calib_reduce'
INFO: [Project 1-454] Reading design checkpoint '/home/truongnh/minhphat/30m/debug_link_69460/vpp_temp/link/vivado/vpl/prj/prj.gen/my_rm/bd/ulp/ip/ulp_memory_subsystem_0/bd_0/ip/ip_25/bd_b35e_ddr4_mem00_0.dcp' for cell 'level0_i/level1/level1_i/ulp/memory_subsystem/inst/memory/ddr4_mem00'
INFO: [Project 1-454] Reading design checkpoint '/home/truongnh/minhphat/30m/debug_link_69460/vpp_temp/link/vivado/vpl/prj/prj.gen/my_rm/bd/ulp/ip/ulp_memory_subsystem_0/bd_0/ip/ip_27/bd_b35e_ddr4_mem00_ctrl_cc_0.dcp' for cell 'level0_i/level1/level1_i/ulp/memory_subsystem/inst/memory/ddr4_mem00_ctrl_cc'
INFO: [Project 1-454] Reading design checkpoint '/home/truongnh/minhphat/30m/debug_link_69460/vpp_temp/link/vivado/vpl/prj/prj.gen/my_rm/bd/ulp/ip/ulp_memory_subsystem_0/bd_0/ip/ip_29/bd_b35e_ddr4_mem01_0.dcp' for cell 'level0_i/level1/level1_i/ulp/memory_subsystem/inst/memory/ddr4_mem01'
INFO: [Project 1-454] Reading design checkpoint '/home/truongnh/minhphat/30m/debug_link_69460/vpp_temp/link/vivado/vpl/prj/prj.gen/my_rm/bd/ulp/ip/ulp_memory_subsystem_0/bd_0/ip/ip_31/bd_b35e_ddr4_mem01_ctrl_cc_0.dcp' for cell 'level0_i/level1/level1_i/ulp/memory_subsystem/inst/memory/ddr4_mem01_ctrl_cc'
INFO: [Project 1-454] Reading design checkpoint '/home/truongnh/minhphat/30m/debug_link_69460/vpp_temp/link/vivado/vpl/prj/prj.gen/my_rm/bd/ulp/ip/ulp_memory_subsystem_0/bd_0/ip/ip_33/bd_b35e_ddr4_mem02_0.dcp' for cell 'level0_i/level1/level1_i/ulp/memory_subsystem/inst/memory/ddr4_mem02'
INFO: [Project 1-454] Reading design checkpoint '/home/truongnh/minhphat/30m/debug_link_69460/vpp_temp/link/vivado/vpl/prj/prj.gen/my_rm/bd/ulp/ip/ulp_memory_subsystem_0/bd_0/ip/ip_35/bd_b35e_ddr4_mem02_ctrl_cc_0.dcp' for cell 'level0_i/level1/level1_i/ulp/memory_subsystem/inst/memory/ddr4_mem02_ctrl_cc'
INFO: [Project 1-454] Reading design checkpoint '/home/truongnh/minhphat/30m/debug_link_69460/vpp_temp/link/vivado/vpl/prj/prj.gen/my_rm/bd/ulp/ip/ulp_memory_subsystem_0/bd_0/ip/ip_40/bd_b35e_interconnect_ddrmem_ctrl_0.dcp' for cell 'level0_i/level1/level1_i/ulp/memory_subsystem/inst/memory/interconnect_ddrmem_ctrl'
INFO: [Project 1-454] Reading design checkpoint '/home/truongnh/minhphat/30m/debug_link_69460/vpp_temp/link/vivado/vpl/prj/prj.gen/my_rm/bd/ulp/ip/ulp_memory_subsystem_0/bd_0/ip/ip_20/bd_b35e_psr_ctrl_interconnect_0.dcp' for cell 'level0_i/level1/level1_i/ulp/memory_subsystem/inst/memory/psr_ctrl_interconnect'
INFO: [Project 1-454] Reading design checkpoint '/home/truongnh/minhphat/30m/debug_link_69460/vpp_temp/link/vivado/vpl/prj/prj.gen/my_rm/bd/ulp/ip/ulp_memory_subsystem_0/bd_0/ip/ip_26/bd_b35e_psr_ddr4_mem00_0.dcp' for cell 'level0_i/level1/level1_i/ulp/memory_subsystem/inst/memory/psr_ddr4_mem00'
INFO: [Project 1-454] Reading design checkpoint '/home/truongnh/minhphat/30m/debug_link_69460/vpp_temp/link/vivado/vpl/prj/prj.gen/my_rm/bd/ulp/ip/ulp_memory_subsystem_0/bd_0/ip/ip_30/bd_b35e_psr_ddr4_mem01_0.dcp' for cell 'level0_i/level1/level1_i/ulp/memory_subsystem/inst/memory/psr_ddr4_mem01'
INFO: [Project 1-454] Reading design checkpoint '/home/truongnh/minhphat/30m/debug_link_69460/vpp_temp/link/vivado/vpl/prj/prj.gen/my_rm/bd/ulp/ip/ulp_memory_subsystem_0/bd_0/ip/ip_34/bd_b35e_psr_ddr4_mem02_0.dcp' for cell 'level0_i/level1/level1_i/ulp/memory_subsystem/inst/memory/psr_ddr4_mem02'
INFO: [Project 1-454] Reading design checkpoint '/home/truongnh/minhphat/30m/debug_link_69460/vpp_temp/link/vivado/vpl/prj/prj.gen/my_rm/bd/ulp/ip/ulp_memory_subsystem_0/bd_0/ip/ip_28/bd_b35e_srsr_ddr4_mem00_0.dcp' for cell 'level0_i/level1/level1_i/ulp/memory_subsystem/inst/memory/srsr_ddr4_mem00'
INFO: [Project 1-454] Reading design checkpoint '/home/truongnh/minhphat/30m/debug_link_69460/vpp_temp/link/vivado/vpl/prj/prj.gen/my_rm/bd/ulp/ip/ulp_memory_subsystem_0/bd_0/ip/ip_32/bd_b35e_srsr_ddr4_mem01_0.dcp' for cell 'level0_i/level1/level1_i/ulp/memory_subsystem/inst/memory/srsr_ddr4_mem01'
INFO: [Project 1-454] Reading design checkpoint '/home/truongnh/minhphat/30m/debug_link_69460/vpp_temp/link/vivado/vpl/prj/prj.gen/my_rm/bd/ulp/ip/ulp_memory_subsystem_0/bd_0/ip/ip_36/bd_b35e_srsr_ddr4_mem02_0.dcp' for cell 'level0_i/level1/level1_i/ulp/memory_subsystem/inst/memory/srsr_ddr4_mem02'
INFO: [Project 1-454] Reading design checkpoint '/home/truongnh/minhphat/30m/debug_link_69460/vpp_temp/link/vivado/vpl/prj/prj.gen/my_rm/bd/ulp/ip/ulp_memory_subsystem_0/bd_0/ip/ip_50/bd_b35e_vip_DDR4_MEM00_0.dcp' for cell 'level0_i/level1/level1_i/ulp/memory_subsystem/inst/memory/vip_DDR4_MEM00'
INFO: [Project 1-454] Reading design checkpoint '/home/truongnh/minhphat/30m/debug_link_69460/vpp_temp/link/vivado/vpl/prj/prj.gen/my_rm/bd/ulp/ip/ulp_memory_subsystem_0/bd_0/ip/ip_54/bd_b35e_vip_DDR4_MEM01_0.dcp' for cell 'level0_i/level1/level1_i/ulp/memory_subsystem/inst/memory/vip_DDR4_MEM01'
INFO: [Project 1-454] Reading design checkpoint '/home/truongnh/minhphat/30m/debug_link_69460/vpp_temp/link/vivado/vpl/prj/prj.gen/my_rm/bd/ulp/ip/ulp_memory_subsystem_0/bd_0/ip/ip_58/bd_b35e_vip_DDR4_MEM02_0.dcp' for cell 'level0_i/level1/level1_i/ulp/memory_subsystem/inst/memory/vip_DDR4_MEM02'
INFO: [Common 17-14] Message 'Project 1-454' appears 100 times and further instances of the messages will be disabled. Use the Tcl command set_msg_config to change the current settings.
Netlist sorting complete. Time (s): cpu = 00:00:29 ; elapsed = 00:00:29 . Memory (MB): peak = 8239.039 ; gain = 257.266 ; free physical = 92247 ; free virtual = 118501
INFO: [Netlist 29-17] Analyzing 29678 Unisim elements for replacement
INFO: [Netlist 29-28] Unisim Transformation completed in 34 CPU seconds
INFO: [Project 1-479] Netlist was created with Vivado 2021.2
INFO: [Project 1-570] Preparing netlist for logic optimization
WARNING: [Opt 31-32] Removing redundant IBUF since it is not being driven by a top-level port. level0_i/level1/level1_i/ulp/clk_wiz/inst/clkin1_ibuf 
Resolution: The tool has removed redundant IBUF. To resolve this warning, check for redundant IBUF in the input design.
WARNING: [Constraints 18-550] Could not create 'IBUF_LOW_PWR' constraint because net 'level0_i/blp/blp_i/freerun_clk/freerun_clk_ibufds/IBUF_OUT[0]' is not directly connected to top level port. Synthesis is ignored for IBUF_LOW_PWR but preserved for implementation.
WARNING: [Constraints 18-550] Could not create 'IBUF_LOW_PWR' constraint because net 'level0_i/level1/blp_s_aclk_ddr_01' is not directly connected to top level port. Synthesis is ignored for IBUF_LOW_PWR but preserved for implementation.
WARNING: [Constraints 18-550] Could not create 'IBUF_LOW_PWR' constraint because net 'level0_i/level1/level1_i/ulp/clk_wiz/clk_in1' is not directly connected to top level port. Synthesis is ignored for IBUF_LOW_PWR but preserved for implementation.
INFO: [Chipscope 16-324] Core: level0_i/level1/level1_i/ulp/memory_subsystem/inst/memory/ddr4_mem00 UUID: e38b115b-8949-5dab-aec4-d744d6d62a63 
INFO: [Chipscope 16-324] Core: level0_i/level1/level1_i/ulp/memory_subsystem/inst/memory/ddr4_mem01 UUID: ce89eb5e-a633-50e8-b584-3211ca1220c9 
INFO: [Chipscope 16-324] Core: level0_i/level1/level1_i/ulp/memory_subsystem/inst/memory/ddr4_mem02 UUID: 2fc7f746-0aff-55d3-954a-c910a35be30f 
Parsing XDC File [/home/truongnh/minhphat/30m/debug_link_69460/vpp_temp/link/vivado/vpl/prj/prj.gen/my_rm/bd/ulp/ip/ulp_memory_subsystem_0/bd_5/ip/ip_2/bd_2e55_ilmb_0.xdc] for cell 'level0_i/level1/level1_i/ulp/memory_subsystem/inst/memory/ddr4_mem00/inst/u_ddr4_mem_intfc/u_ddr_cal_riu/mcs0/inst/ilmb/U0'
set_false_path: Time (s): cpu = 00:00:04 ; elapsed = 00:00:05 . Memory (MB): peak = 12827.793 ; gain = 0.000 ; free physical = 87874 ; free virtual = 114128
Finished Parsing XDC File [/home/truongnh/minhphat/30m/debug_link_69460/vpp_temp/link/vivado/vpl/prj/prj.gen/my_rm/bd/ulp/ip/ulp_memory_subsystem_0/bd_5/ip/ip_2/bd_2e55_ilmb_0.xdc] for cell 'level0_i/level1/level1_i/ulp/memory_subsystem/inst/memory/ddr4_mem00/inst/u_ddr4_mem_intfc/u_ddr_cal_riu/mcs0/inst/ilmb/U0'
Parsing XDC File [/home/truongnh/minhphat/30m/debug_link_69460/vpp_temp/link/vivado/vpl/prj/prj.gen/my_rm/bd/ulp/ip/ulp_memory_subsystem_0/bd_4/ip/ip_1/bd_928c_psr0_0.xdc] for cell 'level0_i/level1/level1_i/ulp/memory_subsystem/inst/interconnect/interconnect_m00_axi_mem00/inst/clk_map/psr0/U0'
Finished Parsing XDC File [/home/truongnh/minhphat/30m/debug_link_69460/vpp_temp/link/vivado/vpl/prj/prj.gen/my_rm/bd/ulp/ip/ulp_memory_subsystem_0/bd_4/ip/ip_1/bd_928c_psr0_0.xdc] for cell 'level0_i/level1/level1_i/ulp/memory_subsystem/inst/interconnect/interconnect_m00_axi_mem00/inst/clk_map/psr0/U0'
Parsing XDC File [/home/truongnh/minhphat/30m/debug_link_69460/vpp_temp/link/vivado/vpl/prj/prj.gen/my_rm/bd/ulp/ip/ulp_memory_subsystem_0/bd_4/ip/ip_2/bd_928c_psr_aclk_0_board.xdc] for cell 'level0_i/level1/level1_i/ulp/memory_subsystem/inst/interconnect/interconnect_m00_axi_mem00/inst/clk_map/psr_aclk/U0'
Finished Parsing XDC File [/home/truongnh/minhphat/30m/debug_link_69460/vpp_temp/link/vivado/vpl/prj/prj.gen/my_rm/bd/ulp/ip/ulp_memory_subsystem_0/bd_4/ip/ip_2/bd_928c_psr_aclk_0_board.xdc] for cell 'level0_i/level1/level1_i/ulp/memory_subsystem/inst/interconnect/interconnect_m00_axi_mem00/inst/clk_map/psr_aclk/U0'
Parsing XDC File [/home/truongnh/minhphat/30m/debug_link_69460/vpp_temp/link/vivado/vpl/prj/prj.gen/my_rm/bd/ulp/ip/ulp_memory_subsystem_0/bd_4/ip/ip_2/bd_928c_psr_aclk_0.xdc] for cell 'level0_i/level1/level1_i/ulp/memory_subsystem/inst/interconnect/interconnect_m00_axi_mem00/inst/clk_map/psr_aclk/U0'
Finished Parsing XDC File [/home/truongnh/minhphat/30m/debug_link_69460/vpp_temp/link/vivado/vpl/prj/prj.gen/my_rm/bd/ulp/ip/ulp_memory_subsystem_0/bd_4/ip/ip_2/bd_928c_psr_aclk_0.xdc] for cell 'level0_i/level1/level1_i/ulp/memory_subsystem/inst/interconnect/interconnect_m00_axi_mem00/inst/clk_map/psr_aclk/U0'
Parsing XDC File [/home/truongnh/minhphat/30m/debug_link_69460/vpp_temp/link/vivado/vpl/prj/prj.gen/my_rm/bd/ulp/ip/ulp_memory_subsystem_0/bd_4/ip/ip_3/bd_928c_psr_aclk1_0_board.xdc] for cell 'level0_i/level1/level1_i/ulp/memory_subsystem/inst/interconnect/interconnect_m00_axi_mem00/inst/clk_map/psr_aclk1/U0'
Finished Parsing XDC File [/home/truongnh/minhphat/30m/debug_link_69460/vpp_temp/link/vivado/vpl/prj/prj.gen/my_rm/bd/ulp/ip/ulp_memory_subsystem_0/bd_4/ip/ip_3/bd_928c_psr_aclk1_0_board.xdc] for cell 'level0_i/level1/level1_i/ulp/memory_subsystem/inst/interconnect/interconnect_m00_axi_mem00/inst/clk_map/psr_aclk1/U0'
Parsing XDC File [/home/truongnh/minhphat/30m/debug_link_69460/vpp_temp/link/vivado/vpl/prj/prj.gen/my_rm/bd/ulp/ip/ulp_memory_subsystem_0/bd_4/ip/ip_3/bd_928c_psr_aclk1_0.xdc] for cell 'level0_i/level1/level1_i/ulp/memory_subsystem/inst/interconnect/interconnect_m00_axi_mem00/inst/clk_map/psr_aclk1/U0'
Finished Parsing XDC File [/home/truongnh/minhphat/30m/debug_link_69460/vpp_temp/link/vivado/vpl/prj/prj.gen/my_rm/bd/ulp/ip/ulp_memory_subsystem_0/bd_4/ip/ip_3/bd_928c_psr_aclk1_0.xdc] for cell 'level0_i/level1/level1_i/ulp/memory_subsystem/inst/interconnect/interconnect_m00_axi_mem00/inst/clk_map/psr_aclk1/U0'
Parsing XDC File [/home/truongnh/minhphat/30m/debug_link_69460/vpp_temp/link/vivado/vpl/prj/prj.gen/my_rm/bd/ulp/ip/ulp_memory_subsystem_0/bd_4/ip/ip_4/bd_928c_psr_aclk2_0_board.xdc] for cell 'level0_i/level1/level1_i/ulp/memory_subsystem/inst/interconnect/interconnect_m00_axi_mem00/inst/clk_map/psr_aclk2/U0'
Finished Parsing XDC File [/home/truongnh/minhphat/30m/debug_link_69460/vpp_temp/link/vivado/vpl/prj/prj.gen/my_rm/bd/ulp/ip/ulp_memory_subsystem_0/bd_4/ip/ip_4/bd_928c_psr_aclk2_0_board.xdc] for cell 'level0_i/level1/level1_i/ulp/memory_subsystem/inst/interconnect/interconnect_m00_axi_mem00/inst/clk_map/psr_aclk2/U0'
Parsing XDC File [/home/truongnh/minhphat/30m/debug_link_69460/vpp_temp/link/vivado/vpl/prj/prj.gen/my_rm/bd/ulp/ip/ulp_memory_subsystem_0/bd_4/ip/ip_4/bd_928c_psr_aclk2_0.xdc] for cell 'level0_i/level1/level1_i/ulp/memory_subsystem/inst/interconnect/interconnect_m00_axi_mem00/inst/clk_map/psr_aclk2/U0'
Finished Parsing XDC File [/home/truongnh/minhphat/30m/debug_link_69460/vpp_temp/link/vivado/vpl/prj/prj.gen/my_rm/bd/ulp/ip/ulp_memory_subsystem_0/bd_4/ip/ip_4/bd_928c_psr_aclk2_0.xdc] for cell 'level0_i/level1/level1_i/ulp/memory_subsystem/inst/interconnect/interconnect_m00_axi_mem00/inst/clk_map/psr_aclk2/U0'
Parsing XDC File [/home/truongnh/minhphat/30m/debug_link_69460/vpp_temp/link/vivado/vpl/prj/prj.gen/my_rm/bd/ulp/ip/ulp_memory_subsystem_0/bd_5/ip/ip_0/bd_2e55_microblaze_I_0.xdc] for cell 'level0_i/level1/level1_i/ulp/memory_subsystem/inst/memory/ddr4_mem00/inst/u_ddr4_mem_intfc/u_ddr_cal_riu/mcs0/inst/microblaze_I/U0'
Finished Parsing XDC File [/home/truongnh/minhphat/30m/debug_link_69460/vpp_temp/link/vivado/vpl/prj/prj.gen/my_rm/bd/ulp/ip/ulp_memory_subsystem_0/bd_5/ip/ip_0/bd_2e55_microblaze_I_0.xdc] for cell 'level0_i/level1/level1_i/ulp/memory_subsystem/inst/memory/ddr4_mem00/inst/u_ddr4_mem_intfc/u_ddr_cal_riu/mcs0/inst/microblaze_I/U0'
Parsing XDC File [/home/truongnh/minhphat/30m/debug_link_69460/vpp_temp/link/vivado/vpl/prj/prj.gen/my_rm/bd/ulp/ip/ulp_memory_subsystem_0/bd_5/ip/ip_1/bd_2e55_rst_0_0_board.xdc] for cell 'level0_i/level1/level1_i/ulp/memory_subsystem/inst/memory/ddr4_mem00/inst/u_ddr4_mem_intfc/u_ddr_cal_riu/mcs0/inst/rst_0/U0'
Finished Parsing XDC File [/home/truongnh/minhphat/30m/debug_link_69460/vpp_temp/link/vivado/vpl/prj/prj.gen/my_rm/bd/ulp/ip/ulp_memory_subsystem_0/bd_5/ip/ip_1/bd_2e55_rst_0_0_board.xdc] for cell 'level0_i/level1/level1_i/ulp/memory_subsystem/inst/memory/ddr4_mem00/inst/u_ddr4_mem_intfc/u_ddr_cal_riu/mcs0/inst/rst_0/U0'
Parsing XDC File [/home/truongnh/minhphat/30m/debug_link_69460/vpp_temp/link/vivado/vpl/prj/prj.gen/my_rm/bd/ulp/ip/ulp_memory_subsystem_0/bd_5/ip/ip_1/bd_2e55_rst_0_0.xdc] for cell 'level0_i/level1/level1_i/ulp/memory_subsystem/inst/memory/ddr4_mem00/inst/u_ddr4_mem_intfc/u_ddr_cal_riu/mcs0/inst/rst_0/U0'
Finished Parsing XDC File [/home/truongnh/minhphat/30m/debug_link_69460/vpp_temp/link/vivado/vpl/prj/prj.gen/my_rm/bd/ulp/ip/ulp_memory_subsystem_0/bd_5/ip/ip_1/bd_2e55_rst_0_0.xdc] for cell 'level0_i/level1/level1_i/ulp/memory_subsystem/inst/memory/ddr4_mem00/inst/u_ddr4_mem_intfc/u_ddr_cal_riu/mcs0/inst/rst_0/U0'
Parsing XDC File [/home/truongnh/minhphat/30m/debug_link_69460/vpp_temp/link/vivado/vpl/prj/prj.gen/my_rm/bd/ulp/ip/ulp_memory_subsystem_0/bd_4/ip/ip_1/bd_928c_psr0_0_board.xdc] for cell 'level0_i/level1/level1_i/ulp/memory_subsystem/inst/interconnect/interconnect_m00_axi_mem00/inst/clk_map/psr0/U0'
Finished Parsing XDC File [/home/truongnh/minhphat/30m/debug_link_69460/vpp_temp/link/vivado/vpl/prj/prj.gen/my_rm/bd/ulp/ip/ulp_memory_subsystem_0/bd_4/ip/ip_1/bd_928c_psr0_0_board.xdc] for cell 'level0_i/level1/level1_i/ulp/memory_subsystem/inst/interconnect/interconnect_m00_axi_mem00/inst/clk_map/psr0/U0'
Parsing XDC File [/home/truongnh/minhphat/30m/debug_link_69460/vpp_temp/link/vivado/vpl/prj/prj.gen/my_rm/bd/ulp/ip/ulp_memory_subsystem_0/bd_5/ip/ip_3/bd_2e55_dlmb_0.xdc] for cell 'level0_i/level1/level1_i/ulp/memory_subsystem/inst/memory/ddr4_mem00/inst/u_ddr4_mem_intfc/u_ddr_cal_riu/mcs0/inst/dlmb/U0'
Finished Parsing XDC File [/home/truongnh/minhphat/30m/debug_link_69460/vpp_temp/link/vivado/vpl/prj/prj.gen/my_rm/bd/ulp/ip/ulp_memory_subsystem_0/bd_5/ip/ip_3/bd_2e55_dlmb_0.xdc] for cell 'level0_i/level1/level1_i/ulp/memory_subsystem/inst/memory/ddr4_mem00/inst/u_ddr4_mem_intfc/u_ddr_cal_riu/mcs0/inst/dlmb/U0'
Parsing XDC File [/home/truongnh/minhphat/30m/debug_link_69460/vpp_temp/link/vivado/vpl/prj/prj.gen/my_rm/bd/ulp/ip/ulp_memory_subsystem_0/bd_5/ip/ip_10/bd_2e55_iomodule_0_0_board.xdc] for cell 'level0_i/level1/level1_i/ulp/memory_subsystem/inst/memory/ddr4_mem00/inst/u_ddr4_mem_intfc/u_ddr_cal_riu/mcs0/inst/iomodule_0/U0'
Finished Parsing XDC File [/home/truongnh/minhphat/30m/debug_link_69460/vpp_temp/link/vivado/vpl/prj/prj.gen/my_rm/bd/ulp/ip/ulp_memory_subsystem_0/bd_5/ip/ip_10/bd_2e55_iomodule_0_0_board.xdc] for cell 'level0_i/level1/level1_i/ulp/memory_subsystem/inst/memory/ddr4_mem00/inst/u_ddr4_mem_intfc/u_ddr_cal_riu/mcs0/inst/iomodule_0/U0'
Parsing XDC File [/home/truongnh/minhphat/30m/debug_link_69460/vpp_temp/link/vivado/vpl/prj/prj.gen/my_rm/bd/ulp/ip/ulp_memory_subsystem_0/bd_0/ip/ip_25/ip_0/bd_b35e_ddr4_mem00_0_microblaze_mcs_board.xdc] for cell 'level0_i/level1/level1_i/ulp/memory_subsystem/inst/memory/ddr4_mem00/inst/u_ddr4_mem_intfc/u_ddr_cal_riu/mcs0/inst'
Finished Parsing XDC File [/home/truongnh/minhphat/30m/debug_link_69460/vpp_temp/link/vivado/vpl/prj/prj.gen/my_rm/bd/ulp/ip/ulp_memory_subsystem_0/bd_0/ip/ip_25/ip_0/bd_b35e_ddr4_mem00_0_microblaze_mcs_board.xdc] for cell 'level0_i/level1/level1_i/ulp/memory_subsystem/inst/memory/ddr4_mem00/inst/u_ddr4_mem_intfc/u_ddr_cal_riu/mcs0/inst'
Parsing XDC File [/home/truongnh/minhphat/30m/debug_link_69460/vpp_temp/link/vivado/vpl/prj/prj.gen/my_rm/bd/ulp/ip/ulp_memory_subsystem_0/bd_0/ip/ip_25/par/bd_b35e_ddr4_mem00_0.xdc] for cell 'level0_i/level1/level1_i/ulp/memory_subsystem/inst/memory/ddr4_mem00/inst'
Finished Parsing XDC File [/home/truongnh/minhphat/30m/debug_link_69460/vpp_temp/link/vivado/vpl/prj/prj.gen/my_rm/bd/ulp/ip/ulp_memory_subsystem_0/bd_0/ip/ip_25/par/bd_b35e_ddr4_mem00_0.xdc] for cell 'level0_i/level1/level1_i/ulp/memory_subsystem/inst/memory/ddr4_mem00/inst'
Parsing XDC File [/home/truongnh/minhphat/30m/debug_link_69460/vpp_temp/link/vivado/vpl/prj/prj.gen/my_rm/bd/ulp/ip/ulp_memory_subsystem_0/bd_0/ip/ip_26/bd_b35e_psr_ddr4_mem00_0_board.xdc] for cell 'level0_i/level1/level1_i/ulp/memory_subsystem/inst/memory/psr_ddr4_mem00/U0'
Finished Parsing XDC File [/home/truongnh/minhphat/30m/debug_link_69460/vpp_temp/link/vivado/vpl/prj/prj.gen/my_rm/bd/ulp/ip/ulp_memory_subsystem_0/bd_0/ip/ip_26/bd_b35e_psr_ddr4_mem00_0_board.xdc] for cell 'level0_i/level1/level1_i/ulp/memory_subsystem/inst/memory/psr_ddr4_mem00/U0'
Parsing XDC File [/home/truongnh/minhphat/30m/debug_link_69460/vpp_temp/link/vivado/vpl/prj/prj.gen/my_rm/bd/ulp/ip/ulp_memory_subsystem_0/bd_0/ip/ip_26/bd_b35e_psr_ddr4_mem00_0.xdc] for cell 'level0_i/level1/level1_i/ulp/memory_subsystem/inst/memory/psr_ddr4_mem00/U0'
Finished Parsing XDC File [/home/truongnh/minhphat/30m/debug_link_69460/vpp_temp/link/vivado/vpl/prj/prj.gen/my_rm/bd/ulp/ip/ulp_memory_subsystem_0/bd_0/ip/ip_26/bd_b35e_psr_ddr4_mem00_0.xdc] for cell 'level0_i/level1/level1_i/ulp/memory_subsystem/inst/memory/psr_ddr4_mem00/U0'
Parsing XDC File [/home/truongnh/minhphat/30m/debug_link_69460/vpp_temp/link/vivado/vpl/prj/prj.gen/my_rm/bd/ulp/ip/ulp_memory_subsystem_0/bd_6/ip/ip_0/bd_7e0c_microblaze_I_0.xdc] for cell 'level0_i/level1/level1_i/ulp/memory_subsystem/inst/memory/ddr4_mem01/inst/u_ddr4_mem_intfc/u_ddr_cal_riu/mcs0/inst/microblaze_I/U0'
Finished Parsing XDC File [/home/truongnh/minhphat/30m/debug_link_69460/vpp_temp/link/vivado/vpl/prj/prj.gen/my_rm/bd/ulp/ip/ulp_memory_subsystem_0/bd_6/ip/ip_0/bd_7e0c_microblaze_I_0.xdc] for cell 'level0_i/level1/level1_i/ulp/memory_subsystem/inst/memory/ddr4_mem01/inst/u_ddr4_mem_intfc/u_ddr_cal_riu/mcs0/inst/microblaze_I/U0'
Parsing XDC File [/home/truongnh/minhphat/30m/debug_link_69460/vpp_temp/link/vivado/vpl/prj/prj.gen/my_rm/bd/ulp/ip/ulp_memory_subsystem_0/bd_6/ip/ip_1/bd_7e0c_rst_0_0_board.xdc] for cell 'level0_i/level1/level1_i/ulp/memory_subsystem/inst/memory/ddr4_mem01/inst/u_ddr4_mem_intfc/u_ddr_cal_riu/mcs0/inst/rst_0/U0'
Finished Parsing XDC File [/home/truongnh/minhphat/30m/debug_link_69460/vpp_temp/link/vivado/vpl/prj/prj.gen/my_rm/bd/ulp/ip/ulp_memory_subsystem_0/bd_6/ip/ip_1/bd_7e0c_rst_0_0_board.xdc] for cell 'level0_i/level1/level1_i/ulp/memory_subsystem/inst/memory/ddr4_mem01/inst/u_ddr4_mem_intfc/u_ddr_cal_riu/mcs0/inst/rst_0/U0'
Parsing XDC File [/home/truongnh/minhphat/30m/debug_link_69460/vpp_temp/link/vivado/vpl/prj/prj.gen/my_rm/bd/ulp/ip/ulp_memory_subsystem_0/bd_6/ip/ip_1/bd_7e0c_rst_0_0.xdc] for cell 'level0_i/level1/level1_i/ulp/memory_subsystem/inst/memory/ddr4_mem01/inst/u_ddr4_mem_intfc/u_ddr_cal_riu/mcs0/inst/rst_0/U0'
Finished Parsing XDC File [/home/truongnh/minhphat/30m/debug_link_69460/vpp_temp/link/vivado/vpl/prj/prj.gen/my_rm/bd/ulp/ip/ulp_memory_subsystem_0/bd_6/ip/ip_1/bd_7e0c_rst_0_0.xdc] for cell 'level0_i/level1/level1_i/ulp/memory_subsystem/inst/memory/ddr4_mem01/inst/u_ddr4_mem_intfc/u_ddr_cal_riu/mcs0/inst/rst_0/U0'
Parsing XDC File [/home/truongnh/minhphat/30m/debug_link_69460/vpp_temp/link/vivado/vpl/prj/prj.gen/my_rm/bd/ulp/ip/ulp_memory_subsystem_0/bd_2/ip/ip_4/bd_3e74_psr_aclk2_0_board.xdc] for cell 'level0_i/level1/level1_i/ulp/memory_subsystem/inst/interconnect/interconnect_ddr4_mem01/inst/clk_map/psr_aclk2/U0'
Finished Parsing XDC File [/home/truongnh/minhphat/30m/debug_link_69460/vpp_temp/link/vivado/vpl/prj/prj.gen/my_rm/bd/ulp/ip/ulp_memory_subsystem_0/bd_2/ip/ip_4/bd_3e74_psr_aclk2_0_board.xdc] for cell 'level0_i/level1/level1_i/ulp/memory_subsystem/inst/interconnect/interconnect_ddr4_mem01/inst/clk_map/psr_aclk2/U0'
Parsing XDC File [/home/truongnh/minhphat/30m/debug_link_69460/vpp_temp/link/vivado/vpl/prj/prj.gen/my_rm/bd/ulp/ip/ulp_memory_subsystem_0/bd_1/ip/ip_3/bd_fe25_psr_aclk1_0_board.xdc] for cell 'level0_i/level1/level1_i/ulp/memory_subsystem/inst/interconnect/interconnect_ddr4_mem00/inst/clk_map/psr_aclk1/U0'
Finished Parsing XDC File [/home/truongnh/minhphat/30m/debug_link_69460/vpp_temp/link/vivado/vpl/prj/prj.gen/my_rm/bd/ulp/ip/ulp_memory_subsystem_0/bd_1/ip/ip_3/bd_fe25_psr_aclk1_0_board.xdc] for cell 'level0_i/level1/level1_i/ulp/memory_subsystem/inst/interconnect/interconnect_ddr4_mem00/inst/clk_map/psr_aclk1/U0'
Parsing XDC File [/home/truongnh/minhphat/30m/debug_link_69460/vpp_temp/link/vivado/vpl/prj/prj.gen/my_rm/bd/ulp/ip/ulp_memory_subsystem_0/bd_1/ip/ip_3/bd_fe25_psr_aclk1_0.xdc] for cell 'level0_i/level1/level1_i/ulp/memory_subsystem/inst/interconnect/interconnect_ddr4_mem00/inst/clk_map/psr_aclk1/U0'
Finished Parsing XDC File [/home/truongnh/minhphat/30m/debug_link_69460/vpp_temp/link/vivado/vpl/prj/prj.gen/my_rm/bd/ulp/ip/ulp_memory_subsystem_0/bd_1/ip/ip_3/bd_fe25_psr_aclk1_0.xdc] for cell 'level0_i/level1/level1_i/ulp/memory_subsystem/inst/interconnect/interconnect_ddr4_mem00/inst/clk_map/psr_aclk1/U0'
Parsing XDC File [/home/truongnh/minhphat/30m/debug_link_69460/vpp_temp/link/vivado/vpl/prj/prj.gen/my_rm/bd/ulp/ip/ulp_memory_subsystem_0/bd_1/ip/ip_4/bd_fe25_psr_aclk2_0_board.xdc] for cell 'level0_i/level1/level1_i/ulp/memory_subsystem/inst/interconnect/interconnect_ddr4_mem00/inst/clk_map/psr_aclk2/U0'
Finished Parsing XDC File [/home/truongnh/minhphat/30m/debug_link_69460/vpp_temp/link/vivado/vpl/prj/prj.gen/my_rm/bd/ulp/ip/ulp_memory_subsystem_0/bd_1/ip/ip_4/bd_fe25_psr_aclk2_0_board.xdc] for cell 'level0_i/level1/level1_i/ulp/memory_subsystem/inst/interconnect/interconnect_ddr4_mem00/inst/clk_map/psr_aclk2/U0'
Parsing XDC File [/home/truongnh/minhphat/30m/debug_link_69460/vpp_temp/link/vivado/vpl/prj/prj.gen/my_rm/bd/ulp/ip/ulp_memory_subsystem_0/bd_1/ip/ip_4/bd_fe25_psr_aclk2_0.xdc] for cell 'level0_i/level1/level1_i/ulp/memory_subsystem/inst/interconnect/interconnect_ddr4_mem00/inst/clk_map/psr_aclk2/U0'
Finished Parsing XDC File [/home/truongnh/minhphat/30m/debug_link_69460/vpp_temp/link/vivado/vpl/prj/prj.gen/my_rm/bd/ulp/ip/ulp_memory_subsystem_0/bd_1/ip/ip_4/bd_fe25_psr_aclk2_0.xdc] for cell 'level0_i/level1/level1_i/ulp/memory_subsystem/inst/interconnect/interconnect_ddr4_mem00/inst/clk_map/psr_aclk2/U0'
Parsing XDC File [/home/truongnh/minhphat/30m/debug_link_69460/vpp_temp/link/vivado/vpl/prj/prj.gen/my_rm/bd/ulp/ip/ulp_memory_subsystem_0/bd_2/ip/ip_1/bd_3e74_psr0_0_board.xdc] for cell 'level0_i/level1/level1_i/ulp/memory_subsystem/inst/interconnect/interconnect_ddr4_mem01/inst/clk_map/psr0/U0'
Finished Parsing XDC File [/home/truongnh/minhphat/30m/debug_link_69460/vpp_temp/link/vivado/vpl/prj/prj.gen/my_rm/bd/ulp/ip/ulp_memory_subsystem_0/bd_2/ip/ip_1/bd_3e74_psr0_0_board.xdc] for cell 'level0_i/level1/level1_i/ulp/memory_subsystem/inst/interconnect/interconnect_ddr4_mem01/inst/clk_map/psr0/U0'
Parsing XDC File [/home/truongnh/minhphat/30m/debug_link_69460/vpp_temp/link/vivado/vpl/prj/prj.gen/my_rm/bd/ulp/ip/ulp_memory_subsystem_0/bd_2/ip/ip_1/bd_3e74_psr0_0.xdc] for cell 'level0_i/level1/level1_i/ulp/memory_subsystem/inst/interconnect/interconnect_ddr4_mem01/inst/clk_map/psr0/U0'
Finished Parsing XDC File [/home/truongnh/minhphat/30m/debug_link_69460/vpp_temp/link/vivado/vpl/prj/prj.gen/my_rm/bd/ulp/ip/ulp_memory_subsystem_0/bd_2/ip/ip_1/bd_3e74_psr0_0.xdc] for cell 'level0_i/level1/level1_i/ulp/memory_subsystem/inst/interconnect/interconnect_ddr4_mem01/inst/clk_map/psr0/U0'
Parsing XDC File [/home/truongnh/minhphat/30m/debug_link_69460/vpp_temp/link/vivado/vpl/prj/prj.gen/my_rm/bd/ulp/ip/ulp_memory_subsystem_0/bd_2/ip/ip_2/bd_3e74_psr_aclk_0_board.xdc] for cell 'level0_i/level1/level1_i/ulp/memory_subsystem/inst/interconnect/interconnect_ddr4_mem01/inst/clk_map/psr_aclk/U0'
Finished Parsing XDC File [/home/truongnh/minhphat/30m/debug_link_69460/vpp_temp/link/vivado/vpl/prj/prj.gen/my_rm/bd/ulp/ip/ulp_memory_subsystem_0/bd_2/ip/ip_2/bd_3e74_psr_aclk_0_board.xdc] for cell 'level0_i/level1/level1_i/ulp/memory_subsystem/inst/interconnect/interconnect_ddr4_mem01/inst/clk_map/psr_aclk/U0'
Parsing XDC File [/home/truongnh/minhphat/30m/debug_link_69460/vpp_temp/link/vivado/vpl/prj/prj.gen/my_rm/bd/ulp/ip/ulp_memory_subsystem_0/bd_2/ip/ip_2/bd_3e74_psr_aclk_0.xdc] for cell 'level0_i/level1/level1_i/ulp/memory_subsystem/inst/interconnect/interconnect_ddr4_mem01/inst/clk_map/psr_aclk/U0'
Finished Parsing XDC File [/home/truongnh/minhphat/30m/debug_link_69460/vpp_temp/link/vivado/vpl/prj/prj.gen/my_rm/bd/ulp/ip/ulp_memory_subsystem_0/bd_2/ip/ip_2/bd_3e74_psr_aclk_0.xdc] for cell 'level0_i/level1/level1_i/ulp/memory_subsystem/inst/interconnect/interconnect_ddr4_mem01/inst/clk_map/psr_aclk/U0'
Parsing XDC File [/home/truongnh/minhphat/30m/debug_link_69460/vpp_temp/link/vivado/vpl/prj/prj.gen/my_rm/bd/ulp/ip/ulp_memory_subsystem_0/bd_2/ip/ip_3/bd_3e74_psr_aclk1_0_board.xdc] for cell 'level0_i/level1/level1_i/ulp/memory_subsystem/inst/interconnect/interconnect_ddr4_mem01/inst/clk_map/psr_aclk1/U0'
Finished Parsing XDC File [/home/truongnh/minhphat/30m/debug_link_69460/vpp_temp/link/vivado/vpl/prj/prj.gen/my_rm/bd/ulp/ip/ulp_memory_subsystem_0/bd_2/ip/ip_3/bd_3e74_psr_aclk1_0_board.xdc] for cell 'level0_i/level1/level1_i/ulp/memory_subsystem/inst/interconnect/interconnect_ddr4_mem01/inst/clk_map/psr_aclk1/U0'
Parsing XDC File [/home/truongnh/minhphat/30m/debug_link_69460/vpp_temp/link/vivado/vpl/prj/prj.gen/my_rm/bd/ulp/ip/ulp_memory_subsystem_0/bd_2/ip/ip_3/bd_3e74_psr_aclk1_0.xdc] for cell 'level0_i/level1/level1_i/ulp/memory_subsystem/inst/interconnect/interconnect_ddr4_mem01/inst/clk_map/psr_aclk1/U0'
Finished Parsing XDC File [/home/truongnh/minhphat/30m/debug_link_69460/vpp_temp/link/vivado/vpl/prj/prj.gen/my_rm/bd/ulp/ip/ulp_memory_subsystem_0/bd_2/ip/ip_3/bd_3e74_psr_aclk1_0.xdc] for cell 'level0_i/level1/level1_i/ulp/memory_subsystem/inst/interconnect/interconnect_ddr4_mem01/inst/clk_map/psr_aclk1/U0'
Parsing XDC File [/home/truongnh/minhphat/30m/debug_link_69460/vpp_temp/link/vivado/vpl/prj/prj.gen/my_rm/bd/ulp/ip/ulp_memory_subsystem_0/bd_6/ip/ip_2/bd_7e0c_ilmb_0.xdc] for cell 'level0_i/level1/level1_i/ulp/memory_subsystem/inst/memory/ddr4_mem01/inst/u_ddr4_mem_intfc/u_ddr_cal_riu/mcs0/inst/ilmb/U0'
Finished Parsing XDC File [/home/truongnh/minhphat/30m/debug_link_69460/vpp_temp/link/vivado/vpl/prj/prj.gen/my_rm/bd/ulp/ip/ulp_memory_subsystem_0/bd_6/ip/ip_2/bd_7e0c_ilmb_0.xdc] for cell 'level0_i/level1/level1_i/ulp/memory_subsystem/inst/memory/ddr4_mem01/inst/u_ddr4_mem_intfc/u_ddr_cal_riu/mcs0/inst/ilmb/U0'
Parsing XDC File [/home/truongnh/minhphat/30m/debug_link_69460/vpp_temp/link/vivado/vpl/prj/prj.gen/my_rm/bd/ulp/ip/ulp_memory_subsystem_0/bd_2/ip/ip_4/bd_3e74_psr_aclk2_0.xdc] for cell 'level0_i/level1/level1_i/ulp/memory_subsystem/inst/interconnect/interconnect_ddr4_mem01/inst/clk_map/psr_aclk2/U0'
Finished Parsing XDC File [/home/truongnh/minhphat/30m/debug_link_69460/vpp_temp/link/vivado/vpl/prj/prj.gen/my_rm/bd/ulp/ip/ulp_memory_subsystem_0/bd_2/ip/ip_4/bd_3e74_psr_aclk2_0.xdc] for cell 'level0_i/level1/level1_i/ulp/memory_subsystem/inst/interconnect/interconnect_ddr4_mem01/inst/clk_map/psr_aclk2/U0'
Parsing XDC File [/home/truongnh/minhphat/30m/debug_link_69460/vpp_temp/link/vivado/vpl/prj/prj.gen/my_rm/bd/ulp/ip/ulp_memory_subsystem_0/bd_3/ip/ip_1/bd_3e84_psr0_0_board.xdc] for cell 'level0_i/level1/level1_i/ulp/memory_subsystem/inst/interconnect/interconnect_ddr4_mem02/inst/clk_map/psr0/U0'
Finished Parsing XDC File [/home/truongnh/minhphat/30m/debug_link_69460/vpp_temp/link/vivado/vpl/prj/prj.gen/my_rm/bd/ulp/ip/ulp_memory_subsystem_0/bd_3/ip/ip_1/bd_3e84_psr0_0_board.xdc] for cell 'level0_i/level1/level1_i/ulp/memory_subsystem/inst/interconnect/interconnect_ddr4_mem02/inst/clk_map/psr0/U0'
Parsing XDC File [/home/truongnh/minhphat/30m/debug_link_69460/vpp_temp/link/vivado/vpl/prj/prj.gen/my_rm/bd/ulp/ip/ulp_memory_subsystem_0/bd_3/ip/ip_1/bd_3e84_psr0_0.xdc] for cell 'level0_i/level1/level1_i/ulp/memory_subsystem/inst/interconnect/interconnect_ddr4_mem02/inst/clk_map/psr0/U0'
Finished Parsing XDC File [/home/truongnh/minhphat/30m/debug_link_69460/vpp_temp/link/vivado/vpl/prj/prj.gen/my_rm/bd/ulp/ip/ulp_memory_subsystem_0/bd_3/ip/ip_1/bd_3e84_psr0_0.xdc] for cell 'level0_i/level1/level1_i/ulp/memory_subsystem/inst/interconnect/interconnect_ddr4_mem02/inst/clk_map/psr0/U0'
Parsing XDC File [/home/truongnh/minhphat/30m/debug_link_69460/vpp_temp/link/vivado/vpl/prj/prj.gen/my_rm/bd/ulp/ip/ulp_memory_subsystem_0/bd_3/ip/ip_2/bd_3e84_psr_aclk_0_board.xdc] for cell 'level0_i/level1/level1_i/ulp/memory_subsystem/inst/interconnect/interconnect_ddr4_mem02/inst/clk_map/psr_aclk/U0'
Finished Parsing XDC File [/home/truongnh/minhphat/30m/debug_link_69460/vpp_temp/link/vivado/vpl/prj/prj.gen/my_rm/bd/ulp/ip/ulp_memory_subsystem_0/bd_3/ip/ip_2/bd_3e84_psr_aclk_0_board.xdc] for cell 'level0_i/level1/level1_i/ulp/memory_subsystem/inst/interconnect/interconnect_ddr4_mem02/inst/clk_map/psr_aclk/U0'
Parsing XDC File [/home/truongnh/minhphat/30m/debug_link_69460/vpp_temp/link/vivado/vpl/prj/prj.gen/my_rm/bd/ulp/ip/ulp_memory_subsystem_0/bd_3/ip/ip_2/bd_3e84_psr_aclk_0.xdc] for cell 'level0_i/level1/level1_i/ulp/memory_subsystem/inst/interconnect/interconnect_ddr4_mem02/inst/clk_map/psr_aclk/U0'
Finished Parsing XDC File [/home/truongnh/minhphat/30m/debug_link_69460/vpp_temp/link/vivado/vpl/prj/prj.gen/my_rm/bd/ulp/ip/ulp_memory_subsystem_0/bd_3/ip/ip_2/bd_3e84_psr_aclk_0.xdc] for cell 'level0_i/level1/level1_i/ulp/memory_subsystem/inst/interconnect/interconnect_ddr4_mem02/inst/clk_map/psr_aclk/U0'
Parsing XDC File [/home/truongnh/minhphat/30m/debug_link_69460/vpp_temp/link/vivado/vpl/prj/prj.gen/my_rm/bd/ulp/ip/ulp_memory_subsystem_0/bd_3/ip/ip_3/bd_3e84_psr_aclk1_0_board.xdc] for cell 'level0_i/level1/level1_i/ulp/memory_subsystem/inst/interconnect/interconnect_ddr4_mem02/inst/clk_map/psr_aclk1/U0'
Finished Parsing XDC File [/home/truongnh/minhphat/30m/debug_link_69460/vpp_temp/link/vivado/vpl/prj/prj.gen/my_rm/bd/ulp/ip/ulp_memory_subsystem_0/bd_3/ip/ip_3/bd_3e84_psr_aclk1_0_board.xdc] for cell 'level0_i/level1/level1_i/ulp/memory_subsystem/inst/interconnect/interconnect_ddr4_mem02/inst/clk_map/psr_aclk1/U0'
Parsing XDC File [/home/truongnh/minhphat/30m/debug_link_69460/vpp_temp/link/vivado/vpl/prj/prj.gen/my_rm/bd/ulp/ip/ulp_memory_subsystem_0/bd_3/ip/ip_3/bd_3e84_psr_aclk1_0.xdc] for cell 'level0_i/level1/level1_i/ulp/memory_subsystem/inst/interconnect/interconnect_ddr4_mem02/inst/clk_map/psr_aclk1/U0'
Finished Parsing XDC File [/home/truongnh/minhphat/30m/debug_link_69460/vpp_temp/link/vivado/vpl/prj/prj.gen/my_rm/bd/ulp/ip/ulp_memory_subsystem_0/bd_3/ip/ip_3/bd_3e84_psr_aclk1_0.xdc] for cell 'level0_i/level1/level1_i/ulp/memory_subsystem/inst/interconnect/interconnect_ddr4_mem02/inst/clk_map/psr_aclk1/U0'
Parsing XDC File [/home/truongnh/minhphat/30m/debug_link_69460/vpp_temp/link/vivado/vpl/prj/prj.gen/my_rm/bd/ulp/ip/ulp_memory_subsystem_0/bd_3/ip/ip_4/bd_3e84_psr_aclk2_0_board.xdc] for cell 'level0_i/level1/level1_i/ulp/memory_subsystem/inst/interconnect/interconnect_ddr4_mem02/inst/clk_map/psr_aclk2/U0'
Finished Parsing XDC File [/home/truongnh/minhphat/30m/debug_link_69460/vpp_temp/link/vivado/vpl/prj/prj.gen/my_rm/bd/ulp/ip/ulp_memory_subsystem_0/bd_3/ip/ip_4/bd_3e84_psr_aclk2_0_board.xdc] for cell 'level0_i/level1/level1_i/ulp/memory_subsystem/inst/interconnect/interconnect_ddr4_mem02/inst/clk_map/psr_aclk2/U0'
Parsing XDC File [/home/truongnh/minhphat/30m/debug_link_69460/vpp_temp/link/vivado/vpl/prj/prj.gen/my_rm/bd/ulp/ip/ulp_memory_subsystem_0/bd_3/ip/ip_4/bd_3e84_psr_aclk2_0.xdc] for cell 'level0_i/level1/level1_i/ulp/memory_subsystem/inst/interconnect/interconnect_ddr4_mem02/inst/clk_map/psr_aclk2/U0'
Finished Parsing XDC File [/home/truongnh/minhphat/30m/debug_link_69460/vpp_temp/link/vivado/vpl/prj/prj.gen/my_rm/bd/ulp/ip/ulp_memory_subsystem_0/bd_3/ip/ip_4/bd_3e84_psr_aclk2_0.xdc] for cell 'level0_i/level1/level1_i/ulp/memory_subsystem/inst/interconnect/interconnect_ddr4_mem02/inst/clk_map/psr_aclk2/U0'
Parsing XDC File [/home/truongnh/minhphat/30m/debug_link_69460/vpp_temp/link/vivado/vpl/prj/prj.gen/my_rm/bd/ulp/ip/ulp_ip_gpio_debug_axi_ctrl_user_03_0/ulp_ip_gpio_debug_axi_ctrl_user_03_0_board.xdc] for cell 'level0_i/level1/level1_i/ulp/ip_gpio_debug_axi_ctrl_user_03/U0'
Finished Parsing XDC File [/home/truongnh/minhphat/30m/debug_link_69460/vpp_temp/link/vivado/vpl/prj/prj.gen/my_rm/bd/ulp/ip/ulp_ip_gpio_debug_axi_ctrl_user_03_0/ulp_ip_gpio_debug_axi_ctrl_user_03_0_board.xdc] for cell 'level0_i/level1/level1_i/ulp/ip_gpio_debug_axi_ctrl_user_03/U0'
Parsing XDC File [/home/truongnh/minhphat/30m/debug_link_69460/vpp_temp/link/vivado/vpl/prj/prj.gen/my_rm/bd/ulp/ip/ulp_ip_gpio_debug_axi_ctrl_mgmt_00_0/ulp_ip_gpio_debug_axi_ctrl_mgmt_00_0_board.xdc] for cell 'level0_i/level1/level1_i/ulp/ip_gpio_debug_axi_ctrl_mgmt_00/U0'
Finished Parsing XDC File [/home/truongnh/minhphat/30m/debug_link_69460/vpp_temp/link/vivado/vpl/prj/prj.gen/my_rm/bd/ulp/ip/ulp_ip_gpio_debug_axi_ctrl_mgmt_00_0/ulp_ip_gpio_debug_axi_ctrl_mgmt_00_0_board.xdc] for cell 'level0_i/level1/level1_i/ulp/ip_gpio_debug_axi_ctrl_mgmt_00/U0'
Parsing XDC File [/home/truongnh/minhphat/30m/debug_link_69460/vpp_temp/link/vivado/vpl/prj/prj.gen/my_rm/bd/ulp/ip/ulp_ip_gpio_debug_axi_ctrl_mgmt_00_0/ulp_ip_gpio_debug_axi_ctrl_mgmt_00_0.xdc] for cell 'level0_i/level1/level1_i/ulp/ip_gpio_debug_axi_ctrl_mgmt_00/U0'
Finished Parsing XDC File [/home/truongnh/minhphat/30m/debug_link_69460/vpp_temp/link/vivado/vpl/prj/prj.gen/my_rm/bd/ulp/ip/ulp_ip_gpio_debug_axi_ctrl_mgmt_00_0/ulp_ip_gpio_debug_axi_ctrl_mgmt_00_0.xdc] for cell 'level0_i/level1/level1_i/ulp/ip_gpio_debug_axi_ctrl_mgmt_00/U0'
Parsing XDC File [/home/truongnh/minhphat/30m/debug_link_69460/vpp_temp/link/vivado/vpl/prj/prj.gen/my_rm/bd/ulp/ip/ulp_ip_gpio_debug_axi_ctrl_mgmt_01_0/ulp_ip_gpio_debug_axi_ctrl_mgmt_01_0_board.xdc] for cell 'level0_i/level1/level1_i/ulp/ip_gpio_debug_axi_ctrl_mgmt_01/U0'
Finished Parsing XDC File [/home/truongnh/minhphat/30m/debug_link_69460/vpp_temp/link/vivado/vpl/prj/prj.gen/my_rm/bd/ulp/ip/ulp_ip_gpio_debug_axi_ctrl_mgmt_01_0/ulp_ip_gpio_debug_axi_ctrl_mgmt_01_0_board.xdc] for cell 'level0_i/level1/level1_i/ulp/ip_gpio_debug_axi_ctrl_mgmt_01/U0'
Parsing XDC File [/home/truongnh/minhphat/30m/debug_link_69460/vpp_temp/link/vivado/vpl/prj/prj.gen/my_rm/bd/ulp/ip/ulp_ip_gpio_debug_axi_ctrl_mgmt_01_0/ulp_ip_gpio_debug_axi_ctrl_mgmt_01_0.xdc] for cell 'level0_i/level1/level1_i/ulp/ip_gpio_debug_axi_ctrl_mgmt_01/U0'
Finished Parsing XDC File [/home/truongnh/minhphat/30m/debug_link_69460/vpp_temp/link/vivado/vpl/prj/prj.gen/my_rm/bd/ulp/ip/ulp_ip_gpio_debug_axi_ctrl_mgmt_01_0/ulp_ip_gpio_debug_axi_ctrl_mgmt_01_0.xdc] for cell 'level0_i/level1/level1_i/ulp/ip_gpio_debug_axi_ctrl_mgmt_01/U0'
Parsing XDC File [/home/truongnh/minhphat/30m/debug_link_69460/vpp_temp/link/vivado/vpl/prj/prj.gen/my_rm/bd/ulp/ip/ulp_ip_gpio_debug_axi_ctrl_user_00_0/ulp_ip_gpio_debug_axi_ctrl_user_00_0_board.xdc] for cell 'level0_i/level1/level1_i/ulp/ip_gpio_debug_axi_ctrl_user_00/U0'
Finished Parsing XDC File [/home/truongnh/minhphat/30m/debug_link_69460/vpp_temp/link/vivado/vpl/prj/prj.gen/my_rm/bd/ulp/ip/ulp_ip_gpio_debug_axi_ctrl_user_00_0/ulp_ip_gpio_debug_axi_ctrl_user_00_0_board.xdc] for cell 'level0_i/level1/level1_i/ulp/ip_gpio_debug_axi_ctrl_user_00/U0'
Parsing XDC File [/home/truongnh/minhphat/30m/debug_link_69460/vpp_temp/link/vivado/vpl/prj/prj.gen/my_rm/bd/ulp/ip/ulp_ip_gpio_debug_axi_ctrl_user_00_0/ulp_ip_gpio_debug_axi_ctrl_user_00_0.xdc] for cell 'level0_i/level1/level1_i/ulp/ip_gpio_debug_axi_ctrl_user_00/U0'
Finished Parsing XDC File [/home/truongnh/minhphat/30m/debug_link_69460/vpp_temp/link/vivado/vpl/prj/prj.gen/my_rm/bd/ulp/ip/ulp_ip_gpio_debug_axi_ctrl_user_00_0/ulp_ip_gpio_debug_axi_ctrl_user_00_0.xdc] for cell 'level0_i/level1/level1_i/ulp/ip_gpio_debug_axi_ctrl_user_00/U0'
Parsing XDC File [/home/truongnh/minhphat/30m/debug_link_69460/vpp_temp/link/vivado/vpl/prj/prj.gen/my_rm/bd/ulp/ip/ulp_ip_gpio_debug_axi_ctrl_user_01_0/ulp_ip_gpio_debug_axi_ctrl_user_01_0_board.xdc] for cell 'level0_i/level1/level1_i/ulp/ip_gpio_debug_axi_ctrl_user_01/U0'
Finished Parsing XDC File [/home/truongnh/minhphat/30m/debug_link_69460/vpp_temp/link/vivado/vpl/prj/prj.gen/my_rm/bd/ulp/ip/ulp_ip_gpio_debug_axi_ctrl_user_01_0/ulp_ip_gpio_debug_axi_ctrl_user_01_0_board.xdc] for cell 'level0_i/level1/level1_i/ulp/ip_gpio_debug_axi_ctrl_user_01/U0'
Parsing XDC File [/home/truongnh/minhphat/30m/debug_link_69460/vpp_temp/link/vivado/vpl/prj/prj.gen/my_rm/bd/ulp/ip/ulp_ip_gpio_debug_axi_ctrl_user_01_0/ulp_ip_gpio_debug_axi_ctrl_user_01_0.xdc] for cell 'level0_i/level1/level1_i/ulp/ip_gpio_debug_axi_ctrl_user_01/U0'
Finished Parsing XDC File [/home/truongnh/minhphat/30m/debug_link_69460/vpp_temp/link/vivado/vpl/prj/prj.gen/my_rm/bd/ulp/ip/ulp_ip_gpio_debug_axi_ctrl_user_01_0/ulp_ip_gpio_debug_axi_ctrl_user_01_0.xdc] for cell 'level0_i/level1/level1_i/ulp/ip_gpio_debug_axi_ctrl_user_01/U0'
Parsing XDC File [/home/truongnh/minhphat/30m/debug_link_69460/vpp_temp/link/vivado/vpl/prj/prj.gen/my_rm/bd/ulp/ip/ulp_ip_gpio_debug_axi_ctrl_user_02_0/ulp_ip_gpio_debug_axi_ctrl_user_02_0_board.xdc] for cell 'level0_i/level1/level1_i/ulp/ip_gpio_debug_axi_ctrl_user_02/U0'
Finished Parsing XDC File [/home/truongnh/minhphat/30m/debug_link_69460/vpp_temp/link/vivado/vpl/prj/prj.gen/my_rm/bd/ulp/ip/ulp_ip_gpio_debug_axi_ctrl_user_02_0/ulp_ip_gpio_debug_axi_ctrl_user_02_0_board.xdc] for cell 'level0_i/level1/level1_i/ulp/ip_gpio_debug_axi_ctrl_user_02/U0'
Parsing XDC File [/home/truongnh/minhphat/30m/debug_link_69460/vpp_temp/link/vivado/vpl/prj/prj.gen/my_rm/bd/ulp/ip/ulp_ip_gpio_debug_axi_ctrl_user_02_0/ulp_ip_gpio_debug_axi_ctrl_user_02_0.xdc] for cell 'level0_i/level1/level1_i/ulp/ip_gpio_debug_axi_ctrl_user_02/U0'
Finished Parsing XDC File [/home/truongnh/minhphat/30m/debug_link_69460/vpp_temp/link/vivado/vpl/prj/prj.gen/my_rm/bd/ulp/ip/ulp_ip_gpio_debug_axi_ctrl_user_02_0/ulp_ip_gpio_debug_axi_ctrl_user_02_0.xdc] for cell 'level0_i/level1/level1_i/ulp/ip_gpio_debug_axi_ctrl_user_02/U0'
Parsing XDC File [/home/truongnh/minhphat/30m/debug_link_69460/vpp_temp/link/vivado/vpl/prj/prj.gen/my_rm/bd/ulp/ip/ulp_ip_gpio_debug_axi_ctrl_user_03_0/ulp_ip_gpio_debug_axi_ctrl_user_03_0.xdc] for cell 'level0_i/level1/level1_i/ulp/ip_gpio_debug_axi_ctrl_user_03/U0'
Finished Parsing XDC File [/home/truongnh/minhphat/30m/debug_link_69460/vpp_temp/link/vivado/vpl/prj/prj.gen/my_rm/bd/ulp/ip/ulp_ip_gpio_debug_axi_ctrl_user_03_0/ulp_ip_gpio_debug_axi_ctrl_user_03_0.xdc] for cell 'level0_i/level1/level1_i/ulp/ip_gpio_debug_axi_ctrl_user_03/U0'
Parsing XDC File [/home/truongnh/minhphat/30m/debug_link_69460/vpp_temp/link/vivado/vpl/prj/prj.gen/my_rm/bd/ulp/ip/ulp_ip_gpio_debug_axi_ctrl_user_debug_00_0/ulp_ip_gpio_debug_axi_ctrl_user_debug_00_0_board.xdc] for cell 'level0_i/level1/level1_i/ulp/ip_gpio_debug_axi_ctrl_user_debug_00/U0'
Finished Parsing XDC File [/home/truongnh/minhphat/30m/debug_link_69460/vpp_temp/link/vivado/vpl/prj/prj.gen/my_rm/bd/ulp/ip/ulp_ip_gpio_debug_axi_ctrl_user_debug_00_0/ulp_ip_gpio_debug_axi_ctrl_user_debug_00_0_board.xdc] for cell 'level0_i/level1/level1_i/ulp/ip_gpio_debug_axi_ctrl_user_debug_00/U0'
Parsing XDC File [/home/truongnh/minhphat/30m/debug_link_69460/vpp_temp/link/vivado/vpl/prj/prj.gen/my_rm/bd/ulp/ip/ulp_ip_gpio_debug_axi_ctrl_user_debug_00_0/ulp_ip_gpio_debug_axi_ctrl_user_debug_00_0.xdc] for cell 'level0_i/level1/level1_i/ulp/ip_gpio_debug_axi_ctrl_user_debug_00/U0'
Finished Parsing XDC File [/home/truongnh/minhphat/30m/debug_link_69460/vpp_temp/link/vivado/vpl/prj/prj.gen/my_rm/bd/ulp/ip/ulp_ip_gpio_debug_axi_ctrl_user_debug_00_0/ulp_ip_gpio_debug_axi_ctrl_user_debug_00_0.xdc] for cell 'level0_i/level1/level1_i/ulp/ip_gpio_debug_axi_ctrl_user_debug_00/U0'
Parsing XDC File [/home/truongnh/minhphat/30m/debug_link_69460/vpp_temp/link/vivado/vpl/prj/prj.gen/my_rm/bd/ulp/ip/ulp_ip_gpio_debug_axi_data_h2c_01_0/ulp_ip_gpio_debug_axi_data_h2c_01_0_board.xdc] for cell 'level0_i/level1/level1_i/ulp/ip_gpio_debug_axi_data_h2c_01/U0'
Finished Parsing XDC File [/home/truongnh/minhphat/30m/debug_link_69460/vpp_temp/link/vivado/vpl/prj/prj.gen/my_rm/bd/ulp/ip/ulp_ip_gpio_debug_axi_data_h2c_01_0/ulp_ip_gpio_debug_axi_data_h2c_01_0_board.xdc] for cell 'level0_i/level1/level1_i/ulp/ip_gpio_debug_axi_data_h2c_01/U0'
Parsing XDC File [/home/truongnh/minhphat/30m/debug_link_69460/vpp_temp/link/vivado/vpl/prj/prj.gen/my_rm/bd/ulp/ip/ulp_ip_gpio_debug_axi_data_h2c_01_0/ulp_ip_gpio_debug_axi_data_h2c_01_0.xdc] for cell 'level0_i/level1/level1_i/ulp/ip_gpio_debug_axi_data_h2c_01/U0'
Finished Parsing XDC File [/home/truongnh/minhphat/30m/debug_link_69460/vpp_temp/link/vivado/vpl/prj/prj.gen/my_rm/bd/ulp/ip/ulp_ip_gpio_debug_axi_data_h2c_01_0/ulp_ip_gpio_debug_axi_data_h2c_01_0.xdc] for cell 'level0_i/level1/level1_i/ulp/ip_gpio_debug_axi_data_h2c_01/U0'
Parsing XDC File [/home/truongnh/minhphat/30m/debug_link_69460/vpp_temp/link/vivado/vpl/prj/prj.gen/my_rm/bd/ulp/ip/ulp_clk_wiz_0/ulp_clk_wiz_0_board.xdc] for cell 'level0_i/level1/level1_i/ulp/clk_wiz/inst'
Finished Parsing XDC File [/home/truongnh/minhphat/30m/debug_link_69460/vpp_temp/link/vivado/vpl/prj/prj.gen/my_rm/bd/ulp/ip/ulp_clk_wiz_0/ulp_clk_wiz_0_board.xdc] for cell 'level0_i/level1/level1_i/ulp/clk_wiz/inst'
Parsing XDC File [/home/truongnh/minhphat/30m/debug_link_69460/vpp_temp/link/vivado/vpl/prj/prj.gen/my_rm/bd/ulp/ip/ulp_clk_wiz_0/ulp_clk_wiz_0.xdc] for cell 'level0_i/level1/level1_i/ulp/clk_wiz/inst'
INFO: [Timing 38-35] Done setting XDC timing constraints. [/home/truongnh/minhphat/30m/debug_link_69460/vpp_temp/link/vivado/vpl/prj/prj.gen/my_rm/bd/ulp/ip/ulp_clk_wiz_0/ulp_clk_wiz_0.xdc:57]
INFO: [Timing 38-2] Deriving generated clocks [/home/truongnh/minhphat/30m/debug_link_69460/vpp_temp/link/vivado/vpl/prj/prj.gen/my_rm/bd/ulp/ip/ulp_clk_wiz_0/ulp_clk_wiz_0.xdc:57]
get_clocks: Time (s): cpu = 00:08:06 ; elapsed = 00:02:44 . Memory (MB): peak = 17911.004 ; gain = 5083.211 ; free physical = 82810 ; free virtual = 109065
Finished Parsing XDC File [/home/truongnh/minhphat/30m/debug_link_69460/vpp_temp/link/vivado/vpl/prj/prj.gen/my_rm/bd/ulp/ip/ulp_clk_wiz_0/ulp_clk_wiz_0.xdc] for cell 'level0_i/level1/level1_i/ulp/clk_wiz/inst'
Parsing XDC File [/home/truongnh/minhphat/30m/debug_link_69460/vpp_temp/link/vivado/vpl/prj/prj.gen/my_rm/bd/ulp/ip/ulp_rst_clk_wiz_200M_0/ulp_rst_clk_wiz_200M_0_board.xdc] for cell 'level0_i/level1/level1_i/ulp/rst_clk_wiz_200M/U0'
Finished Parsing XDC File [/home/truongnh/minhphat/30m/debug_link_69460/vpp_temp/link/vivado/vpl/prj/prj.gen/my_rm/bd/ulp/ip/ulp_rst_clk_wiz_200M_0/ulp_rst_clk_wiz_200M_0_board.xdc] for cell 'level0_i/level1/level1_i/ulp/rst_clk_wiz_200M/U0'
Parsing XDC File [/home/truongnh/minhphat/30m/debug_link_69460/vpp_temp/link/vivado/vpl/prj/prj.gen/my_rm/bd/ulp/ip/ulp_rst_clk_wiz_200M_0/ulp_rst_clk_wiz_200M_0.xdc] for cell 'level0_i/level1/level1_i/ulp/rst_clk_wiz_200M/U0'
Finished Parsing XDC File [/home/truongnh/minhphat/30m/debug_link_69460/vpp_temp/link/vivado/vpl/prj/prj.gen/my_rm/bd/ulp/ip/ulp_rst_clk_wiz_200M_0/ulp_rst_clk_wiz_200M_0.xdc] for cell 'level0_i/level1/level1_i/ulp/rst_clk_wiz_200M/U0'
Parsing XDC File [/home/truongnh/minhphat/30m/debug_link_69460/vpp_temp/link/vivado/vpl/prj/prj.gen/my_rm/bd/ulp/ip/ulp_memory_subsystem_0/bd_7/ip/ip_2/bd_8ee7_ilmb_0.xdc] for cell 'level0_i/level1/level1_i/ulp/memory_subsystem/inst/memory/ddr4_mem02/inst/u_ddr4_mem_intfc/u_ddr_cal_riu/mcs0/inst/ilmb/U0'
Finished Parsing XDC File [/home/truongnh/minhphat/30m/debug_link_69460/vpp_temp/link/vivado/vpl/prj/prj.gen/my_rm/bd/ulp/ip/ulp_memory_subsystem_0/bd_7/ip/ip_2/bd_8ee7_ilmb_0.xdc] for cell 'level0_i/level1/level1_i/ulp/memory_subsystem/inst/memory/ddr4_mem02/inst/u_ddr4_mem_intfc/u_ddr_cal_riu/mcs0/inst/ilmb/U0'
Parsing XDC File [/home/truongnh/minhphat/30m/debug_link_69460/vpp_temp/link/vivado/vpl/prj/prj.gen/my_rm/bd/ulp/ip/ulp_memory_subsystem_0/bd_6/ip/ip_3/bd_7e0c_dlmb_0.xdc] for cell 'level0_i/level1/level1_i/ulp/memory_subsystem/inst/memory/ddr4_mem01/inst/u_ddr4_mem_intfc/u_ddr_cal_riu/mcs0/inst/dlmb/U0'
Finished Parsing XDC File [/home/truongnh/minhphat/30m/debug_link_69460/vpp_temp/link/vivado/vpl/prj/prj.gen/my_rm/bd/ulp/ip/ulp_memory_subsystem_0/bd_6/ip/ip_3/bd_7e0c_dlmb_0.xdc] for cell 'level0_i/level1/level1_i/ulp/memory_subsystem/inst/memory/ddr4_mem01/inst/u_ddr4_mem_intfc/u_ddr_cal_riu/mcs0/inst/dlmb/U0'
Parsing XDC File [/home/truongnh/minhphat/30m/debug_link_69460/vpp_temp/link/vivado/vpl/prj/prj.gen/my_rm/bd/ulp/ip/ulp_memory_subsystem_0/bd_6/ip/ip_10/bd_7e0c_iomodule_0_0_board.xdc] for cell 'level0_i/level1/level1_i/ulp/memory_subsystem/inst/memory/ddr4_mem01/inst/u_ddr4_mem_intfc/u_ddr_cal_riu/mcs0/inst/iomodule_0/U0'
Finished Parsing XDC File [/home/truongnh/minhphat/30m/debug_link_69460/vpp_temp/link/vivado/vpl/prj/prj.gen/my_rm/bd/ulp/ip/ulp_memory_subsystem_0/bd_6/ip/ip_10/bd_7e0c_iomodule_0_0_board.xdc] for cell 'level0_i/level1/level1_i/ulp/memory_subsystem/inst/memory/ddr4_mem01/inst/u_ddr4_mem_intfc/u_ddr_cal_riu/mcs0/inst/iomodule_0/U0'
Parsing XDC File [/home/truongnh/minhphat/30m/debug_link_69460/vpp_temp/link/vivado/vpl/prj/prj.gen/my_rm/bd/ulp/ip/ulp_memory_subsystem_0/bd_0/ip/ip_29/ip_0/bd_b35e_ddr4_mem01_0_microblaze_mcs_board.xdc] for cell 'level0_i/level1/level1_i/ulp/memory_subsystem/inst/memory/ddr4_mem01/inst/u_ddr4_mem_intfc/u_ddr_cal_riu/mcs0/inst'
Finished Parsing XDC File [/home/truongnh/minhphat/30m/debug_link_69460/vpp_temp/link/vivado/vpl/prj/prj.gen/my_rm/bd/ulp/ip/ulp_memory_subsystem_0/bd_0/ip/ip_29/ip_0/bd_b35e_ddr4_mem01_0_microblaze_mcs_board.xdc] for cell 'level0_i/level1/level1_i/ulp/memory_subsystem/inst/memory/ddr4_mem01/inst/u_ddr4_mem_intfc/u_ddr_cal_riu/mcs0/inst'
Parsing XDC File [/home/truongnh/minhphat/30m/debug_link_69460/vpp_temp/link/vivado/vpl/prj/prj.gen/my_rm/bd/ulp/ip/ulp_memory_subsystem_0/bd_0/ip/ip_29/par/bd_b35e_ddr4_mem01_0.xdc] for cell 'level0_i/level1/level1_i/ulp/memory_subsystem/inst/memory/ddr4_mem01/inst'
Finished Parsing XDC File [/home/truongnh/minhphat/30m/debug_link_69460/vpp_temp/link/vivado/vpl/prj/prj.gen/my_rm/bd/ulp/ip/ulp_memory_subsystem_0/bd_0/ip/ip_29/par/bd_b35e_ddr4_mem01_0.xdc] for cell 'level0_i/level1/level1_i/ulp/memory_subsystem/inst/memory/ddr4_mem01/inst'
Parsing XDC File [/home/truongnh/minhphat/30m/debug_link_69460/vpp_temp/link/vivado/vpl/prj/prj.gen/my_rm/bd/ulp/ip/ulp_memory_subsystem_0/bd_0/ip/ip_30/bd_b35e_psr_ddr4_mem01_0_board.xdc] for cell 'level0_i/level1/level1_i/ulp/memory_subsystem/inst/memory/psr_ddr4_mem01/U0'
Finished Parsing XDC File [/home/truongnh/minhphat/30m/debug_link_69460/vpp_temp/link/vivado/vpl/prj/prj.gen/my_rm/bd/ulp/ip/ulp_memory_subsystem_0/bd_0/ip/ip_30/bd_b35e_psr_ddr4_mem01_0_board.xdc] for cell 'level0_i/level1/level1_i/ulp/memory_subsystem/inst/memory/psr_ddr4_mem01/U0'
Parsing XDC File [/home/truongnh/minhphat/30m/debug_link_69460/vpp_temp/link/vivado/vpl/prj/prj.gen/my_rm/bd/ulp/ip/ulp_memory_subsystem_0/bd_0/ip/ip_30/bd_b35e_psr_ddr4_mem01_0.xdc] for cell 'level0_i/level1/level1_i/ulp/memory_subsystem/inst/memory/psr_ddr4_mem01/U0'
Finished Parsing XDC File [/home/truongnh/minhphat/30m/debug_link_69460/vpp_temp/link/vivado/vpl/prj/prj.gen/my_rm/bd/ulp/ip/ulp_memory_subsystem_0/bd_0/ip/ip_30/bd_b35e_psr_ddr4_mem01_0.xdc] for cell 'level0_i/level1/level1_i/ulp/memory_subsystem/inst/memory/psr_ddr4_mem01/U0'
Parsing XDC File [/home/truongnh/minhphat/30m/debug_link_69460/vpp_temp/link/vivado/vpl/prj/prj.gen/my_rm/bd/ulp/ip/ulp_memory_subsystem_0/bd_7/ip/ip_0/bd_8ee7_microblaze_I_0.xdc] for cell 'level0_i/level1/level1_i/ulp/memory_subsystem/inst/memory/ddr4_mem02/inst/u_ddr4_mem_intfc/u_ddr_cal_riu/mcs0/inst/microblaze_I/U0'
Finished Parsing XDC File [/home/truongnh/minhphat/30m/debug_link_69460/vpp_temp/link/vivado/vpl/prj/prj.gen/my_rm/bd/ulp/ip/ulp_memory_subsystem_0/bd_7/ip/ip_0/bd_8ee7_microblaze_I_0.xdc] for cell 'level0_i/level1/level1_i/ulp/memory_subsystem/inst/memory/ddr4_mem02/inst/u_ddr4_mem_intfc/u_ddr_cal_riu/mcs0/inst/microblaze_I/U0'
Parsing XDC File [/home/truongnh/minhphat/30m/debug_link_69460/vpp_temp/link/vivado/vpl/prj/prj.gen/my_rm/bd/ulp/ip/ulp_memory_subsystem_0/bd_7/ip/ip_1/bd_8ee7_rst_0_0_board.xdc] for cell 'level0_i/level1/level1_i/ulp/memory_subsystem/inst/memory/ddr4_mem02/inst/u_ddr4_mem_intfc/u_ddr_cal_riu/mcs0/inst/rst_0/U0'
Finished Parsing XDC File [/home/truongnh/minhphat/30m/debug_link_69460/vpp_temp/link/vivado/vpl/prj/prj.gen/my_rm/bd/ulp/ip/ulp_memory_subsystem_0/bd_7/ip/ip_1/bd_8ee7_rst_0_0_board.xdc] for cell 'level0_i/level1/level1_i/ulp/memory_subsystem/inst/memory/ddr4_mem02/inst/u_ddr4_mem_intfc/u_ddr_cal_riu/mcs0/inst/rst_0/U0'
Parsing XDC File [/home/truongnh/minhphat/30m/debug_link_69460/vpp_temp/link/vivado/vpl/prj/prj.gen/my_rm/bd/ulp/ip/ulp_memory_subsystem_0/bd_7/ip/ip_1/bd_8ee7_rst_0_0.xdc] for cell 'level0_i/level1/level1_i/ulp/memory_subsystem/inst/memory/ddr4_mem02/inst/u_ddr4_mem_intfc/u_ddr_cal_riu/mcs0/inst/rst_0/U0'
Finished Parsing XDC File [/home/truongnh/minhphat/30m/debug_link_69460/vpp_temp/link/vivado/vpl/prj/prj.gen/my_rm/bd/ulp/ip/ulp_memory_subsystem_0/bd_7/ip/ip_1/bd_8ee7_rst_0_0.xdc] for cell 'level0_i/level1/level1_i/ulp/memory_subsystem/inst/memory/ddr4_mem02/inst/u_ddr4_mem_intfc/u_ddr_cal_riu/mcs0/inst/rst_0/U0'
Parsing XDC File [/home/truongnh/minhphat/30m/debug_link_69460/vpp_temp/link/vivado/vpl/prj/prj.gen/my_rm/bd/ulp/ip/ulp_memory_subsystem_0/bd_1/ip/ip_2/bd_fe25_psr_aclk_0.xdc] for cell 'level0_i/level1/level1_i/ulp/memory_subsystem/inst/interconnect/interconnect_ddr4_mem00/inst/clk_map/psr_aclk/U0'
Finished Parsing XDC File [/home/truongnh/minhphat/30m/debug_link_69460/vpp_temp/link/vivado/vpl/prj/prj.gen/my_rm/bd/ulp/ip/ulp_memory_subsystem_0/bd_1/ip/ip_2/bd_fe25_psr_aclk_0.xdc] for cell 'level0_i/level1/level1_i/ulp/memory_subsystem/inst/interconnect/interconnect_ddr4_mem00/inst/clk_map/psr_aclk/U0'
Parsing XDC File [/home/truongnh/minhphat/30m/debug_link_69460/vpp_temp/link/vivado/vpl/prj/prj.gen/my_rm/bd/ulp/ip/ulp_memory_subsystem_0/bd_7/ip/ip_3/bd_8ee7_dlmb_0.xdc] for cell 'level0_i/level1/level1_i/ulp/memory_subsystem/inst/memory/ddr4_mem02/inst/u_ddr4_mem_intfc/u_ddr_cal_riu/mcs0/inst/dlmb/U0'
Finished Parsing XDC File [/home/truongnh/minhphat/30m/debug_link_69460/vpp_temp/link/vivado/vpl/prj/prj.gen/my_rm/bd/ulp/ip/ulp_memory_subsystem_0/bd_7/ip/ip_3/bd_8ee7_dlmb_0.xdc] for cell 'level0_i/level1/level1_i/ulp/memory_subsystem/inst/memory/ddr4_mem02/inst/u_ddr4_mem_intfc/u_ddr_cal_riu/mcs0/inst/dlmb/U0'
Parsing XDC File [/home/truongnh/minhphat/30m/debug_link_69460/vpp_temp/link/vivado/vpl/prj/prj.gen/my_rm/bd/ulp/ip/ulp_memory_subsystem_0/bd_7/ip/ip_10/bd_8ee7_iomodule_0_0_board.xdc] for cell 'level0_i/level1/level1_i/ulp/memory_subsystem/inst/memory/ddr4_mem02/inst/u_ddr4_mem_intfc/u_ddr_cal_riu/mcs0/inst/iomodule_0/U0'
Finished Parsing XDC File [/home/truongnh/minhphat/30m/debug_link_69460/vpp_temp/link/vivado/vpl/prj/prj.gen/my_rm/bd/ulp/ip/ulp_memory_subsystem_0/bd_7/ip/ip_10/bd_8ee7_iomodule_0_0_board.xdc] for cell 'level0_i/level1/level1_i/ulp/memory_subsystem/inst/memory/ddr4_mem02/inst/u_ddr4_mem_intfc/u_ddr_cal_riu/mcs0/inst/iomodule_0/U0'
Parsing XDC File [/home/truongnh/minhphat/30m/debug_link_69460/vpp_temp/link/vivado/vpl/prj/prj.gen/my_rm/bd/ulp/ip/ulp_memory_subsystem_0/bd_0/ip/ip_33/ip_0/bd_b35e_ddr4_mem02_0_microblaze_mcs_board.xdc] for cell 'level0_i/level1/level1_i/ulp/memory_subsystem/inst/memory/ddr4_mem02/inst/u_ddr4_mem_intfc/u_ddr_cal_riu/mcs0/inst'
Finished Parsing XDC File [/home/truongnh/minhphat/30m/debug_link_69460/vpp_temp/link/vivado/vpl/prj/prj.gen/my_rm/bd/ulp/ip/ulp_memory_subsystem_0/bd_0/ip/ip_33/ip_0/bd_b35e_ddr4_mem02_0_microblaze_mcs_board.xdc] for cell 'level0_i/level1/level1_i/ulp/memory_subsystem/inst/memory/ddr4_mem02/inst/u_ddr4_mem_intfc/u_ddr_cal_riu/mcs0/inst'
Parsing XDC File [/home/truongnh/minhphat/30m/debug_link_69460/vpp_temp/link/vivado/vpl/prj/prj.gen/my_rm/bd/ulp/ip/ulp_memory_subsystem_0/bd_0/ip/ip_33/par/bd_b35e_ddr4_mem02_0.xdc] for cell 'level0_i/level1/level1_i/ulp/memory_subsystem/inst/memory/ddr4_mem02/inst'
Finished Parsing XDC File [/home/truongnh/minhphat/30m/debug_link_69460/vpp_temp/link/vivado/vpl/prj/prj.gen/my_rm/bd/ulp/ip/ulp_memory_subsystem_0/bd_0/ip/ip_33/par/bd_b35e_ddr4_mem02_0.xdc] for cell 'level0_i/level1/level1_i/ulp/memory_subsystem/inst/memory/ddr4_mem02/inst'
Parsing XDC File [/home/truongnh/minhphat/30m/debug_link_69460/vpp_temp/link/vivado/vpl/prj/prj.gen/my_rm/bd/ulp/ip/ulp_memory_subsystem_0/bd_0/ip/ip_34/bd_b35e_psr_ddr4_mem02_0_board.xdc] for cell 'level0_i/level1/level1_i/ulp/memory_subsystem/inst/memory/psr_ddr4_mem02/U0'
Finished Parsing XDC File [/home/truongnh/minhphat/30m/debug_link_69460/vpp_temp/link/vivado/vpl/prj/prj.gen/my_rm/bd/ulp/ip/ulp_memory_subsystem_0/bd_0/ip/ip_34/bd_b35e_psr_ddr4_mem02_0_board.xdc] for cell 'level0_i/level1/level1_i/ulp/memory_subsystem/inst/memory/psr_ddr4_mem02/U0'
Parsing XDC File [/home/truongnh/minhphat/30m/debug_link_69460/vpp_temp/link/vivado/vpl/prj/prj.gen/my_rm/bd/ulp/ip/ulp_memory_subsystem_0/bd_0/ip/ip_34/bd_b35e_psr_ddr4_mem02_0.xdc] for cell 'level0_i/level1/level1_i/ulp/memory_subsystem/inst/memory/psr_ddr4_mem02/U0'
Finished Parsing XDC File [/home/truongnh/minhphat/30m/debug_link_69460/vpp_temp/link/vivado/vpl/prj/prj.gen/my_rm/bd/ulp/ip/ulp_memory_subsystem_0/bd_0/ip/ip_34/bd_b35e_psr_ddr4_mem02_0.xdc] for cell 'level0_i/level1/level1_i/ulp/memory_subsystem/inst/memory/psr_ddr4_mem02/U0'
Parsing XDC File [/home/truongnh/minhphat/30m/debug_link_69460/vpp_temp/link/vivado/vpl/prj/prj.gen/my_rm/bd/ulp/ip/ulp_memory_subsystem_0/bd_0/ip/ip_20/bd_b35e_psr_ctrl_interconnect_0_board.xdc] for cell 'level0_i/level1/level1_i/ulp/memory_subsystem/inst/memory/psr_ctrl_interconnect/U0'
Finished Parsing XDC File [/home/truongnh/minhphat/30m/debug_link_69460/vpp_temp/link/vivado/vpl/prj/prj.gen/my_rm/bd/ulp/ip/ulp_memory_subsystem_0/bd_0/ip/ip_20/bd_b35e_psr_ctrl_interconnect_0_board.xdc] for cell 'level0_i/level1/level1_i/ulp/memory_subsystem/inst/memory/psr_ctrl_interconnect/U0'
Parsing XDC File [/home/truongnh/minhphat/30m/debug_link_69460/vpp_temp/link/vivado/vpl/prj/prj.gen/my_rm/bd/ulp/ip/ulp_memory_subsystem_0/bd_0/ip/ip_20/bd_b35e_psr_ctrl_interconnect_0.xdc] for cell 'level0_i/level1/level1_i/ulp/memory_subsystem/inst/memory/psr_ctrl_interconnect/U0'
Finished Parsing XDC File [/home/truongnh/minhphat/30m/debug_link_69460/vpp_temp/link/vivado/vpl/prj/prj.gen/my_rm/bd/ulp/ip/ulp_memory_subsystem_0/bd_0/ip/ip_20/bd_b35e_psr_ctrl_interconnect_0.xdc] for cell 'level0_i/level1/level1_i/ulp/memory_subsystem/inst/memory/psr_ctrl_interconnect/U0'
Parsing XDC File [/home/truongnh/minhphat/30m/debug_link_69460/vpp_temp/link/vivado/vpl/prj/prj.gen/my_rm/bd/ulp/ip/ulp_ip_db_axi2bscan_user_00_0/bd_0/ip/ip_2/constraints/bs_switch.xdc] for cell 'level0_i/level1/level1_i/ulp/ip_db_axi2bscan_user_00/inst/bs_switch_1/inst'
Finished Parsing XDC File [/home/truongnh/minhphat/30m/debug_link_69460/vpp_temp/link/vivado/vpl/prj/prj.gen/my_rm/bd/ulp/ip/ulp_ip_db_axi2bscan_user_00_0/bd_0/ip/ip_2/constraints/bs_switch.xdc] for cell 'level0_i/level1/level1_i/ulp/ip_db_axi2bscan_user_00/inst/bs_switch_1/inst'
Parsing XDC File [/home/truongnh/minhphat/30m/debug_link_69460/vpp_temp/link/vivado/vpl/prj/prj.gen/my_rm/bd/ulp/ip/ulp_ip_psr_aresetn_kernel_01_slr0_0/ulp_ip_psr_aresetn_kernel_01_slr0_0_board.xdc] for cell 'level0_i/level1/level1_i/ulp/ip_psr_aresetn_kernel_01_slr0/U0'
Finished Parsing XDC File [/home/truongnh/minhphat/30m/debug_link_69460/vpp_temp/link/vivado/vpl/prj/prj.gen/my_rm/bd/ulp/ip/ulp_ip_psr_aresetn_kernel_01_slr0_0/ulp_ip_psr_aresetn_kernel_01_slr0_0_board.xdc] for cell 'level0_i/level1/level1_i/ulp/ip_psr_aresetn_kernel_01_slr0/U0'
Parsing XDC File [/home/truongnh/minhphat/30m/debug_link_69460/vpp_temp/link/vivado/vpl/prj/prj.gen/my_rm/bd/ulp/ip/ulp_ip_psr_aresetn_ctrl_slr3_0/ulp_ip_psr_aresetn_ctrl_slr3_0_board.xdc] for cell 'level0_i/level1/level1_i/ulp/ip_psr_aresetn_ctrl_slr3/U0'
Finished Parsing XDC File [/home/truongnh/minhphat/30m/debug_link_69460/vpp_temp/link/vivado/vpl/prj/prj.gen/my_rm/bd/ulp/ip/ulp_ip_psr_aresetn_ctrl_slr3_0/ulp_ip_psr_aresetn_ctrl_slr3_0_board.xdc] for cell 'level0_i/level1/level1_i/ulp/ip_psr_aresetn_ctrl_slr3/U0'
Parsing XDC File [/home/truongnh/minhphat/30m/debug_link_69460/vpp_temp/link/vivado/vpl/prj/prj.gen/my_rm/bd/ulp/ip/ulp_ip_psr_aresetn_ctrl_slr3_0/ulp_ip_psr_aresetn_ctrl_slr3_0.xdc] for cell 'level0_i/level1/level1_i/ulp/ip_psr_aresetn_ctrl_slr3/U0'
Finished Parsing XDC File [/home/truongnh/minhphat/30m/debug_link_69460/vpp_temp/link/vivado/vpl/prj/prj.gen/my_rm/bd/ulp/ip/ulp_ip_psr_aresetn_ctrl_slr3_0/ulp_ip_psr_aresetn_ctrl_slr3_0.xdc] for cell 'level0_i/level1/level1_i/ulp/ip_psr_aresetn_ctrl_slr3/U0'
Parsing XDC File [/home/truongnh/minhphat/30m/debug_link_69460/vpp_temp/link/vivado/vpl/prj/prj.gen/my_rm/bd/ulp/ip/ulp_ip_psr_aresetn_kernel_00_slr0_0/ulp_ip_psr_aresetn_kernel_00_slr0_0_board.xdc] for cell 'level0_i/level1/level1_i/ulp/ip_psr_aresetn_kernel_00_slr0/U0'
Finished Parsing XDC File [/home/truongnh/minhphat/30m/debug_link_69460/vpp_temp/link/vivado/vpl/prj/prj.gen/my_rm/bd/ulp/ip/ulp_ip_psr_aresetn_kernel_00_slr0_0/ulp_ip_psr_aresetn_kernel_00_slr0_0_board.xdc] for cell 'level0_i/level1/level1_i/ulp/ip_psr_aresetn_kernel_00_slr0/U0'
Parsing XDC File [/home/truongnh/minhphat/30m/debug_link_69460/vpp_temp/link/vivado/vpl/prj/prj.gen/my_rm/bd/ulp/ip/ulp_ip_psr_aresetn_kernel_00_slr0_0/ulp_ip_psr_aresetn_kernel_00_slr0_0.xdc] for cell 'level0_i/level1/level1_i/ulp/ip_psr_aresetn_kernel_00_slr0/U0'
Finished Parsing XDC File [/home/truongnh/minhphat/30m/debug_link_69460/vpp_temp/link/vivado/vpl/prj/prj.gen/my_rm/bd/ulp/ip/ulp_ip_psr_aresetn_kernel_00_slr0_0/ulp_ip_psr_aresetn_kernel_00_slr0_0.xdc] for cell 'level0_i/level1/level1_i/ulp/ip_psr_aresetn_kernel_00_slr0/U0'
Parsing XDC File [/home/truongnh/minhphat/30m/debug_link_69460/vpp_temp/link/vivado/vpl/prj/prj.gen/my_rm/bd/ulp/ip/ulp_ip_psr_aresetn_kernel_00_slr1_0/ulp_ip_psr_aresetn_kernel_00_slr1_0_board.xdc] for cell 'level0_i/level1/level1_i/ulp/ip_psr_aresetn_kernel_00_slr1/U0'
Finished Parsing XDC File [/home/truongnh/minhphat/30m/debug_link_69460/vpp_temp/link/vivado/vpl/prj/prj.gen/my_rm/bd/ulp/ip/ulp_ip_psr_aresetn_kernel_00_slr1_0/ulp_ip_psr_aresetn_kernel_00_slr1_0_board.xdc] for cell 'level0_i/level1/level1_i/ulp/ip_psr_aresetn_kernel_00_slr1/U0'
Parsing XDC File [/home/truongnh/minhphat/30m/debug_link_69460/vpp_temp/link/vivado/vpl/prj/prj.gen/my_rm/bd/ulp/ip/ulp_ip_psr_aresetn_kernel_00_slr1_0/ulp_ip_psr_aresetn_kernel_00_slr1_0.xdc] for cell 'level0_i/level1/level1_i/ulp/ip_psr_aresetn_kernel_00_slr1/U0'
Finished Parsing XDC File [/home/truongnh/minhphat/30m/debug_link_69460/vpp_temp/link/vivado/vpl/prj/prj.gen/my_rm/bd/ulp/ip/ulp_ip_psr_aresetn_kernel_00_slr1_0/ulp_ip_psr_aresetn_kernel_00_slr1_0.xdc] for cell 'level0_i/level1/level1_i/ulp/ip_psr_aresetn_kernel_00_slr1/U0'
Parsing XDC File [/home/truongnh/minhphat/30m/debug_link_69460/vpp_temp/link/vivado/vpl/prj/prj.gen/my_rm/bd/ulp/ip/ulp_ip_psr_aresetn_kernel_00_slr2_0/ulp_ip_psr_aresetn_kernel_00_slr2_0_board.xdc] for cell 'level0_i/level1/level1_i/ulp/ip_psr_aresetn_kernel_00_slr2/U0'
Finished Parsing XDC File [/home/truongnh/minhphat/30m/debug_link_69460/vpp_temp/link/vivado/vpl/prj/prj.gen/my_rm/bd/ulp/ip/ulp_ip_psr_aresetn_kernel_00_slr2_0/ulp_ip_psr_aresetn_kernel_00_slr2_0_board.xdc] for cell 'level0_i/level1/level1_i/ulp/ip_psr_aresetn_kernel_00_slr2/U0'
Parsing XDC File [/home/truongnh/minhphat/30m/debug_link_69460/vpp_temp/link/vivado/vpl/prj/prj.gen/my_rm/bd/ulp/ip/ulp_ip_psr_aresetn_kernel_00_slr2_0/ulp_ip_psr_aresetn_kernel_00_slr2_0.xdc] for cell 'level0_i/level1/level1_i/ulp/ip_psr_aresetn_kernel_00_slr2/U0'
Finished Parsing XDC File [/home/truongnh/minhphat/30m/debug_link_69460/vpp_temp/link/vivado/vpl/prj/prj.gen/my_rm/bd/ulp/ip/ulp_ip_psr_aresetn_kernel_00_slr2_0/ulp_ip_psr_aresetn_kernel_00_slr2_0.xdc] for cell 'level0_i/level1/level1_i/ulp/ip_psr_aresetn_kernel_00_slr2/U0'
Parsing XDC File [/home/truongnh/minhphat/30m/debug_link_69460/vpp_temp/link/vivado/vpl/prj/prj.gen/my_rm/bd/ulp/ip/ulp_ip_psr_aresetn_kernel_00_slr3_0/ulp_ip_psr_aresetn_kernel_00_slr3_0_board.xdc] for cell 'level0_i/level1/level1_i/ulp/ip_psr_aresetn_kernel_00_slr3/U0'
Finished Parsing XDC File [/home/truongnh/minhphat/30m/debug_link_69460/vpp_temp/link/vivado/vpl/prj/prj.gen/my_rm/bd/ulp/ip/ulp_ip_psr_aresetn_kernel_00_slr3_0/ulp_ip_psr_aresetn_kernel_00_slr3_0_board.xdc] for cell 'level0_i/level1/level1_i/ulp/ip_psr_aresetn_kernel_00_slr3/U0'
Parsing XDC File [/home/truongnh/minhphat/30m/debug_link_69460/vpp_temp/link/vivado/vpl/prj/prj.gen/my_rm/bd/ulp/ip/ulp_ip_psr_aresetn_kernel_00_slr3_0/ulp_ip_psr_aresetn_kernel_00_slr3_0.xdc] for cell 'level0_i/level1/level1_i/ulp/ip_psr_aresetn_kernel_00_slr3/U0'
Finished Parsing XDC File [/home/truongnh/minhphat/30m/debug_link_69460/vpp_temp/link/vivado/vpl/prj/prj.gen/my_rm/bd/ulp/ip/ulp_ip_psr_aresetn_kernel_00_slr3_0/ulp_ip_psr_aresetn_kernel_00_slr3_0.xdc] for cell 'level0_i/level1/level1_i/ulp/ip_psr_aresetn_kernel_00_slr3/U0'
Parsing XDC File [/home/truongnh/minhphat/30m/debug_link_69460/vpp_temp/link/vivado/vpl/prj/prj.gen/my_rm/bd/ulp/ip/ulp_ip_psr_aresetn_ctrl_slr2_0/ulp_ip_psr_aresetn_ctrl_slr2_0.xdc] for cell 'level0_i/level1/level1_i/ulp/ip_psr_aresetn_ctrl_slr2/U0'
Finished Parsing XDC File [/home/truongnh/minhphat/30m/debug_link_69460/vpp_temp/link/vivado/vpl/prj/prj.gen/my_rm/bd/ulp/ip/ulp_ip_psr_aresetn_ctrl_slr2_0/ulp_ip_psr_aresetn_ctrl_slr2_0.xdc] for cell 'level0_i/level1/level1_i/ulp/ip_psr_aresetn_ctrl_slr2/U0'
Parsing XDC File [/home/truongnh/minhphat/30m/debug_link_69460/vpp_temp/link/vivado/vpl/prj/prj.gen/my_rm/bd/ulp/ip/ulp_ip_psr_aresetn_kernel_01_slr0_0/ulp_ip_psr_aresetn_kernel_01_slr0_0.xdc] for cell 'level0_i/level1/level1_i/ulp/ip_psr_aresetn_kernel_01_slr0/U0'
Finished Parsing XDC File [/home/truongnh/minhphat/30m/debug_link_69460/vpp_temp/link/vivado/vpl/prj/prj.gen/my_rm/bd/ulp/ip/ulp_ip_psr_aresetn_kernel_01_slr0_0/ulp_ip_psr_aresetn_kernel_01_slr0_0.xdc] for cell 'level0_i/level1/level1_i/ulp/ip_psr_aresetn_kernel_01_slr0/U0'
Parsing XDC File [/home/truongnh/minhphat/30m/debug_link_69460/vpp_temp/link/vivado/vpl/prj/prj.gen/my_rm/bd/ulp/ip/ulp_ip_psr_aresetn_kernel_01_slr1_0/ulp_ip_psr_aresetn_kernel_01_slr1_0_board.xdc] for cell 'level0_i/level1/level1_i/ulp/ip_psr_aresetn_kernel_01_slr1/U0'
Finished Parsing XDC File [/home/truongnh/minhphat/30m/debug_link_69460/vpp_temp/link/vivado/vpl/prj/prj.gen/my_rm/bd/ulp/ip/ulp_ip_psr_aresetn_kernel_01_slr1_0/ulp_ip_psr_aresetn_kernel_01_slr1_0_board.xdc] for cell 'level0_i/level1/level1_i/ulp/ip_psr_aresetn_kernel_01_slr1/U0'
Parsing XDC File [/home/truongnh/minhphat/30m/debug_link_69460/vpp_temp/link/vivado/vpl/prj/prj.gen/my_rm/bd/ulp/ip/ulp_ip_psr_aresetn_kernel_01_slr1_0/ulp_ip_psr_aresetn_kernel_01_slr1_0.xdc] for cell 'level0_i/level1/level1_i/ulp/ip_psr_aresetn_kernel_01_slr1/U0'
Finished Parsing XDC File [/home/truongnh/minhphat/30m/debug_link_69460/vpp_temp/link/vivado/vpl/prj/prj.gen/my_rm/bd/ulp/ip/ulp_ip_psr_aresetn_kernel_01_slr1_0/ulp_ip_psr_aresetn_kernel_01_slr1_0.xdc] for cell 'level0_i/level1/level1_i/ulp/ip_psr_aresetn_kernel_01_slr1/U0'
Parsing XDC File [/home/truongnh/minhphat/30m/debug_link_69460/vpp_temp/link/vivado/vpl/prj/prj.gen/my_rm/bd/ulp/ip/ulp_ip_psr_aresetn_kernel_01_slr2_0/ulp_ip_psr_aresetn_kernel_01_slr2_0_board.xdc] for cell 'level0_i/level1/level1_i/ulp/ip_psr_aresetn_kernel_01_slr2/U0'
Finished Parsing XDC File [/home/truongnh/minhphat/30m/debug_link_69460/vpp_temp/link/vivado/vpl/prj/prj.gen/my_rm/bd/ulp/ip/ulp_ip_psr_aresetn_kernel_01_slr2_0/ulp_ip_psr_aresetn_kernel_01_slr2_0_board.xdc] for cell 'level0_i/level1/level1_i/ulp/ip_psr_aresetn_kernel_01_slr2/U0'
Parsing XDC File [/home/truongnh/minhphat/30m/debug_link_69460/vpp_temp/link/vivado/vpl/prj/prj.gen/my_rm/bd/ulp/ip/ulp_ip_psr_aresetn_kernel_01_slr2_0/ulp_ip_psr_aresetn_kernel_01_slr2_0.xdc] for cell 'level0_i/level1/level1_i/ulp/ip_psr_aresetn_kernel_01_slr2/U0'
Finished Parsing XDC File [/home/truongnh/minhphat/30m/debug_link_69460/vpp_temp/link/vivado/vpl/prj/prj.gen/my_rm/bd/ulp/ip/ulp_ip_psr_aresetn_kernel_01_slr2_0/ulp_ip_psr_aresetn_kernel_01_slr2_0.xdc] for cell 'level0_i/level1/level1_i/ulp/ip_psr_aresetn_kernel_01_slr2/U0'
Parsing XDC File [/home/truongnh/minhphat/30m/debug_link_69460/vpp_temp/link/vivado/vpl/prj/prj.gen/my_rm/bd/ulp/ip/ulp_ip_psr_aresetn_kernel_01_slr3_0/ulp_ip_psr_aresetn_kernel_01_slr3_0_board.xdc] for cell 'level0_i/level1/level1_i/ulp/ip_psr_aresetn_kernel_01_slr3/U0'
Finished Parsing XDC File [/home/truongnh/minhphat/30m/debug_link_69460/vpp_temp/link/vivado/vpl/prj/prj.gen/my_rm/bd/ulp/ip/ulp_ip_psr_aresetn_kernel_01_slr3_0/ulp_ip_psr_aresetn_kernel_01_slr3_0_board.xdc] for cell 'level0_i/level1/level1_i/ulp/ip_psr_aresetn_kernel_01_slr3/U0'
Parsing XDC File [/home/truongnh/minhphat/30m/debug_link_69460/vpp_temp/link/vivado/vpl/prj/prj.gen/my_rm/bd/ulp/ip/ulp_ip_psr_aresetn_kernel_01_slr3_0/ulp_ip_psr_aresetn_kernel_01_slr3_0.xdc] for cell 'level0_i/level1/level1_i/ulp/ip_psr_aresetn_kernel_01_slr3/U0'
Finished Parsing XDC File [/home/truongnh/minhphat/30m/debug_link_69460/vpp_temp/link/vivado/vpl/prj/prj.gen/my_rm/bd/ulp/ip/ulp_ip_psr_aresetn_kernel_01_slr3_0/ulp_ip_psr_aresetn_kernel_01_slr3_0.xdc] for cell 'level0_i/level1/level1_i/ulp/ip_psr_aresetn_kernel_01_slr3/U0'
Parsing XDC File [/home/truongnh/minhphat/30m/debug_link_69460/vpp_temp/link/vivado/vpl/prj/prj.gen/my_rm/bd/ulp/ip/ulp_ip_psr_aresetn_pcie_slr0_0/ulp_ip_psr_aresetn_pcie_slr0_0_board.xdc] for cell 'level0_i/level1/level1_i/ulp/ip_psr_aresetn_pcie_slr0/U0'
Finished Parsing XDC File [/home/truongnh/minhphat/30m/debug_link_69460/vpp_temp/link/vivado/vpl/prj/prj.gen/my_rm/bd/ulp/ip/ulp_ip_psr_aresetn_pcie_slr0_0/ulp_ip_psr_aresetn_pcie_slr0_0_board.xdc] for cell 'level0_i/level1/level1_i/ulp/ip_psr_aresetn_pcie_slr0/U0'
Parsing XDC File [/home/truongnh/minhphat/30m/debug_link_69460/vpp_temp/link/vivado/vpl/prj/prj.gen/my_rm/bd/ulp/ip/ulp_ip_psr_aresetn_pcie_slr0_0/ulp_ip_psr_aresetn_pcie_slr0_0.xdc] for cell 'level0_i/level1/level1_i/ulp/ip_psr_aresetn_pcie_slr0/U0'
Finished Parsing XDC File [/home/truongnh/minhphat/30m/debug_link_69460/vpp_temp/link/vivado/vpl/prj/prj.gen/my_rm/bd/ulp/ip/ulp_ip_psr_aresetn_pcie_slr0_0/ulp_ip_psr_aresetn_pcie_slr0_0.xdc] for cell 'level0_i/level1/level1_i/ulp/ip_psr_aresetn_pcie_slr0/U0'
Parsing XDC File [/home/truongnh/minhphat/30m/debug_link_69460/vpp_temp/link/vivado/vpl/prj/prj.gen/my_rm/bd/ulp/ip/ulp_ss_ucs_0/bd_0/ip/ip_86/bd_1361_psreset_kernel_00_0.xdc] for cell 'level0_i/level1/level1_i/ulp/ss_ucs/inst/aclk_kernel_00_hierarchy/psreset_kernel_00/U0'
Finished Parsing XDC File [/home/truongnh/minhphat/30m/debug_link_69460/vpp_temp/link/vivado/vpl/prj/prj.gen/my_rm/bd/ulp/ip/ulp_ss_ucs_0/bd_0/ip/ip_86/bd_1361_psreset_kernel_00_0.xdc] for cell 'level0_i/level1/level1_i/ulp/ss_ucs/inst/aclk_kernel_00_hierarchy/psreset_kernel_00/U0'
Parsing XDC File [/home/truongnh/minhphat/30m/debug_link_69460/vpp_temp/link/vivado/vpl/prj/prj.gen/my_rm/bd/ulp/ip/ulp_ss_ucs_0/bd_0/ip/ip_6/bd_1361_gpio_gapping_demand_0_board.xdc] for cell 'level0_i/level1/level1_i/ulp/ss_ucs/inst/gapping_demand/gpio_gapping_demand/U0'
Finished Parsing XDC File [/home/truongnh/minhphat/30m/debug_link_69460/vpp_temp/link/vivado/vpl/prj/prj.gen/my_rm/bd/ulp/ip/ulp_ss_ucs_0/bd_0/ip/ip_6/bd_1361_gpio_gapping_demand_0_board.xdc] for cell 'level0_i/level1/level1_i/ulp/ss_ucs/inst/gapping_demand/gpio_gapping_demand/U0'
Parsing XDC File [/home/truongnh/minhphat/30m/debug_link_69460/vpp_temp/link/vivado/vpl/prj/prj.gen/my_rm/bd/ulp/ip/ulp_ss_ucs_0/bd_0/ip/ip_6/bd_1361_gpio_gapping_demand_0.xdc] for cell 'level0_i/level1/level1_i/ulp/ss_ucs/inst/gapping_demand/gpio_gapping_demand/U0'
Finished Parsing XDC File [/home/truongnh/minhphat/30m/debug_link_69460/vpp_temp/link/vivado/vpl/prj/prj.gen/my_rm/bd/ulp/ip/ulp_ss_ucs_0/bd_0/ip/ip_6/bd_1361_gpio_gapping_demand_0.xdc] for cell 'level0_i/level1/level1_i/ulp/ss_ucs/inst/gapping_demand/gpio_gapping_demand/U0'
Parsing XDC File [/home/truongnh/minhphat/30m/debug_link_69460/vpp_temp/link/vivado/vpl/prj/prj.gen/my_rm/bd/ulp/ip/ulp_ss_ucs_0/bd_0/ip/ip_14/bd_1361_gpio_ucs_control_status_0_board.xdc] for cell 'level0_i/level1/level1_i/ulp/ss_ucs/inst/ucs_control_status/gpio_ucs_control_status/U0'
Finished Parsing XDC File [/home/truongnh/minhphat/30m/debug_link_69460/vpp_temp/link/vivado/vpl/prj/prj.gen/my_rm/bd/ulp/ip/ulp_ss_ucs_0/bd_0/ip/ip_14/bd_1361_gpio_ucs_control_status_0_board.xdc] for cell 'level0_i/level1/level1_i/ulp/ss_ucs/inst/ucs_control_status/gpio_ucs_control_status/U0'
Parsing XDC File [/home/truongnh/minhphat/30m/debug_link_69460/vpp_temp/link/vivado/vpl/prj/prj.gen/my_rm/bd/ulp/ip/ulp_ss_ucs_0/bd_0/ip/ip_14/bd_1361_gpio_ucs_control_status_0.xdc] for cell 'level0_i/level1/level1_i/ulp/ss_ucs/inst/ucs_control_status/gpio_ucs_control_status/U0'
Finished Parsing XDC File [/home/truongnh/minhphat/30m/debug_link_69460/vpp_temp/link/vivado/vpl/prj/prj.gen/my_rm/bd/ulp/ip/ulp_ss_ucs_0/bd_0/ip/ip_14/bd_1361_gpio_ucs_control_status_0.xdc] for cell 'level0_i/level1/level1_i/ulp/ss_ucs/inst/ucs_control_status/gpio_ucs_control_status/U0'
Parsing XDC File [/home/truongnh/minhphat/30m/debug_link_69460/vpp_temp/link/vivado/vpl/prj/prj.gen/my_rm/bd/ulp/ip/ulp_ss_ucs_0/bd_0/ip/ip_62/bd_1361_psreset_aclk_freerun_0_board.xdc] for cell 'level0_i/level1/level1_i/ulp/ss_ucs/inst/frequency_counters/psreset_aclk_freerun/U0'
Finished Parsing XDC File [/home/truongnh/minhphat/30m/debug_link_69460/vpp_temp/link/vivado/vpl/prj/prj.gen/my_rm/bd/ulp/ip/ulp_ss_ucs_0/bd_0/ip/ip_62/bd_1361_psreset_aclk_freerun_0_board.xdc] for cell 'level0_i/level1/level1_i/ulp/ss_ucs/inst/frequency_counters/psreset_aclk_freerun/U0'
Parsing XDC File [/home/truongnh/minhphat/30m/debug_link_69460/vpp_temp/link/vivado/vpl/prj/prj.gen/my_rm/bd/ulp/ip/ulp_ss_ucs_0/bd_0/ip/ip_62/bd_1361_psreset_aclk_freerun_0.xdc] for cell 'level0_i/level1/level1_i/ulp/ss_ucs/inst/frequency_counters/psreset_aclk_freerun/U0'
Finished Parsing XDC File [/home/truongnh/minhphat/30m/debug_link_69460/vpp_temp/link/vivado/vpl/prj/prj.gen/my_rm/bd/ulp/ip/ulp_ss_ucs_0/bd_0/ip/ip_62/bd_1361_psreset_aclk_freerun_0.xdc] for cell 'level0_i/level1/level1_i/ulp/ss_ucs/inst/frequency_counters/psreset_aclk_freerun/U0'
Parsing XDC File [/home/truongnh/minhphat/30m/debug_link_69460/vpp_temp/link/vivado/vpl/prj/prj.gen/my_rm/bd/ulp/ip/ulp_ss_ucs_0/bd_0/ip/ip_65/bd_1361_clkwiz_aclk_kernel_00_0_board.xdc] for cell 'level0_i/level1/level1_i/ulp/ss_ucs/inst/aclk_kernel_00_hierarchy/clkwiz_aclk_kernel_00/inst'
Finished Parsing XDC File [/home/truongnh/minhphat/30m/debug_link_69460/vpp_temp/link/vivado/vpl/prj/prj.gen/my_rm/bd/ulp/ip/ulp_ss_ucs_0/bd_0/ip/ip_65/bd_1361_clkwiz_aclk_kernel_00_0_board.xdc] for cell 'level0_i/level1/level1_i/ulp/ss_ucs/inst/aclk_kernel_00_hierarchy/clkwiz_aclk_kernel_00/inst'
Parsing XDC File [/home/truongnh/minhphat/30m/debug_link_69460/vpp_temp/link/vivado/vpl/prj/prj.gen/my_rm/bd/ulp/ip/ulp_ss_ucs_0/bd_0/ip/ip_65/bd_1361_clkwiz_aclk_kernel_00_0.xdc] for cell 'level0_i/level1/level1_i/ulp/ss_ucs/inst/aclk_kernel_00_hierarchy/clkwiz_aclk_kernel_00/inst'
Finished Parsing XDC File [/home/truongnh/minhphat/30m/debug_link_69460/vpp_temp/link/vivado/vpl/prj/prj.gen/my_rm/bd/ulp/ip/ulp_ss_ucs_0/bd_0/ip/ip_65/bd_1361_clkwiz_aclk_kernel_00_0.xdc] for cell 'level0_i/level1/level1_i/ulp/ss_ucs/inst/aclk_kernel_00_hierarchy/clkwiz_aclk_kernel_00/inst'
Parsing XDC File [/home/truongnh/minhphat/30m/debug_link_69460/vpp_temp/link/vivado/vpl/prj/prj.gen/my_rm/bd/ulp/ip/ulp_ss_ucs_0/bd_0/ip/ip_86/bd_1361_psreset_kernel_00_0_board.xdc] for cell 'level0_i/level1/level1_i/ulp/ss_ucs/inst/aclk_kernel_00_hierarchy/psreset_kernel_00/U0'
Finished Parsing XDC File [/home/truongnh/minhphat/30m/debug_link_69460/vpp_temp/link/vivado/vpl/prj/prj.gen/my_rm/bd/ulp/ip/ulp_ss_ucs_0/bd_0/ip/ip_86/bd_1361_psreset_kernel_00_0_board.xdc] for cell 'level0_i/level1/level1_i/ulp/ss_ucs/inst/aclk_kernel_00_hierarchy/psreset_kernel_00/U0'
Parsing XDC File [/home/truongnh/minhphat/30m/debug_link_69460/vpp_temp/link/vivado/vpl/prj/prj.gen/my_rm/bd/ulp/ip/ulp_ip_psr_aresetn_pcie_slr1_0/ulp_ip_psr_aresetn_pcie_slr1_0_board.xdc] for cell 'level0_i/level1/level1_i/ulp/ip_psr_aresetn_pcie_slr1/U0'
Finished Parsing XDC File [/home/truongnh/minhphat/30m/debug_link_69460/vpp_temp/link/vivado/vpl/prj/prj.gen/my_rm/bd/ulp/ip/ulp_ip_psr_aresetn_pcie_slr1_0/ulp_ip_psr_aresetn_pcie_slr1_0_board.xdc] for cell 'level0_i/level1/level1_i/ulp/ip_psr_aresetn_pcie_slr1/U0'
Parsing XDC File [/home/truongnh/minhphat/30m/debug_link_69460/vpp_temp/link/vivado/vpl/prj/prj.gen/my_rm/bd/ulp/ip/ulp_ss_ucs_0/bd_0/ip/ip_89/bd_1361_clkwiz_aclk_kernel_01_0_board.xdc] for cell 'level0_i/level1/level1_i/ulp/ss_ucs/inst/aclk_kernel_01_hierarchy/clkwiz_aclk_kernel_01/inst'
Finished Parsing XDC File [/home/truongnh/minhphat/30m/debug_link_69460/vpp_temp/link/vivado/vpl/prj/prj.gen/my_rm/bd/ulp/ip/ulp_ss_ucs_0/bd_0/ip/ip_89/bd_1361_clkwiz_aclk_kernel_01_0_board.xdc] for cell 'level0_i/level1/level1_i/ulp/ss_ucs/inst/aclk_kernel_01_hierarchy/clkwiz_aclk_kernel_01/inst'
Parsing XDC File [/home/truongnh/minhphat/30m/debug_link_69460/vpp_temp/link/vivado/vpl/prj/prj.gen/my_rm/bd/ulp/ip/ulp_ss_ucs_0/bd_0/ip/ip_89/bd_1361_clkwiz_aclk_kernel_01_0.xdc] for cell 'level0_i/level1/level1_i/ulp/ss_ucs/inst/aclk_kernel_01_hierarchy/clkwiz_aclk_kernel_01/inst'
Finished Parsing XDC File [/home/truongnh/minhphat/30m/debug_link_69460/vpp_temp/link/vivado/vpl/prj/prj.gen/my_rm/bd/ulp/ip/ulp_ss_ucs_0/bd_0/ip/ip_89/bd_1361_clkwiz_aclk_kernel_01_0.xdc] for cell 'level0_i/level1/level1_i/ulp/ss_ucs/inst/aclk_kernel_01_hierarchy/clkwiz_aclk_kernel_01/inst'
Parsing XDC File [/home/truongnh/minhphat/30m/debug_link_69460/vpp_temp/link/vivado/vpl/prj/prj.gen/my_rm/bd/ulp/ip/ulp_ss_ucs_0/bd_0/ip/ip_110/bd_1361_psreset_kernel_01_0_board.xdc] for cell 'level0_i/level1/level1_i/ulp/ss_ucs/inst/aclk_kernel_01_hierarchy/psreset_kernel_01/U0'
Finished Parsing XDC File [/home/truongnh/minhphat/30m/debug_link_69460/vpp_temp/link/vivado/vpl/prj/prj.gen/my_rm/bd/ulp/ip/ulp_ss_ucs_0/bd_0/ip/ip_110/bd_1361_psreset_kernel_01_0_board.xdc] for cell 'level0_i/level1/level1_i/ulp/ss_ucs/inst/aclk_kernel_01_hierarchy/psreset_kernel_01/U0'
Parsing XDC File [/home/truongnh/minhphat/30m/debug_link_69460/vpp_temp/link/vivado/vpl/prj/prj.gen/my_rm/bd/ulp/ip/ulp_ss_ucs_0/bd_0/ip/ip_110/bd_1361_psreset_kernel_01_0.xdc] for cell 'level0_i/level1/level1_i/ulp/ss_ucs/inst/aclk_kernel_01_hierarchy/psreset_kernel_01/U0'
Finished Parsing XDC File [/home/truongnh/minhphat/30m/debug_link_69460/vpp_temp/link/vivado/vpl/prj/prj.gen/my_rm/bd/ulp/ip/ulp_ss_ucs_0/bd_0/ip/ip_110/bd_1361_psreset_kernel_01_0.xdc] for cell 'level0_i/level1/level1_i/ulp/ss_ucs/inst/aclk_kernel_01_hierarchy/psreset_kernel_01/U0'
Parsing XDC File [/home/truongnh/minhphat/30m/debug_link_69460/vpp_temp/link/vivado/vpl/prj/prj.gen/my_rm/bd/ulp/ip/ulp_ip_psr_aresetn_ctrl_slr0_0/ulp_ip_psr_aresetn_ctrl_slr0_0_board.xdc] for cell 'level0_i/level1/level1_i/ulp/ip_psr_aresetn_ctrl_slr0/U0'
Finished Parsing XDC File [/home/truongnh/minhphat/30m/debug_link_69460/vpp_temp/link/vivado/vpl/prj/prj.gen/my_rm/bd/ulp/ip/ulp_ip_psr_aresetn_ctrl_slr0_0/ulp_ip_psr_aresetn_ctrl_slr0_0_board.xdc] for cell 'level0_i/level1/level1_i/ulp/ip_psr_aresetn_ctrl_slr0/U0'
Parsing XDC File [/home/truongnh/minhphat/30m/debug_link_69460/vpp_temp/link/vivado/vpl/prj/prj.gen/my_rm/bd/ulp/ip/ulp_ip_psr_aresetn_ctrl_slr0_0/ulp_ip_psr_aresetn_ctrl_slr0_0.xdc] for cell 'level0_i/level1/level1_i/ulp/ip_psr_aresetn_ctrl_slr0/U0'
Finished Parsing XDC File [/home/truongnh/minhphat/30m/debug_link_69460/vpp_temp/link/vivado/vpl/prj/prj.gen/my_rm/bd/ulp/ip/ulp_ip_psr_aresetn_ctrl_slr0_0/ulp_ip_psr_aresetn_ctrl_slr0_0.xdc] for cell 'level0_i/level1/level1_i/ulp/ip_psr_aresetn_ctrl_slr0/U0'
Parsing XDC File [/home/truongnh/minhphat/30m/debug_link_69460/vpp_temp/link/vivado/vpl/prj/prj.gen/my_rm/bd/ulp/ip/ulp_ip_psr_aresetn_ctrl_slr1_0/ulp_ip_psr_aresetn_ctrl_slr1_0_board.xdc] for cell 'level0_i/level1/level1_i/ulp/ip_psr_aresetn_ctrl_slr1/U0'
Finished Parsing XDC File [/home/truongnh/minhphat/30m/debug_link_69460/vpp_temp/link/vivado/vpl/prj/prj.gen/my_rm/bd/ulp/ip/ulp_ip_psr_aresetn_ctrl_slr1_0/ulp_ip_psr_aresetn_ctrl_slr1_0_board.xdc] for cell 'level0_i/level1/level1_i/ulp/ip_psr_aresetn_ctrl_slr1/U0'
Parsing XDC File [/home/truongnh/minhphat/30m/debug_link_69460/vpp_temp/link/vivado/vpl/prj/prj.gen/my_rm/bd/ulp/ip/ulp_ip_psr_aresetn_ctrl_slr1_0/ulp_ip_psr_aresetn_ctrl_slr1_0.xdc] for cell 'level0_i/level1/level1_i/ulp/ip_psr_aresetn_ctrl_slr1/U0'
Finished Parsing XDC File [/home/truongnh/minhphat/30m/debug_link_69460/vpp_temp/link/vivado/vpl/prj/prj.gen/my_rm/bd/ulp/ip/ulp_ip_psr_aresetn_ctrl_slr1_0/ulp_ip_psr_aresetn_ctrl_slr1_0.xdc] for cell 'level0_i/level1/level1_i/ulp/ip_psr_aresetn_ctrl_slr1/U0'
Parsing XDC File [/home/truongnh/minhphat/30m/debug_link_69460/vpp_temp/link/vivado/vpl/prj/prj.gen/my_rm/bd/ulp/ip/ulp_ip_psr_aresetn_ctrl_slr2_0/ulp_ip_psr_aresetn_ctrl_slr2_0_board.xdc] for cell 'level0_i/level1/level1_i/ulp/ip_psr_aresetn_ctrl_slr2/U0'
Finished Parsing XDC File [/home/truongnh/minhphat/30m/debug_link_69460/vpp_temp/link/vivado/vpl/prj/prj.gen/my_rm/bd/ulp/ip/ulp_ip_psr_aresetn_ctrl_slr2_0/ulp_ip_psr_aresetn_ctrl_slr2_0_board.xdc] for cell 'level0_i/level1/level1_i/ulp/ip_psr_aresetn_ctrl_slr2/U0'
Parsing XDC File [/home/truongnh/minhphat/30m/debug_link_69460/vpp_temp/link/vivado/vpl/prj/prj.gen/my_rm/bd/ulp/ip/ulp_memory_subsystem_0/bd_0/ip/ip_16/bd_b35e_psr_aclk4_SLR0_0.xdc] for cell 'level0_i/level1/level1_i/ulp/memory_subsystem/inst/reset/psr_aclk4_SLR0/U0'
Finished Parsing XDC File [/home/truongnh/minhphat/30m/debug_link_69460/vpp_temp/link/vivado/vpl/prj/prj.gen/my_rm/bd/ulp/ip/ulp_memory_subsystem_0/bd_0/ip/ip_16/bd_b35e_psr_aclk4_SLR0_0.xdc] for cell 'level0_i/level1/level1_i/ulp/memory_subsystem/inst/reset/psr_aclk4_SLR0/U0'
Parsing XDC File [/home/truongnh/minhphat/30m/debug_link_69460/vpp_temp/link/vivado/vpl/prj/prj.gen/my_rm/bd/ulp/ip/ulp_memory_subsystem_0/bd_0/ip/ip_4/bd_b35e_psr_aclk1_SLR0_0.xdc] for cell 'level0_i/level1/level1_i/ulp/memory_subsystem/inst/reset/psr_aclk1_SLR0/U0'
Finished Parsing XDC File [/home/truongnh/minhphat/30m/debug_link_69460/vpp_temp/link/vivado/vpl/prj/prj.gen/my_rm/bd/ulp/ip/ulp_memory_subsystem_0/bd_0/ip/ip_4/bd_b35e_psr_aclk1_SLR0_0.xdc] for cell 'level0_i/level1/level1_i/ulp/memory_subsystem/inst/reset/psr_aclk1_SLR0/U0'
Parsing XDC File [/home/truongnh/minhphat/30m/debug_link_69460/vpp_temp/link/vivado/vpl/prj/prj.gen/my_rm/bd/ulp/ip/ulp_memory_subsystem_0/bd_0/ip/ip_5/bd_b35e_psr_aclk1_SLR1_0_board.xdc] for cell 'level0_i/level1/level1_i/ulp/memory_subsystem/inst/reset/psr_aclk1_SLR1/U0'
Finished Parsing XDC File [/home/truongnh/minhphat/30m/debug_link_69460/vpp_temp/link/vivado/vpl/prj/prj.gen/my_rm/bd/ulp/ip/ulp_memory_subsystem_0/bd_0/ip/ip_5/bd_b35e_psr_aclk1_SLR1_0_board.xdc] for cell 'level0_i/level1/level1_i/ulp/memory_subsystem/inst/reset/psr_aclk1_SLR1/U0'
Parsing XDC File [/home/truongnh/minhphat/30m/debug_link_69460/vpp_temp/link/vivado/vpl/prj/prj.gen/my_rm/bd/ulp/ip/ulp_memory_subsystem_0/bd_0/ip/ip_5/bd_b35e_psr_aclk1_SLR1_0.xdc] for cell 'level0_i/level1/level1_i/ulp/memory_subsystem/inst/reset/psr_aclk1_SLR1/U0'
Finished Parsing XDC File [/home/truongnh/minhphat/30m/debug_link_69460/vpp_temp/link/vivado/vpl/prj/prj.gen/my_rm/bd/ulp/ip/ulp_memory_subsystem_0/bd_0/ip/ip_5/bd_b35e_psr_aclk1_SLR1_0.xdc] for cell 'level0_i/level1/level1_i/ulp/memory_subsystem/inst/reset/psr_aclk1_SLR1/U0'
Parsing XDC File [/home/truongnh/minhphat/30m/debug_link_69460/vpp_temp/link/vivado/vpl/prj/prj.gen/my_rm/bd/ulp/ip/ulp_memory_subsystem_0/bd_0/ip/ip_6/bd_b35e_psr_aclk1_SLR2_0_board.xdc] for cell 'level0_i/level1/level1_i/ulp/memory_subsystem/inst/reset/psr_aclk1_SLR2/U0'
Finished Parsing XDC File [/home/truongnh/minhphat/30m/debug_link_69460/vpp_temp/link/vivado/vpl/prj/prj.gen/my_rm/bd/ulp/ip/ulp_memory_subsystem_0/bd_0/ip/ip_6/bd_b35e_psr_aclk1_SLR2_0_board.xdc] for cell 'level0_i/level1/level1_i/ulp/memory_subsystem/inst/reset/psr_aclk1_SLR2/U0'
Parsing XDC File [/home/truongnh/minhphat/30m/debug_link_69460/vpp_temp/link/vivado/vpl/prj/prj.gen/my_rm/bd/ulp/ip/ulp_memory_subsystem_0/bd_0/ip/ip_6/bd_b35e_psr_aclk1_SLR2_0.xdc] for cell 'level0_i/level1/level1_i/ulp/memory_subsystem/inst/reset/psr_aclk1_SLR2/U0'
Finished Parsing XDC File [/home/truongnh/minhphat/30m/debug_link_69460/vpp_temp/link/vivado/vpl/prj/prj.gen/my_rm/bd/ulp/ip/ulp_memory_subsystem_0/bd_0/ip/ip_6/bd_b35e_psr_aclk1_SLR2_0.xdc] for cell 'level0_i/level1/level1_i/ulp/memory_subsystem/inst/reset/psr_aclk1_SLR2/U0'
Parsing XDC File [/home/truongnh/minhphat/30m/debug_link_69460/vpp_temp/link/vivado/vpl/prj/prj.gen/my_rm/bd/ulp/ip/ulp_memory_subsystem_0/bd_0/ip/ip_7/bd_b35e_psr_aclk1_SLR3_0_board.xdc] for cell 'level0_i/level1/level1_i/ulp/memory_subsystem/inst/reset/psr_aclk1_SLR3/U0'
Finished Parsing XDC File [/home/truongnh/minhphat/30m/debug_link_69460/vpp_temp/link/vivado/vpl/prj/prj.gen/my_rm/bd/ulp/ip/ulp_memory_subsystem_0/bd_0/ip/ip_7/bd_b35e_psr_aclk1_SLR3_0_board.xdc] for cell 'level0_i/level1/level1_i/ulp/memory_subsystem/inst/reset/psr_aclk1_SLR3/U0'
Parsing XDC File [/home/truongnh/minhphat/30m/debug_link_69460/vpp_temp/link/vivado/vpl/prj/prj.gen/my_rm/bd/ulp/ip/ulp_memory_subsystem_0/bd_0/ip/ip_7/bd_b35e_psr_aclk1_SLR3_0.xdc] for cell 'level0_i/level1/level1_i/ulp/memory_subsystem/inst/reset/psr_aclk1_SLR3/U0'
Finished Parsing XDC File [/home/truongnh/minhphat/30m/debug_link_69460/vpp_temp/link/vivado/vpl/prj/prj.gen/my_rm/bd/ulp/ip/ulp_memory_subsystem_0/bd_0/ip/ip_7/bd_b35e_psr_aclk1_SLR3_0.xdc] for cell 'level0_i/level1/level1_i/ulp/memory_subsystem/inst/reset/psr_aclk1_SLR3/U0'
Parsing XDC File [/home/truongnh/minhphat/30m/debug_link_69460/vpp_temp/link/vivado/vpl/prj/prj.gen/my_rm/bd/ulp/ip/ulp_memory_subsystem_0/bd_0/ip/ip_13/bd_b35e_psr_aclk3_SLR1_0_board.xdc] for cell 'level0_i/level1/level1_i/ulp/memory_subsystem/inst/reset/psr_aclk3_SLR1/U0'
Finished Parsing XDC File [/home/truongnh/minhphat/30m/debug_link_69460/vpp_temp/link/vivado/vpl/prj/prj.gen/my_rm/bd/ulp/ip/ulp_memory_subsystem_0/bd_0/ip/ip_13/bd_b35e_psr_aclk3_SLR1_0_board.xdc] for cell 'level0_i/level1/level1_i/ulp/memory_subsystem/inst/reset/psr_aclk3_SLR1/U0'
Parsing XDC File [/home/truongnh/minhphat/30m/debug_link_69460/vpp_temp/link/vivado/vpl/prj/prj.gen/my_rm/bd/ulp/ip/ulp_memory_subsystem_0/bd_0/ip/ip_13/bd_b35e_psr_aclk3_SLR1_0.xdc] for cell 'level0_i/level1/level1_i/ulp/memory_subsystem/inst/reset/psr_aclk3_SLR1/U0'
Finished Parsing XDC File [/home/truongnh/minhphat/30m/debug_link_69460/vpp_temp/link/vivado/vpl/prj/prj.gen/my_rm/bd/ulp/ip/ulp_memory_subsystem_0/bd_0/ip/ip_13/bd_b35e_psr_aclk3_SLR1_0.xdc] for cell 'level0_i/level1/level1_i/ulp/memory_subsystem/inst/reset/psr_aclk3_SLR1/U0'
Parsing XDC File [/home/truongnh/minhphat/30m/debug_link_69460/vpp_temp/link/vivado/vpl/prj/prj.gen/my_rm/bd/ulp/ip/ulp_memory_subsystem_0/bd_0/ip/ip_16/bd_b35e_psr_aclk4_SLR0_0_board.xdc] for cell 'level0_i/level1/level1_i/ulp/memory_subsystem/inst/reset/psr_aclk4_SLR0/U0'
Finished Parsing XDC File [/home/truongnh/minhphat/30m/debug_link_69460/vpp_temp/link/vivado/vpl/prj/prj.gen/my_rm/bd/ulp/ip/ulp_memory_subsystem_0/bd_0/ip/ip_16/bd_b35e_psr_aclk4_SLR0_0_board.xdc] for cell 'level0_i/level1/level1_i/ulp/memory_subsystem/inst/reset/psr_aclk4_SLR0/U0'
Parsing XDC File [/home/truongnh/minhphat/30m/debug_link_69460/vpp_temp/link/vivado/vpl/prj/prj.gen/my_rm/bd/ulp/ip/ulp_memory_subsystem_0/bd_0/ip/ip_4/bd_b35e_psr_aclk1_SLR0_0_board.xdc] for cell 'level0_i/level1/level1_i/ulp/memory_subsystem/inst/reset/psr_aclk1_SLR0/U0'
Finished Parsing XDC File [/home/truongnh/minhphat/30m/debug_link_69460/vpp_temp/link/vivado/vpl/prj/prj.gen/my_rm/bd/ulp/ip/ulp_memory_subsystem_0/bd_0/ip/ip_4/bd_b35e_psr_aclk1_SLR0_0_board.xdc] for cell 'level0_i/level1/level1_i/ulp/memory_subsystem/inst/reset/psr_aclk1_SLR0/U0'
Parsing XDC File [/home/truongnh/minhphat/30m/debug_link_69460/vpp_temp/link/vivado/vpl/prj/prj.gen/my_rm/bd/ulp/ip/ulp_memory_subsystem_0/bd_0/ip/ip_17/bd_b35e_psr_aclk4_SLR1_0_board.xdc] for cell 'level0_i/level1/level1_i/ulp/memory_subsystem/inst/reset/psr_aclk4_SLR1/U0'
Finished Parsing XDC File [/home/truongnh/minhphat/30m/debug_link_69460/vpp_temp/link/vivado/vpl/prj/prj.gen/my_rm/bd/ulp/ip/ulp_memory_subsystem_0/bd_0/ip/ip_17/bd_b35e_psr_aclk4_SLR1_0_board.xdc] for cell 'level0_i/level1/level1_i/ulp/memory_subsystem/inst/reset/psr_aclk4_SLR1/U0'
Parsing XDC File [/home/truongnh/minhphat/30m/debug_link_69460/vpp_temp/link/vivado/vpl/prj/prj.gen/my_rm/bd/ulp/ip/ulp_memory_subsystem_0/bd_0/ip/ip_17/bd_b35e_psr_aclk4_SLR1_0.xdc] for cell 'level0_i/level1/level1_i/ulp/memory_subsystem/inst/reset/psr_aclk4_SLR1/U0'
Finished Parsing XDC File [/home/truongnh/minhphat/30m/debug_link_69460/vpp_temp/link/vivado/vpl/prj/prj.gen/my_rm/bd/ulp/ip/ulp_memory_subsystem_0/bd_0/ip/ip_17/bd_b35e_psr_aclk4_SLR1_0.xdc] for cell 'level0_i/level1/level1_i/ulp/memory_subsystem/inst/reset/psr_aclk4_SLR1/U0'
Parsing XDC File [/home/truongnh/minhphat/30m/debug_link_69460/vpp_temp/link/vivado/vpl/prj/prj.gen/my_rm/bd/ulp/ip/ulp_memory_subsystem_0/bd_0/ip/ip_18/bd_b35e_psr_aclk4_SLR2_0_board.xdc] for cell 'level0_i/level1/level1_i/ulp/memory_subsystem/inst/reset/psr_aclk4_SLR2/U0'
Finished Parsing XDC File [/home/truongnh/minhphat/30m/debug_link_69460/vpp_temp/link/vivado/vpl/prj/prj.gen/my_rm/bd/ulp/ip/ulp_memory_subsystem_0/bd_0/ip/ip_18/bd_b35e_psr_aclk4_SLR2_0_board.xdc] for cell 'level0_i/level1/level1_i/ulp/memory_subsystem/inst/reset/psr_aclk4_SLR2/U0'
Parsing XDC File [/home/truongnh/minhphat/30m/debug_link_69460/vpp_temp/link/vivado/vpl/prj/prj.gen/my_rm/bd/ulp/ip/ulp_memory_subsystem_0/bd_0/ip/ip_18/bd_b35e_psr_aclk4_SLR2_0.xdc] for cell 'level0_i/level1/level1_i/ulp/memory_subsystem/inst/reset/psr_aclk4_SLR2/U0'
Finished Parsing XDC File [/home/truongnh/minhphat/30m/debug_link_69460/vpp_temp/link/vivado/vpl/prj/prj.gen/my_rm/bd/ulp/ip/ulp_memory_subsystem_0/bd_0/ip/ip_18/bd_b35e_psr_aclk4_SLR2_0.xdc] for cell 'level0_i/level1/level1_i/ulp/memory_subsystem/inst/reset/psr_aclk4_SLR2/U0'
Parsing XDC File [/home/truongnh/minhphat/30m/debug_link_69460/vpp_temp/link/vivado/vpl/prj/prj.gen/my_rm/bd/ulp/ip/ulp_memory_subsystem_0/bd_0/ip/ip_19/bd_b35e_psr_aclk4_SLR3_0_board.xdc] for cell 'level0_i/level1/level1_i/ulp/memory_subsystem/inst/reset/psr_aclk4_SLR3/U0'
Finished Parsing XDC File [/home/truongnh/minhphat/30m/debug_link_69460/vpp_temp/link/vivado/vpl/prj/prj.gen/my_rm/bd/ulp/ip/ulp_memory_subsystem_0/bd_0/ip/ip_19/bd_b35e_psr_aclk4_SLR3_0_board.xdc] for cell 'level0_i/level1/level1_i/ulp/memory_subsystem/inst/reset/psr_aclk4_SLR3/U0'
Parsing XDC File [/home/truongnh/minhphat/30m/debug_link_69460/vpp_temp/link/vivado/vpl/prj/prj.gen/my_rm/bd/ulp/ip/ulp_memory_subsystem_0/bd_0/ip/ip_19/bd_b35e_psr_aclk4_SLR3_0.xdc] for cell 'level0_i/level1/level1_i/ulp/memory_subsystem/inst/reset/psr_aclk4_SLR3/U0'
Finished Parsing XDC File [/home/truongnh/minhphat/30m/debug_link_69460/vpp_temp/link/vivado/vpl/prj/prj.gen/my_rm/bd/ulp/ip/ulp_memory_subsystem_0/bd_0/ip/ip_19/bd_b35e_psr_aclk4_SLR3_0.xdc] for cell 'level0_i/level1/level1_i/ulp/memory_subsystem/inst/reset/psr_aclk4_SLR3/U0'
Parsing XDC File [/home/truongnh/minhphat/30m/debug_link_69460/vpp_temp/link/vivado/vpl/prj/prj.gen/my_rm/bd/ulp/ip/ulp_memory_subsystem_0/bd_1/ip/ip_1/bd_fe25_psr0_0_board.xdc] for cell 'level0_i/level1/level1_i/ulp/memory_subsystem/inst/interconnect/interconnect_ddr4_mem00/inst/clk_map/psr0/U0'
Finished Parsing XDC File [/home/truongnh/minhphat/30m/debug_link_69460/vpp_temp/link/vivado/vpl/prj/prj.gen/my_rm/bd/ulp/ip/ulp_memory_subsystem_0/bd_1/ip/ip_1/bd_fe25_psr0_0_board.xdc] for cell 'level0_i/level1/level1_i/ulp/memory_subsystem/inst/interconnect/interconnect_ddr4_mem00/inst/clk_map/psr0/U0'
Parsing XDC File [/home/truongnh/minhphat/30m/debug_link_69460/vpp_temp/link/vivado/vpl/prj/prj.gen/my_rm/bd/ulp/ip/ulp_memory_subsystem_0/bd_1/ip/ip_1/bd_fe25_psr0_0.xdc] for cell 'level0_i/level1/level1_i/ulp/memory_subsystem/inst/interconnect/interconnect_ddr4_mem00/inst/clk_map/psr0/U0'
Finished Parsing XDC File [/home/truongnh/minhphat/30m/debug_link_69460/vpp_temp/link/vivado/vpl/prj/prj.gen/my_rm/bd/ulp/ip/ulp_memory_subsystem_0/bd_1/ip/ip_1/bd_fe25_psr0_0.xdc] for cell 'level0_i/level1/level1_i/ulp/memory_subsystem/inst/interconnect/interconnect_ddr4_mem00/inst/clk_map/psr0/U0'
Parsing XDC File [/home/truongnh/minhphat/30m/debug_link_69460/vpp_temp/link/vivado/vpl/prj/prj.gen/my_rm/bd/ulp/ip/ulp_memory_subsystem_0/bd_1/ip/ip_2/bd_fe25_psr_aclk_0_board.xdc] for cell 'level0_i/level1/level1_i/ulp/memory_subsystem/inst/interconnect/interconnect_ddr4_mem00/inst/clk_map/psr_aclk/U0'
Finished Parsing XDC File [/home/truongnh/minhphat/30m/debug_link_69460/vpp_temp/link/vivado/vpl/prj/prj.gen/my_rm/bd/ulp/ip/ulp_memory_subsystem_0/bd_1/ip/ip_2/bd_fe25_psr_aclk_0_board.xdc] for cell 'level0_i/level1/level1_i/ulp/memory_subsystem/inst/interconnect/interconnect_ddr4_mem00/inst/clk_map/psr_aclk/U0'
Parsing XDC File [/home/truongnh/minhphat/30m/debug_link_69460/vpp_temp/link/vivado/vpl/prj/prj.gen/my_rm/bd/ulp/ip/ulp_ip_psr_aresetn_freerun_slr2_0/ulp_ip_psr_aresetn_freerun_slr2_0_board.xdc] for cell 'level0_i/level1/level1_i/ulp/ip_psr_aresetn_freerun_slr2/U0'
Finished Parsing XDC File [/home/truongnh/minhphat/30m/debug_link_69460/vpp_temp/link/vivado/vpl/prj/prj.gen/my_rm/bd/ulp/ip/ulp_ip_psr_aresetn_freerun_slr2_0/ulp_ip_psr_aresetn_freerun_slr2_0_board.xdc] for cell 'level0_i/level1/level1_i/ulp/ip_psr_aresetn_freerun_slr2/U0'
Parsing XDC File [/home/truongnh/minhphat/30m/debug_link_69460/vpp_temp/link/vivado/vpl/prj/prj.gen/my_rm/bd/ulp/ip/ulp_ip_psr_aresetn_pcie_slr1_0/ulp_ip_psr_aresetn_pcie_slr1_0.xdc] for cell 'level0_i/level1/level1_i/ulp/ip_psr_aresetn_pcie_slr1/U0'
Finished Parsing XDC File [/home/truongnh/minhphat/30m/debug_link_69460/vpp_temp/link/vivado/vpl/prj/prj.gen/my_rm/bd/ulp/ip/ulp_ip_psr_aresetn_pcie_slr1_0/ulp_ip_psr_aresetn_pcie_slr1_0.xdc] for cell 'level0_i/level1/level1_i/ulp/ip_psr_aresetn_pcie_slr1/U0'
Parsing XDC File [/home/truongnh/minhphat/30m/debug_link_69460/vpp_temp/link/vivado/vpl/prj/prj.gen/my_rm/bd/ulp/ip/ulp_ip_psr_aresetn_pcie_slr2_0/ulp_ip_psr_aresetn_pcie_slr2_0_board.xdc] for cell 'level0_i/level1/level1_i/ulp/ip_psr_aresetn_pcie_slr2/U0'
Finished Parsing XDC File [/home/truongnh/minhphat/30m/debug_link_69460/vpp_temp/link/vivado/vpl/prj/prj.gen/my_rm/bd/ulp/ip/ulp_ip_psr_aresetn_pcie_slr2_0/ulp_ip_psr_aresetn_pcie_slr2_0_board.xdc] for cell 'level0_i/level1/level1_i/ulp/ip_psr_aresetn_pcie_slr2/U0'
Parsing XDC File [/home/truongnh/minhphat/30m/debug_link_69460/vpp_temp/link/vivado/vpl/prj/prj.gen/my_rm/bd/ulp/ip/ulp_ip_psr_aresetn_pcie_slr2_0/ulp_ip_psr_aresetn_pcie_slr2_0.xdc] for cell 'level0_i/level1/level1_i/ulp/ip_psr_aresetn_pcie_slr2/U0'
Finished Parsing XDC File [/home/truongnh/minhphat/30m/debug_link_69460/vpp_temp/link/vivado/vpl/prj/prj.gen/my_rm/bd/ulp/ip/ulp_ip_psr_aresetn_pcie_slr2_0/ulp_ip_psr_aresetn_pcie_slr2_0.xdc] for cell 'level0_i/level1/level1_i/ulp/ip_psr_aresetn_pcie_slr2/U0'
Parsing XDC File [/home/truongnh/minhphat/30m/debug_link_69460/vpp_temp/link/vivado/vpl/prj/prj.gen/my_rm/bd/ulp/ip/ulp_ip_psr_aresetn_pcie_slr3_0/ulp_ip_psr_aresetn_pcie_slr3_0_board.xdc] for cell 'level0_i/level1/level1_i/ulp/ip_psr_aresetn_pcie_slr3/U0'
Finished Parsing XDC File [/home/truongnh/minhphat/30m/debug_link_69460/vpp_temp/link/vivado/vpl/prj/prj.gen/my_rm/bd/ulp/ip/ulp_ip_psr_aresetn_pcie_slr3_0/ulp_ip_psr_aresetn_pcie_slr3_0_board.xdc] for cell 'level0_i/level1/level1_i/ulp/ip_psr_aresetn_pcie_slr3/U0'
Parsing XDC File [/home/truongnh/minhphat/30m/debug_link_69460/vpp_temp/link/vivado/vpl/prj/prj.gen/my_rm/bd/ulp/ip/ulp_ip_psr_aresetn_pcie_slr3_0/ulp_ip_psr_aresetn_pcie_slr3_0.xdc] for cell 'level0_i/level1/level1_i/ulp/ip_psr_aresetn_pcie_slr3/U0'
Finished Parsing XDC File [/home/truongnh/minhphat/30m/debug_link_69460/vpp_temp/link/vivado/vpl/prj/prj.gen/my_rm/bd/ulp/ip/ulp_ip_psr_aresetn_pcie_slr3_0/ulp_ip_psr_aresetn_pcie_slr3_0.xdc] for cell 'level0_i/level1/level1_i/ulp/ip_psr_aresetn_pcie_slr3/U0'
Parsing XDC File [/home/truongnh/minhphat/30m/debug_link_69460/vpp_temp/link/vivado/vpl/prj/prj.gen/my_rm/bd/ulp/ip/ulp_ip_psr_aresetn_freerun_slr0_0/ulp_ip_psr_aresetn_freerun_slr0_0_board.xdc] for cell 'level0_i/level1/level1_i/ulp/ip_psr_aresetn_freerun_slr0/U0'
Finished Parsing XDC File [/home/truongnh/minhphat/30m/debug_link_69460/vpp_temp/link/vivado/vpl/prj/prj.gen/my_rm/bd/ulp/ip/ulp_ip_psr_aresetn_freerun_slr0_0/ulp_ip_psr_aresetn_freerun_slr0_0_board.xdc] for cell 'level0_i/level1/level1_i/ulp/ip_psr_aresetn_freerun_slr0/U0'
Parsing XDC File [/home/truongnh/minhphat/30m/debug_link_69460/vpp_temp/link/vivado/vpl/prj/prj.gen/my_rm/bd/ulp/ip/ulp_ip_psr_aresetn_freerun_slr0_0/ulp_ip_psr_aresetn_freerun_slr0_0.xdc] for cell 'level0_i/level1/level1_i/ulp/ip_psr_aresetn_freerun_slr0/U0'
Finished Parsing XDC File [/home/truongnh/minhphat/30m/debug_link_69460/vpp_temp/link/vivado/vpl/prj/prj.gen/my_rm/bd/ulp/ip/ulp_ip_psr_aresetn_freerun_slr0_0/ulp_ip_psr_aresetn_freerun_slr0_0.xdc] for cell 'level0_i/level1/level1_i/ulp/ip_psr_aresetn_freerun_slr0/U0'
Parsing XDC File [/home/truongnh/minhphat/30m/debug_link_69460/vpp_temp/link/vivado/vpl/prj/prj.gen/my_rm/bd/ulp/ip/ulp_ip_psr_aresetn_freerun_slr1_0/ulp_ip_psr_aresetn_freerun_slr1_0_board.xdc] for cell 'level0_i/level1/level1_i/ulp/ip_psr_aresetn_freerun_slr1/U0'
Finished Parsing XDC File [/home/truongnh/minhphat/30m/debug_link_69460/vpp_temp/link/vivado/vpl/prj/prj.gen/my_rm/bd/ulp/ip/ulp_ip_psr_aresetn_freerun_slr1_0/ulp_ip_psr_aresetn_freerun_slr1_0_board.xdc] for cell 'level0_i/level1/level1_i/ulp/ip_psr_aresetn_freerun_slr1/U0'
Parsing XDC File [/home/truongnh/minhphat/30m/debug_link_69460/vpp_temp/link/vivado/vpl/prj/prj.gen/my_rm/bd/ulp/ip/ulp_ip_psr_aresetn_freerun_slr1_0/ulp_ip_psr_aresetn_freerun_slr1_0.xdc] for cell 'level0_i/level1/level1_i/ulp/ip_psr_aresetn_freerun_slr1/U0'
Finished Parsing XDC File [/home/truongnh/minhphat/30m/debug_link_69460/vpp_temp/link/vivado/vpl/prj/prj.gen/my_rm/bd/ulp/ip/ulp_ip_psr_aresetn_freerun_slr1_0/ulp_ip_psr_aresetn_freerun_slr1_0.xdc] for cell 'level0_i/level1/level1_i/ulp/ip_psr_aresetn_freerun_slr1/U0'
Parsing XDC File [/home/truongnh/minhphat/30m/debug_link_69460/vpp_temp/link/vivado/vpl/.local/hw_platform/tcl_hooks/impl.xdc]
INFO: [Constraints 18-4422] SNAPPING_MODE is set so implementation will use the DERIVED_RANGES which may be different then the GRID_RANGES. [/home/truongnh/minhphat/30m/debug_link_69460/vpp_temp/link/vivado/vpl/.local/hw_platform/tcl_hooks/impl.xdc:13]
INFO: [Constraints 18-4421] A LAGUNA range, without usable sites, was added to DERIVED_RANGES for purposes of keeping the Programmable Unit together within the reconfigurable pblock. [/home/truongnh/minhphat/30m/debug_link_69460/vpp_temp/link/vivado/vpl/.local/hw_platform/tcl_hooks/impl.xdc:13]
get_pins: Time (s): cpu = 00:00:34 ; elapsed = 00:00:38 . Memory (MB): peak = 28472.660 ; gain = 10510.656 ; free physical = 72413 ; free virtual = 98668
get_pins: Time (s): cpu = 00:00:05 ; elapsed = 00:00:05 . Memory (MB): peak = 28728.660 ; gain = 256.000 ; free physical = 72412 ; free virtual = 98667
INFO: [Timing 38-2] Deriving generated clocks [/home/truongnh/minhphat/30m/debug_link_69460/vpp_temp/link/vivado/vpl/.local/hw_platform/tcl_hooks/impl.xdc:79]
INFO: [Vivado 12-2286] Implicit search of objects for pattern 'io_clk_ddr4_01_clk_p' matched to 'port' objects. [/home/truongnh/minhphat/30m/debug_link_69460/vpp_temp/link/vivado/vpl/.local/hw_platform/tcl_hooks/impl.xdc:79]
Resolution: To avoid ambiguous patterns, provide proper objects using get commands e.g. [get_nets xyz].
INFO: [Vivado 12-2286] Implicit search of objects for pattern 'level0_i/level1/level1_i/ulp/ss_ucs/inst/aclk_kernel_00_hierarchy/clock_throttling_aclk_kernel_00/U0/Gate_Fast_d1_reg/C' matched to 'pin' objects. [/home/truongnh/minhphat/30m/debug_link_69460/vpp_temp/link/vivado/vpl/.local/hw_platform/tcl_hooks/impl.xdc:79]
Resolution: To avoid ambiguous patterns, provide proper objects using get commands e.g. [get_nets xyz].
CRITICAL WARNING: [Constraints 18-514] set_max_delay: Path segmentation by forcing 'level0_i/level1/level1_i/ulp/ss_ucs/inst/aclk_kernel_00_hierarchy/clock_throttling_aclk_kernel_00/U0/Gate_Fast_d1_reg/C' to be timing endpoint. There will be no hold timing paths to this pin unless set_min_delay is used to constrain the paths. [/home/truongnh/minhphat/30m/debug_link_69460/vpp_temp/link/vivado/vpl/.local/hw_platform/tcl_hooks/impl.xdc:79]
Resolution: Use valid endpoint to avoid path segmentation such as the data pin of a register.
set_max_delay: Time (s): cpu = 00:01:36 ; elapsed = 00:00:31 . Memory (MB): peak = 28728.660 ; gain = 0.000 ; free physical = 72401 ; free virtual = 98657
INFO: [Vivado 12-2286] Implicit search of objects for pattern 'io_clk_ddr4_01_clk_p' matched to 'port' objects. [/home/truongnh/minhphat/30m/debug_link_69460/vpp_temp/link/vivado/vpl/.local/hw_platform/tcl_hooks/impl.xdc:80]
Resolution: To avoid ambiguous patterns, provide proper objects using get commands e.g. [get_nets xyz].
INFO: [Vivado 12-2286] Implicit search of objects for pattern 'level0_i/level1/level1_i/ulp/ss_ucs/inst/aclk_kernel_01_hierarchy/clock_throttling_aclk_kernel_01/U0/Gate_Fast_d1_reg/C' matched to 'pin' objects. [/home/truongnh/minhphat/30m/debug_link_69460/vpp_temp/link/vivado/vpl/.local/hw_platform/tcl_hooks/impl.xdc:80]
Resolution: To avoid ambiguous patterns, provide proper objects using get commands e.g. [get_nets xyz].
CRITICAL WARNING: [Constraints 18-514] set_max_delay: Path segmentation by forcing 'level0_i/level1/level1_i/ulp/ss_ucs/inst/aclk_kernel_01_hierarchy/clock_throttling_aclk_kernel_01/U0/Gate_Fast_d1_reg/C' to be timing endpoint. There will be no hold timing paths to this pin unless set_min_delay is used to constrain the paths. [/home/truongnh/minhphat/30m/debug_link_69460/vpp_temp/link/vivado/vpl/.local/hw_platform/tcl_hooks/impl.xdc:80]
Resolution: Use valid endpoint to avoid path segmentation such as the data pin of a register.
Finished Parsing XDC File [/home/truongnh/minhphat/30m/debug_link_69460/vpp_temp/link/vivado/vpl/.local/hw_platform/tcl_hooks/impl.xdc]
Parsing XDC File [/home/truongnh/minhphat/30m/debug_link_69460/vpp_temp/link/vivado/vpl/prj/prj.gen/my_rm/bd/ulp/ip/ulp_ip_psr_aresetn_freerun_slr2_0/ulp_ip_psr_aresetn_freerun_slr2_0.xdc] for cell 'level0_i/level1/level1_i/ulp/ip_psr_aresetn_freerun_slr2/U0'
Finished Parsing XDC File [/home/truongnh/minhphat/30m/debug_link_69460/vpp_temp/link/vivado/vpl/prj/prj.gen/my_rm/bd/ulp/ip/ulp_ip_psr_aresetn_freerun_slr2_0/ulp_ip_psr_aresetn_freerun_slr2_0.xdc] for cell 'level0_i/level1/level1_i/ulp/ip_psr_aresetn_freerun_slr2/U0'
Parsing XDC File [/home/truongnh/minhphat/30m/debug_link_69460/vpp_temp/link/vivado/vpl/prj/prj.gen/my_rm/bd/ulp/ip/ulp_ip_psr_aresetn_freerun_slr3_0/ulp_ip_psr_aresetn_freerun_slr3_0_board.xdc] for cell 'level0_i/level1/level1_i/ulp/ip_psr_aresetn_freerun_slr3/U0'
Finished Parsing XDC File [/home/truongnh/minhphat/30m/debug_link_69460/vpp_temp/link/vivado/vpl/prj/prj.gen/my_rm/bd/ulp/ip/ulp_ip_psr_aresetn_freerun_slr3_0/ulp_ip_psr_aresetn_freerun_slr3_0_board.xdc] for cell 'level0_i/level1/level1_i/ulp/ip_psr_aresetn_freerun_slr3/U0'
Parsing XDC File [/home/truongnh/minhphat/30m/debug_link_69460/vpp_temp/link/vivado/vpl/prj/prj.gen/my_rm/bd/ulp/ip/ulp_ip_psr_aresetn_freerun_slr3_0/ulp_ip_psr_aresetn_freerun_slr3_0.xdc] for cell 'level0_i/level1/level1_i/ulp/ip_psr_aresetn_freerun_slr3/U0'
Finished Parsing XDC File [/home/truongnh/minhphat/30m/debug_link_69460/vpp_temp/link/vivado/vpl/prj/prj.gen/my_rm/bd/ulp/ip/ulp_ip_psr_aresetn_freerun_slr3_0/ulp_ip_psr_aresetn_freerun_slr3_0.xdc] for cell 'level0_i/level1/level1_i/ulp/ip_psr_aresetn_freerun_slr3/U0'
Parsing XDC File [/home/truongnh/minhphat/30m/debug_link_69460/vpp_temp/link/vivado/vpl/prj/prj.gen/my_rm/bd/ulp/ip/ulp_memory_subsystem_0/bd_0/ip/ip_0/bd_b35e_psr_aclk_SLR0_0_board.xdc] for cell 'level0_i/level1/level1_i/ulp/memory_subsystem/inst/reset/psr_aclk_SLR0/U0'
Finished Parsing XDC File [/home/truongnh/minhphat/30m/debug_link_69460/vpp_temp/link/vivado/vpl/prj/prj.gen/my_rm/bd/ulp/ip/ulp_memory_subsystem_0/bd_0/ip/ip_0/bd_b35e_psr_aclk_SLR0_0_board.xdc] for cell 'level0_i/level1/level1_i/ulp/memory_subsystem/inst/reset/psr_aclk_SLR0/U0'
Parsing XDC File [/home/truongnh/minhphat/30m/debug_link_69460/vpp_temp/link/vivado/vpl/prj/prj.gen/my_rm/bd/ulp/ip/ulp_memory_subsystem_0/bd_0/ip/ip_0/bd_b35e_psr_aclk_SLR0_0.xdc] for cell 'level0_i/level1/level1_i/ulp/memory_subsystem/inst/reset/psr_aclk_SLR0/U0'
Finished Parsing XDC File [/home/truongnh/minhphat/30m/debug_link_69460/vpp_temp/link/vivado/vpl/prj/prj.gen/my_rm/bd/ulp/ip/ulp_memory_subsystem_0/bd_0/ip/ip_0/bd_b35e_psr_aclk_SLR0_0.xdc] for cell 'level0_i/level1/level1_i/ulp/memory_subsystem/inst/reset/psr_aclk_SLR0/U0'
Parsing XDC File [/home/truongnh/minhphat/30m/debug_link_69460/vpp_temp/link/vivado/vpl/prj/prj.gen/my_rm/bd/ulp/ip/ulp_memory_subsystem_0/bd_0/ip/ip_2/bd_b35e_psr_aclk_SLR2_0_board.xdc] for cell 'level0_i/level1/level1_i/ulp/memory_subsystem/inst/reset/psr_aclk_SLR2/U0'
Finished Parsing XDC File [/home/truongnh/minhphat/30m/debug_link_69460/vpp_temp/link/vivado/vpl/prj/prj.gen/my_rm/bd/ulp/ip/ulp_memory_subsystem_0/bd_0/ip/ip_2/bd_b35e_psr_aclk_SLR2_0_board.xdc] for cell 'level0_i/level1/level1_i/ulp/memory_subsystem/inst/reset/psr_aclk_SLR2/U0'
Parsing XDC File [/home/truongnh/minhphat/30m/debug_link_69460/vpp_temp/link/vivado/vpl/prj/prj.gen/my_rm/bd/ulp/ip/ulp_memory_subsystem_0/bd_0/ip/ip_2/bd_b35e_psr_aclk_SLR2_0.xdc] for cell 'level0_i/level1/level1_i/ulp/memory_subsystem/inst/reset/psr_aclk_SLR2/U0'
Finished Parsing XDC File [/home/truongnh/minhphat/30m/debug_link_69460/vpp_temp/link/vivado/vpl/prj/prj.gen/my_rm/bd/ulp/ip/ulp_memory_subsystem_0/bd_0/ip/ip_2/bd_b35e_psr_aclk_SLR2_0.xdc] for cell 'level0_i/level1/level1_i/ulp/memory_subsystem/inst/reset/psr_aclk_SLR2/U0'
Parsing XDC File [/home/truongnh/minhphat/30m/debug_link_69460/vpp_temp/link/vivado/vpl/prj/prj.gen/my_rm/bd/ulp/ip/ulp_memory_subsystem_0/bd_0/ip/ip_3/bd_b35e_psr_aclk_SLR3_0_board.xdc] for cell 'level0_i/level1/level1_i/ulp/memory_subsystem/inst/reset/psr_aclk_SLR3/U0'
Finished Parsing XDC File [/home/truongnh/minhphat/30m/debug_link_69460/vpp_temp/link/vivado/vpl/prj/prj.gen/my_rm/bd/ulp/ip/ulp_memory_subsystem_0/bd_0/ip/ip_3/bd_b35e_psr_aclk_SLR3_0_board.xdc] for cell 'level0_i/level1/level1_i/ulp/memory_subsystem/inst/reset/psr_aclk_SLR3/U0'
Parsing XDC File [/home/truongnh/minhphat/30m/debug_link_69460/vpp_temp/link/vivado/vpl/prj/prj.gen/my_rm/bd/ulp/ip/ulp_memory_subsystem_0/bd_0/ip/ip_3/bd_b35e_psr_aclk_SLR3_0.xdc] for cell 'level0_i/level1/level1_i/ulp/memory_subsystem/inst/reset/psr_aclk_SLR3/U0'
Finished Parsing XDC File [/home/truongnh/minhphat/30m/debug_link_69460/vpp_temp/link/vivado/vpl/prj/prj.gen/my_rm/bd/ulp/ip/ulp_memory_subsystem_0/bd_0/ip/ip_3/bd_b35e_psr_aclk_SLR3_0.xdc] for cell 'level0_i/level1/level1_i/ulp/memory_subsystem/inst/reset/psr_aclk_SLR3/U0'
Parsing XDC File [/home/truongnh/minhphat/30m/debug_link_69460/vpp_temp/link/vivado/vpl/.local/hw_platform/hw_bb_locked/level0_wrapper_board.xdc]
Finished Parsing XDC File [/home/truongnh/minhphat/30m/debug_link_69460/vpp_temp/link/vivado/vpl/.local/hw_platform/hw_bb_locked/level0_wrapper_board.xdc]
Parsing XDC File [/home/truongnh/minhphat/30m/debug_link_69460/vpp_temp/link/vivado/vpl/.local/hw_platform/hw_bb_locked/level0_wrapper_early.xdc]
WARNING: [Vivado 12-4417] Setting CLOCK_DELAY_GROUP on net 'level0_i/blp/blp_i/ss_hif/inst/pcie/inst/gt_top_i/diablo_gt.diablo_gt_phy_wrapper/gt_wizard.gtwizard_top_i/bd_39ab_pcie_0_gt_i/inst/gen_gtwizard_gtye4_top.bd_39ab_pcie_0_gt_gtwizard_gtye4_inst/gen_gtwizard_gtye4.gen_channel_container[31].gen_enabled_channel.gtye4_channel_wrapper_inst/channel_inst/txoutclk_out[3]' which is not driven by a global clock buffer. The resulting constraint will not have the desired effect. [ip_pcie4_uscale_plus_x0y1.xdc:236]
INFO: [Timing 38-2] Deriving generated clocks [level1_clk_wiz_ddr4_0.xdc:57]
get_clocks: Time (s): cpu = 00:00:55 ; elapsed = 00:00:21 . Memory (MB): peak = 28728.660 ; gain = 0.000 ; free physical = 81947 ; free virtual = 108203
Finished Parsing XDC File [/home/truongnh/minhphat/30m/debug_link_69460/vpp_temp/link/vivado/vpl/.local/hw_platform/hw_bb_locked/level0_wrapper_early.xdc]
Parsing XDC File [/home/truongnh/minhphat/30m/debug_link_69460/vpp_temp/link/vivado/vpl/output/dont_partition.xdc]
get_cells: Time (s): cpu = 00:00:10 ; elapsed = 00:00:11 . Memory (MB): peak = 28728.660 ; gain = 0.000 ; free physical = 82041 ; free virtual = 108296
Finished Parsing XDC File [/home/truongnh/minhphat/30m/debug_link_69460/vpp_temp/link/vivado/vpl/output/dont_partition.xdc]
Parsing XDC File [/home/truongnh/minhphat/30m/debug_link_69460/vpp_temp/link/vivado/vpl/.local/hw_platform/hw_bb_locked/level0_wrapper.xdc]
resize_pblock: Time (s): cpu = 00:00:09 ; elapsed = 00:00:09 . Memory (MB): peak = 28728.660 ; gain = 0.000 ; free physical = 81919 ; free virtual = 108175
WARNING: [Timing 38-3] User defined clock exists on pin level0_i/blp/blp_i/ss_hif/inst/pcie/inst/gt_top_i/diablo_gt.diablo_gt_phy_wrapper/gt_wizard.gtwizard_top_i/bd_39ab_pcie_0_gt_i/inst/gen_gtwizard_gtye4_top.bd_39ab_pcie_0_gt_gtwizard_gtye4_inst/gen_gtwizard_gtye4.gen_channel_container[31].gen_enabled_channel.gtye4_channel_wrapper_inst/channel_inst/gtye4_channel_gen.gen_gtye4_channel_inst[3].GTYE4_CHANNEL_PRIM_INST/TXOUTCLK [See ip_pcie4_uscale_plus_x0y1.xdc:127] and will prevent any subsequent automatic derivation of generated clocks on that pin. If the user defined clock specifies '-add', any existing auto-derived clocks on that pin are retained. [impl.clocks.xdc:42]
INFO: [Timing 38-2] Deriving generated clocks [impl.clocks.xdc:42]
get_clocks: Time (s): cpu = 00:01:52 ; elapsed = 00:00:40 . Memory (MB): peak = 28728.660 ; gain = 0.000 ; free physical = 82659 ; free virtual = 108914
INFO: [Vivado 12-2286] Implicit search of objects for pattern 'clk_sck' matched to 'clock' objects. [impl.clocks.xdc:42]
Resolution: To avoid ambiguous patterns, provide proper objects using get commands e.g. [get_nets xyz].
INFO: [Vivado 12-2286] Implicit search of objects for pattern 'clk_sck' matched to 'clock' objects. [impl.clocks.xdc:43]
Resolution: To avoid ambiguous patterns, provide proper objects using get commands e.g. [get_nets xyz].
INFO: [Vivado 12-2286] Implicit search of objects for pattern 'clk_sck' matched to 'clock' objects. [impl.clocks.xdc:46]
Resolution: To avoid ambiguous patterns, provide proper objects using get commands e.g. [get_nets xyz].
resize_pblock: Time (s): cpu = 00:00:08 ; elapsed = 00:00:08 . Memory (MB): peak = 28728.660 ; gain = 0.000 ; free physical = 82568 ; free virtual = 108824
Finished Parsing XDC File [/home/truongnh/minhphat/30m/debug_link_69460/vpp_temp/link/vivado/vpl/.local/hw_platform/hw_bb_locked/level0_wrapper.xdc]
Parsing XDC File [/home/truongnh/minhphat/30m/debug_link_69460/vpp_temp/link/vivado/vpl/.local/hw_platform/hw_bb_locked/level0_wrapper_late.xdc]
WARNING: [Timing 38-3] User defined clock exists on pin level0_i/blp/blp_i/ss_hif/inst/pcie/inst/gt_top_i/diablo_gt.diablo_gt_phy_wrapper/gt_wizard.gtwizard_top_i/bd_39ab_pcie_0_gt_i/inst/gen_gtwizard_gtye4_top.bd_39ab_pcie_0_gt_gtwizard_gtye4_inst/gen_gtwizard_gtye4.gen_channel_container[31].gen_enabled_channel.gtye4_channel_wrapper_inst/channel_inst/gtye4_channel_gen.gen_gtye4_channel_inst[3].GTYE4_CHANNEL_PRIM_INST/TXOUTCLK [See ip_pcie4_uscale_plus_x0y1.xdc:127] and will prevent any subsequent automatic derivation of generated clocks on that pin. If the user defined clock specifies '-add', any existing auto-derived clocks on that pin are retained. [bs_mux.xdc:2]
get_clocks: Time (s): cpu = 00:00:35 ; elapsed = 00:00:13 . Memory (MB): peak = 28728.660 ; gain = 0.000 ; free physical = 82425 ; free virtual = 108681
WARNING: [Timing 38-3] User defined clock exists on pin level0_i/blp/blp_i/ss_hif/inst/pcie/inst/gt_top_i/diablo_gt.diablo_gt_phy_wrapper/gt_wizard.gtwizard_top_i/bd_39ab_pcie_0_gt_i/inst/gen_gtwizard_gtye4_top.bd_39ab_pcie_0_gt_gtwizard_gtye4_inst/gen_gtwizard_gtye4.gen_channel_container[31].gen_enabled_channel.gtye4_channel_wrapper_inst/channel_inst/gtye4_channel_gen.gen_gtye4_channel_inst[3].GTYE4_CHANNEL_PRIM_INST/TXOUTCLK [See ip_pcie4_uscale_plus_x0y1.xdc:127] and will prevent any subsequent automatic derivation of generated clocks on that pin. If the user defined clock specifies '-add', any existing auto-derived clocks on that pin are retained. [bs_mux.xdc:6]
get_clocks: Time (s): cpu = 00:03:07 ; elapsed = 00:01:13 . Memory (MB): peak = 28728.660 ; gain = 0.000 ; free physical = 82382 ; free virtual = 108637
Finished Parsing XDC File [/home/truongnh/minhphat/30m/debug_link_69460/vpp_temp/link/vivado/vpl/.local/hw_platform/hw_bb_locked/level0_wrapper_late.xdc]
Reading XDEF placement.
Reading placer database...
Reading XDEF routing.
Read XDEF File: Time (s): cpu = 00:00:08 ; elapsed = 00:00:08 . Memory (MB): peak = 28728.660 ; gain = 0.000 ; free physical = 82301 ; free virtual = 108587
Restored from archive | CPU: 8.400000 secs | Memory: 164.423874 MB |
Finished XDEF File Restore: Time (s): cpu = 00:00:08 ; elapsed = 00:00:08 . Memory (MB): peak = 28728.660 ; gain = 0.000 ; free physical = 82301 ; free virtual = 108587
WARNING: [Constraints 18-4434] Global Clock Buffer 'level0_i/blp/blp_i/freerun_clk/bufg/U0/USE_BUFG.GEN_BUFG[0].BUFG_U' is LOCed to site 'BUFGCE_X0Y112'. Using a LOC constraint to assign the placement of a Global Clock Buffer can result in sub-optimal placement results.
Resolution: Remove the LOC constraint and use the CLOCK_REGION constraint to assign a Global Clock Buffer to a CLOCK_REGION.
WARNING: [Constraints 18-4434] Global Clock Buffer 'level0_i/blp/blp_i/freerun_clk/bufg_div/U0/USE_BUFGCE_DIV2.GEN_BUFGCE_DIV2[0].BUFGCE_DIV2_I' is LOCed to site 'BUFGCE_DIV_X0Y16'. Using a LOC constraint to assign the placement of a Global Clock Buffer can result in sub-optimal placement results.
Resolution: Remove the LOC constraint and use the CLOCK_REGION constraint to assign a Global Clock Buffer to a CLOCK_REGION.
WARNING: [Constraints 18-4434] Global Clock Buffer 'level0_i/blp/blp_i/ss_cmp/inst/jtag_fallback/inst/bs_switch/inst/BSCAN_SWITCH.N_EXT_BSCAN.u_bufg_icon_tck' is LOCed to site 'BUFGCE_X0Y96'. Using a LOC constraint to assign the placement of a Global Clock Buffer can result in sub-optimal placement results.
Resolution: Remove the LOC constraint and use the CLOCK_REGION constraint to assign a Global Clock Buffer to a CLOCK_REGION.
WARNING: [Constraints 18-4434] Global Clock Buffer 'level0_i/blp/blp_i/ss_cmp/inst/mdm_board_control/U0/No_Dbg_Reg_Access.BUFG_DRCK/Using_FPGA.Native' is LOCed to site 'BUFGCE_X0Y97'. Using a LOC constraint to assign the placement of a Global Clock Buffer can result in sub-optimal placement results.
Resolution: Remove the LOC constraint and use the CLOCK_REGION constraint to assign a Global Clock Buffer to a CLOCK_REGION.
WARNING: [Constraints 18-4434] Global Clock Buffer 'level0_i/blp/blp_i/ss_cmp/inst/mdm_board_control/U0/Use_External.Use_BSCANID.No_Dbg_Reg_Access.BUFG_UPDATE/Using_FPGA.Native' is LOCed to site 'BUFGCE_X0Y100'. Using a LOC constraint to assign the placement of a Global Clock Buffer can result in sub-optimal placement results.
Resolution: Remove the LOC constraint and use the CLOCK_REGION constraint to assign a Global Clock Buffer to a CLOCK_REGION.
WARNING: [Constraints 18-4434] Global Clock Buffer 'level0_i/blp/blp_i/ss_cmp/inst/mgmt_debug_bridge/inst/bs_mux/inst/u_bufg_mux' is LOCed to site 'BUFGCTRL_X0Y34'. Using a LOC constraint to assign the placement of a Global Clock Buffer can result in sub-optimal placement results.
Resolution: Remove the LOC constraint and use the CLOCK_REGION constraint to assign a Global Clock Buffer to a CLOCK_REGION.
WARNING: [Constraints 18-4434] Global Clock Buffer 'level0_i/blp/blp_i/ss_cmp/inst/mgmt_debug_bridge/inst/bsip/inst/USE_SOFTBSCAN.U_TAP_TCKBUFG' is LOCed to site 'BUFGCE_X0Y99'. Using a LOC constraint to assign the placement of a Global Clock Buffer can result in sub-optimal placement results.
Resolution: Remove the LOC constraint and use the CLOCK_REGION constraint to assign a Global Clock Buffer to a CLOCK_REGION.
WARNING: [Constraints 18-4434] Global Clock Buffer 'level0_i/blp/blp_i/ss_hif/inst/clkwiz_level0_periph/inst/clkout1_buf' is LOCed to site 'BUFGCE_X0Y104'. Using a LOC constraint to assign the placement of a Global Clock Buffer can result in sub-optimal placement results.
Resolution: Remove the LOC constraint and use the CLOCK_REGION constraint to assign a Global Clock Buffer to a CLOCK_REGION.
WARNING: [Constraints 18-4434] Global Clock Buffer 'level0_i/blp/blp_i/ss_hif/inst/clkwiz_level0_periph/inst/clkout2_buf' is LOCed to site 'BUFGCE_X0Y98'. Using a LOC constraint to assign the placement of a Global Clock Buffer can result in sub-optimal placement results.
Resolution: Remove the LOC constraint and use the CLOCK_REGION constraint to assign a Global Clock Buffer to a CLOCK_REGION.
WARNING: [Constraints 18-4434] Global Clock Buffer 'level0_i/blp/blp_i/ss_hif/inst/pcie/inst/bufg_gt_sysclk' is LOCed to site 'BUFG_GT_X1Y167'. Using a LOC constraint to assign the placement of a Global Clock Buffer can result in sub-optimal placement results.
Resolution: Remove the LOC constraint and use the CLOCK_REGION constraint to assign a Global Clock Buffer to a CLOCK_REGION.
WARNING: [Constraints 18-4434] Global Clock Buffer 'level0_i/blp/blp_i/ss_hif/inst/pcie/inst/gt_top_i/diablo_gt.diablo_gt_phy_wrapper/gt_wizard.gtwizard_top_i/bd_39ab_pcie_0_gt_i/inst/gen_gtwizard_gtye4_top.bd_39ab_pcie_0_gt_gtwizard_gtye4_inst/gen_gtwizard_gtye4.gen_cpll_cal_gtye4.gen_cpll_cal_inst[0].gen_inst_cpll_cal.gtwizard_ultrascale_v1_7_8_gtye4_cpll_cal_inst/gtwizard_ultrascale_v1_7_8_gtye4_cpll_cal_tx_i/bufg_gt_txoutclkmon_inst' is LOCed to site 'BUFG_GT_X1Y105'. Using a LOC constraint to assign the placement of a Global Clock Buffer can result in sub-optimal placement results.
Resolution: Remove the LOC constraint and use the CLOCK_REGION constraint to assign a Global Clock Buffer to a CLOCK_REGION.
WARNING: [Constraints 18-4434] Global Clock Buffer 'level0_i/blp/blp_i/ss_hif/inst/pcie/inst/gt_top_i/diablo_gt.diablo_gt_phy_wrapper/gt_wizard.gtwizard_top_i/bd_39ab_pcie_0_gt_i/inst/gen_gtwizard_gtye4_top.bd_39ab_pcie_0_gt_gtwizard_gtye4_inst/gen_gtwizard_gtye4.gen_cpll_cal_gtye4.gen_cpll_cal_inst[10].gen_inst_cpll_cal.gtwizard_ultrascale_v1_7_8_gtye4_cpll_cal_inst/gtwizard_ultrascale_v1_7_8_gtye4_cpll_cal_tx_i/bufg_gt_txoutclkmon_inst' is LOCed to site 'BUFG_GT_X1Y166'. Using a LOC constraint to assign the placement of a Global Clock Buffer can result in sub-optimal placement results.
Resolution: Remove the LOC constraint and use the CLOCK_REGION constraint to assign a Global Clock Buffer to a CLOCK_REGION.
WARNING: [Constraints 18-4434] Global Clock Buffer 'level0_i/blp/blp_i/ss_hif/inst/pcie/inst/gt_top_i/diablo_gt.diablo_gt_phy_wrapper/gt_wizard.gtwizard_top_i/bd_39ab_pcie_0_gt_i/inst/gen_gtwizard_gtye4_top.bd_39ab_pcie_0_gt_gtwizard_gtye4_inst/gen_gtwizard_gtye4.gen_cpll_cal_gtye4.gen_cpll_cal_inst[11].gen_inst_cpll_cal.gtwizard_ultrascale_v1_7_8_gtye4_cpll_cal_inst/gtwizard_ultrascale_v1_7_8_gtye4_cpll_cal_tx_i/bufg_gt_txoutclkmon_inst' is LOCed to site 'BUFG_GT_X1Y165'. Using a LOC constraint to assign the placement of a Global Clock Buffer can result in sub-optimal placement results.
Resolution: Remove the LOC constraint and use the CLOCK_REGION constraint to assign a Global Clock Buffer to a CLOCK_REGION.
WARNING: [Constraints 18-4434] Global Clock Buffer 'level0_i/blp/blp_i/ss_hif/inst/pcie/inst/gt_top_i/diablo_gt.diablo_gt_phy_wrapper/gt_wizard.gtwizard_top_i/bd_39ab_pcie_0_gt_i/inst/gen_gtwizard_gtye4_top.bd_39ab_pcie_0_gt_gtwizard_gtye4_inst/gen_gtwizard_gtye4.gen_cpll_cal_gtye4.gen_cpll_cal_inst[12].gen_inst_cpll_cal.gtwizard_ultrascale_v1_7_8_gtye4_cpll_cal_inst/gtwizard_ultrascale_v1_7_8_gtye4_cpll_cal_tx_i/bufg_gt_txoutclkmon_inst' is LOCed to site 'BUFG_GT_X1Y171'. Using a LOC constraint to assign the placement of a Global Clock Buffer can result in sub-optimal placement results.
Resolution: Remove the LOC constraint and use the CLOCK_REGION constraint to assign a Global Clock Buffer to a CLOCK_REGION.
WARNING: [Constraints 18-4434] Global Clock Buffer 'level0_i/blp/blp_i/ss_hif/inst/pcie/inst/gt_top_i/diablo_gt.diablo_gt_phy_wrapper/gt_wizard.gtwizard_top_i/bd_39ab_pcie_0_gt_i/inst/gen_gtwizard_gtye4_top.bd_39ab_pcie_0_gt_gtwizard_gtye4_inst/gen_gtwizard_gtye4.gen_cpll_cal_gtye4.gen_cpll_cal_inst[13].gen_inst_cpll_cal.gtwizard_ultrascale_v1_7_8_gtye4_cpll_cal_inst/gtwizard_ultrascale_v1_7_8_gtye4_cpll_cal_tx_i/bufg_gt_txoutclkmon_inst' is LOCed to site 'BUFG_GT_X1Y177'. Using a LOC constraint to assign the placement of a Global Clock Buffer can result in sub-optimal placement results.
Resolution: Remove the LOC constraint and use the CLOCK_REGION constraint to assign a Global Clock Buffer to a CLOCK_REGION.
WARNING: [Constraints 18-4434] Global Clock Buffer 'level0_i/blp/blp_i/ss_hif/inst/pcie/inst/gt_top_i/diablo_gt.diablo_gt_phy_wrapper/gt_wizard.gtwizard_top_i/bd_39ab_pcie_0_gt_i/inst/gen_gtwizard_gtye4_top.bd_39ab_pcie_0_gt_gtwizard_gtye4_inst/gen_gtwizard_gtye4.gen_cpll_cal_gtye4.gen_cpll_cal_inst[14].gen_inst_cpll_cal.gtwizard_ultrascale_v1_7_8_gtye4_cpll_cal_inst/gtwizard_ultrascale_v1_7_8_gtye4_cpll_cal_tx_i/bufg_gt_txoutclkmon_inst' is LOCed to site 'BUFG_GT_X1Y178'. Using a LOC constraint to assign the placement of a Global Clock Buffer can result in sub-optimal placement results.
Resolution: Remove the LOC constraint and use the CLOCK_REGION constraint to assign a Global Clock Buffer to a CLOCK_REGION.
WARNING: [Constraints 18-4434] Global Clock Buffer 'level0_i/blp/blp_i/ss_hif/inst/pcie/inst/gt_top_i/diablo_gt.diablo_gt_phy_wrapper/gt_wizard.gtwizard_top_i/bd_39ab_pcie_0_gt_i/inst/gen_gtwizard_gtye4_top.bd_39ab_pcie_0_gt_gtwizard_gtye4_inst/gen_gtwizard_gtye4.gen_cpll_cal_gtye4.gen_cpll_cal_inst[15].gen_inst_cpll_cal.gtwizard_ultrascale_v1_7_8_gtye4_cpll_cal_inst/gtwizard_ultrascale_v1_7_8_gtye4_cpll_cal_tx_i/bufg_gt_txoutclkmon_inst' is LOCed to site 'BUFG_GT_X1Y181'. Using a LOC constraint to assign the placement of a Global Clock Buffer can result in sub-optimal placement results.
Resolution: Remove the LOC constraint and use the CLOCK_REGION constraint to assign a Global Clock Buffer to a CLOCK_REGION.
WARNING: [Constraints 18-4434] Global Clock Buffer 'level0_i/blp/blp_i/ss_hif/inst/pcie/inst/gt_top_i/diablo_gt.diablo_gt_phy_wrapper/gt_wizard.gtwizard_top_i/bd_39ab_pcie_0_gt_i/inst/gen_gtwizard_gtye4_top.bd_39ab_pcie_0_gt_gtwizard_gtye4_inst/gen_gtwizard_gtye4.gen_cpll_cal_gtye4.gen_cpll_cal_inst[1].gen_inst_cpll_cal.gtwizard_ultrascale_v1_7_8_gtye4_cpll_cal_inst/gtwizard_ultrascale_v1_7_8_gtye4_cpll_cal_tx_i/bufg_gt_txoutclkmon_inst' is LOCed to site 'BUFG_GT_X1Y118'. Using a LOC constraint to assign the placement of a Global Clock Buffer can result in sub-optimal placement results.
Resolution: Remove the LOC constraint and use the CLOCK_REGION constraint to assign a Global Clock Buffer to a CLOCK_REGION.
WARNING: [Constraints 18-4434] Global Clock Buffer 'level0_i/blp/blp_i/ss_hif/inst/pcie/inst/gt_top_i/diablo_gt.diablo_gt_phy_wrapper/gt_wizard.gtwizard_top_i/bd_39ab_pcie_0_gt_i/inst/gen_gtwizard_gtye4_top.bd_39ab_pcie_0_gt_gtwizard_gtye4_inst/gen_gtwizard_gtye4.gen_cpll_cal_gtye4.gen_cpll_cal_inst[2].gen_inst_cpll_cal.gtwizard_ultrascale_v1_7_8_gtye4_cpll_cal_inst/gtwizard_ultrascale_v1_7_8_gtye4_cpll_cal_tx_i/bufg_gt_txoutclkmon_inst' is LOCed to site 'BUFG_GT_X1Y117'. Using a LOC constraint to assign the placement of a Global Clock Buffer can result in sub-optimal placement results.
Resolution: Remove the LOC constraint and use the CLOCK_REGION constraint to assign a Global Clock Buffer to a CLOCK_REGION.
WARNING: [Constraints 18-4434] Global Clock Buffer 'level0_i/blp/blp_i/ss_hif/inst/pcie/inst/gt_top_i/diablo_gt.diablo_gt_phy_wrapper/gt_wizard.gtwizard_top_i/bd_39ab_pcie_0_gt_i/inst/gen_gtwizard_gtye4_top.bd_39ab_pcie_0_gt_gtwizard_gtye4_inst/gen_gtwizard_gtye4.gen_cpll_cal_gtye4.gen_cpll_cal_inst[3].gen_inst_cpll_cal.gtwizard_ultrascale_v1_7_8_gtye4_cpll_cal_inst/gtwizard_ultrascale_v1_7_8_gtye4_cpll_cal_tx_i/bufg_gt_txoutclkmon_inst' is LOCed to site 'BUFG_GT_X1Y106'. Using a LOC constraint to assign the placement of a Global Clock Buffer can result in sub-optimal placement results.
Resolution: Remove the LOC constraint and use the CLOCK_REGION constraint to assign a Global Clock Buffer to a CLOCK_REGION.
WARNING: [Constraints 18-4434] Global Clock Buffer 'level0_i/blp/blp_i/ss_hif/inst/pcie/inst/gt_top_i/diablo_gt.diablo_gt_phy_wrapper/gt_wizard.gtwizard_top_i/bd_39ab_pcie_0_gt_i/inst/gen_gtwizard_gtye4_top.bd_39ab_pcie_0_gt_gtwizard_gtye4_inst/gen_gtwizard_gtye4.gen_cpll_cal_gtye4.gen_cpll_cal_inst[4].gen_inst_cpll_cal.gtwizard_ultrascale_v1_7_8_gtye4_cpll_cal_inst/gtwizard_ultrascale_v1_7_8_gtye4_cpll_cal_tx_i/bufg_gt_txoutclkmon_inst' is LOCed to site 'BUFG_GT_X1Y142'. Using a LOC constraint to assign the placement of a Global Clock Buffer can result in sub-optimal placement results.
Resolution: Remove the LOC constraint and use the CLOCK_REGION constraint to assign a Global Clock Buffer to a CLOCK_REGION.
WARNING: [Constraints 18-4434] Global Clock Buffer 'level0_i/blp/blp_i/ss_hif/inst/pcie/inst/gt_top_i/diablo_gt.diablo_gt_phy_wrapper/gt_wizard.gtwizard_top_i/bd_39ab_pcie_0_gt_i/inst/gen_gtwizard_gtye4_top.bd_39ab_pcie_0_gt_gtwizard_gtye4_inst/gen_gtwizard_gtye4.gen_cpll_cal_gtye4.gen_cpll_cal_inst[5].gen_inst_cpll_cal.gtwizard_ultrascale_v1_7_8_gtye4_cpll_cal_inst/gtwizard_ultrascale_v1_7_8_gtye4_cpll_cal_tx_i/bufg_gt_txoutclkmon_inst' is LOCed to site 'BUFG_GT_X1Y129'. Using a LOC constraint to assign the placement of a Global Clock Buffer can result in sub-optimal placement results.
Resolution: Remove the LOC constraint and use the CLOCK_REGION constraint to assign a Global Clock Buffer to a CLOCK_REGION.
WARNING: [Constraints 18-4434] Global Clock Buffer 'level0_i/blp/blp_i/ss_hif/inst/pcie/inst/gt_top_i/diablo_gt.diablo_gt_phy_wrapper/gt_wizard.gtwizard_top_i/bd_39ab_pcie_0_gt_i/inst/gen_gtwizard_gtye4_top.bd_39ab_pcie_0_gt_gtwizard_gtye4_inst/gen_gtwizard_gtye4.gen_cpll_cal_gtye4.gen_cpll_cal_inst[6].gen_inst_cpll_cal.gtwizard_ultrascale_v1_7_8_gtye4_cpll_cal_inst/gtwizard_ultrascale_v1_7_8_gtye4_cpll_cal_tx_i/bufg_gt_txoutclkmon_inst' is LOCed to site 'BUFG_GT_X1Y141'. Using a LOC constraint to assign the placement of a Global Clock Buffer can result in sub-optimal placement results.
Resolution: Remove the LOC constraint and use the CLOCK_REGION constraint to assign a Global Clock Buffer to a CLOCK_REGION.
WARNING: [Constraints 18-4434] Global Clock Buffer 'level0_i/blp/blp_i/ss_hif/inst/pcie/inst/gt_top_i/diablo_gt.diablo_gt_phy_wrapper/gt_wizard.gtwizard_top_i/bd_39ab_pcie_0_gt_i/inst/gen_gtwizard_gtye4_top.bd_39ab_pcie_0_gt_gtwizard_gtye4_inst/gen_gtwizard_gtye4.gen_cpll_cal_gtye4.gen_cpll_cal_inst[7].gen_inst_cpll_cal.gtwizard_ultrascale_v1_7_8_gtye4_cpll_cal_inst/gtwizard_ultrascale_v1_7_8_gtye4_cpll_cal_tx_i/bufg_gt_txoutclkmon_inst' is LOCed to site 'BUFG_GT_X1Y133'. Using a LOC constraint to assign the placement of a Global Clock Buffer can result in sub-optimal placement results.
Resolution: Remove the LOC constraint and use the CLOCK_REGION constraint to assign a Global Clock Buffer to a CLOCK_REGION.
WARNING: [Constraints 18-4434] Global Clock Buffer 'level0_i/blp/blp_i/ss_hif/inst/pcie/inst/gt_top_i/diablo_gt.diablo_gt_phy_wrapper/gt_wizard.gtwizard_top_i/bd_39ab_pcie_0_gt_i/inst/gen_gtwizard_gtye4_top.bd_39ab_pcie_0_gt_gtwizard_gtye4_inst/gen_gtwizard_gtye4.gen_cpll_cal_gtye4.gen_cpll_cal_inst[8].gen_inst_cpll_cal.gtwizard_ultrascale_v1_7_8_gtye4_cpll_cal_inst/gtwizard_ultrascale_v1_7_8_gtye4_cpll_cal_tx_i/bufg_gt_txoutclkmon_inst' is LOCed to site 'BUFG_GT_X1Y159'. Using a LOC constraint to assign the placement of a Global Clock Buffer can result in sub-optimal placement results.
Resolution: Remove the LOC constraint and use the CLOCK_REGION constraint to assign a Global Clock Buffer to a CLOCK_REGION.
WARNING: [Constraints 18-4434] Global Clock Buffer 'level0_i/blp/blp_i/ss_hif/inst/pcie/inst/gt_top_i/diablo_gt.diablo_gt_phy_wrapper/gt_wizard.gtwizard_top_i/bd_39ab_pcie_0_gt_i/inst/gen_gtwizard_gtye4_top.bd_39ab_pcie_0_gt_gtwizard_gtye4_inst/gen_gtwizard_gtye4.gen_cpll_cal_gtye4.gen_cpll_cal_inst[9].gen_inst_cpll_cal.gtwizard_ultrascale_v1_7_8_gtye4_cpll_cal_inst/gtwizard_ultrascale_v1_7_8_gtye4_cpll_cal_tx_i/bufg_gt_txoutclkmon_inst' is LOCed to site 'BUFG_GT_X1Y163'. Using a LOC constraint to assign the placement of a Global Clock Buffer can result in sub-optimal placement results.
Resolution: Remove the LOC constraint and use the CLOCK_REGION constraint to assign a Global Clock Buffer to a CLOCK_REGION.
WARNING: [Constraints 18-4434] Global Clock Buffer 'level0_i/blp/blp_i/ss_hif/inst/pcie/inst/gt_top_i/diablo_gt.diablo_gt_phy_wrapper/phy_clk_i/bufg_gt_coreclk' is LOCed to site 'BUFG_GT_X1Y182'. Using a LOC constraint to assign the placement of a Global Clock Buffer can result in sub-optimal placement results.
Resolution: Remove the LOC constraint and use the CLOCK_REGION constraint to assign a Global Clock Buffer to a CLOCK_REGION.
WARNING: [Constraints 18-4434] Global Clock Buffer 'level0_i/blp/blp_i/ss_hif/inst/pcie/inst/gt_top_i/diablo_gt.diablo_gt_phy_wrapper/phy_clk_i/bufg_gt_intclk' is LOCed to site 'BUFG_GT_X1Y173'. Using a LOC constraint to assign the placement of a Global Clock Buffer can result in sub-optimal placement results.
Resolution: Remove the LOC constraint and use the CLOCK_REGION constraint to assign a Global Clock Buffer to a CLOCK_REGION.
WARNING: [Constraints 18-4434] Global Clock Buffer 'level0_i/blp/blp_i/ss_hif/inst/pcie/inst/gt_top_i/diablo_gt.diablo_gt_phy_wrapper/phy_clk_i/bufg_gt_mcapclk' is LOCed to site 'BUFG_GT_X1Y174'. Using a LOC constraint to assign the placement of a Global Clock Buffer can result in sub-optimal placement results.
Resolution: Remove the LOC constraint and use the CLOCK_REGION constraint to assign a Global Clock Buffer to a CLOCK_REGION.
WARNING: [Constraints 18-4434] Global Clock Buffer 'level0_i/blp/blp_i/ss_hif/inst/pcie/inst/gt_top_i/diablo_gt.diablo_gt_phy_wrapper/phy_clk_i/bufg_gt_pclk' is LOCed to site 'BUFG_GT_X1Y188'. Using a LOC constraint to assign the placement of a Global Clock Buffer can result in sub-optimal placement results.
Resolution: Remove the LOC constraint and use the CLOCK_REGION constraint to assign a Global Clock Buffer to a CLOCK_REGION.
WARNING: [Constraints 18-4434] Global Clock Buffer 'level0_i/blp/blp_i/ss_hif/inst/pcie/inst/gt_top_i/diablo_gt.diablo_gt_phy_wrapper/phy_clk_i/bufg_gt_userclk' is LOCed to site 'BUFG_GT_X1Y180'. Using a LOC constraint to assign the placement of a Global Clock Buffer can result in sub-optimal placement results.
Resolution: Remove the LOC constraint and use the CLOCK_REGION constraint to assign a Global Clock Buffer to a CLOCK_REGION.
WARNING: [Constraints 18-4434] Global Clock Buffer 'level0_i/level1/level1_i/plp/clk_wiz_ddr4/inst/clkout1_buf' is LOCed to site 'BUFGCE_X0Y164'. Using a LOC constraint to assign the placement of a Global Clock Buffer can result in sub-optimal placement results.
Resolution: Remove the LOC constraint and use the CLOCK_REGION constraint to assign a Global Clock Buffer to a CLOCK_REGION.
Parsing XDC File [/home/truongnh/minhphat/30m/debug_link_69460/vpp_temp/link/vivado/vpl/prj/prj.gen/my_rm/bd/ulp/ip/ulp_ii_level1_wire_0/bd_0/ip/ip_7/bd_1860_s_ip_axi_ctrl_mgmt_00_0_clocks.xdc] for cell 'level0_i/level1/level1_i/ulp/ii_level1_wire/inst/pxi_ii_core/inst/s_ip_axi_ctrl_mgmt_00/inst'
WARNING: [Vivado_Tcl 4-921] Waiver ID 'CDC-7' -to list should not be empty. [/home/truongnh/minhphat/30m/debug_link_69460/vpp_temp/link/vivado/vpl/prj/prj.gen/my_rm/bd/ulp/ip/ulp_ii_level1_wire_0/bd_0/ip/ip_7/bd_1860_s_ip_axi_ctrl_mgmt_00_0_clocks.xdc:10]
Finished Parsing XDC File [/home/truongnh/minhphat/30m/debug_link_69460/vpp_temp/link/vivado/vpl/prj/prj.gen/my_rm/bd/ulp/ip/ulp_ii_level1_wire_0/bd_0/ip/ip_7/bd_1860_s_ip_axi_ctrl_mgmt_00_0_clocks.xdc] for cell 'level0_i/level1/level1_i/ulp/ii_level1_wire/inst/pxi_ii_core/inst/s_ip_axi_ctrl_mgmt_00/inst'
Parsing XDC File [/home/truongnh/minhphat/30m/debug_link_69460/vpp_temp/link/vivado/vpl/prj/prj.gen/my_rm/bd/ulp/ip/ulp_ii_level1_wire_0/bd_0/ip/ip_8/bd_1860_m_ip_axi_ctrl_mgmt_00_0_clocks.xdc] for cell 'level0_i/level1/level1_i/ulp/ii_level1_wire/inst/pxi_ii_core/inst/m_ip_axi_ctrl_mgmt_00/inst'
WARNING: [Vivado_Tcl 4-921] Waiver ID 'CDC-7' -to list should not be empty. [/home/truongnh/minhphat/30m/debug_link_69460/vpp_temp/link/vivado/vpl/prj/prj.gen/my_rm/bd/ulp/ip/ulp_ii_level1_wire_0/bd_0/ip/ip_8/bd_1860_m_ip_axi_ctrl_mgmt_00_0_clocks.xdc:10]
Finished Parsing XDC File [/home/truongnh/minhphat/30m/debug_link_69460/vpp_temp/link/vivado/vpl/prj/prj.gen/my_rm/bd/ulp/ip/ulp_ii_level1_wire_0/bd_0/ip/ip_8/bd_1860_m_ip_axi_ctrl_mgmt_00_0_clocks.xdc] for cell 'level0_i/level1/level1_i/ulp/ii_level1_wire/inst/pxi_ii_core/inst/m_ip_axi_ctrl_mgmt_00/inst'
Parsing XDC File [/home/truongnh/minhphat/30m/debug_link_69460/vpp_temp/link/vivado/vpl/prj/prj.gen/my_rm/bd/ulp/ip/ulp_ii_level1_wire_0/bd_0/ip/ip_9/bd_1860_s_ip_axi_ctrl_mgmt_01_0_clocks.xdc] for cell 'level0_i/level1/level1_i/ulp/ii_level1_wire/inst/pxi_ii_core/inst/s_ip_axi_ctrl_mgmt_01/inst'
WARNING: [Vivado_Tcl 4-921] Waiver ID 'CDC-7' -to list should not be empty. [/home/truongnh/minhphat/30m/debug_link_69460/vpp_temp/link/vivado/vpl/prj/prj.gen/my_rm/bd/ulp/ip/ulp_ii_level1_wire_0/bd_0/ip/ip_9/bd_1860_s_ip_axi_ctrl_mgmt_01_0_clocks.xdc:10]
Finished Parsing XDC File [/home/truongnh/minhphat/30m/debug_link_69460/vpp_temp/link/vivado/vpl/prj/prj.gen/my_rm/bd/ulp/ip/ulp_ii_level1_wire_0/bd_0/ip/ip_9/bd_1860_s_ip_axi_ctrl_mgmt_01_0_clocks.xdc] for cell 'level0_i/level1/level1_i/ulp/ii_level1_wire/inst/pxi_ii_core/inst/s_ip_axi_ctrl_mgmt_01/inst'
Parsing XDC File [/home/truongnh/minhphat/30m/debug_link_69460/vpp_temp/link/vivado/vpl/prj/prj.gen/my_rm/bd/ulp/ip/ulp_ii_level1_wire_0/bd_0/ip/ip_10/bd_1860_m_ip_axi_ctrl_mgmt_01_0_clocks.xdc] for cell 'level0_i/level1/level1_i/ulp/ii_level1_wire/inst/pxi_ii_core/inst/m_ip_axi_ctrl_mgmt_01/inst'
WARNING: [Vivado_Tcl 4-921] Waiver ID 'CDC-7' -to list should not be empty. [/home/truongnh/minhphat/30m/debug_link_69460/vpp_temp/link/vivado/vpl/prj/prj.gen/my_rm/bd/ulp/ip/ulp_ii_level1_wire_0/bd_0/ip/ip_10/bd_1860_m_ip_axi_ctrl_mgmt_01_0_clocks.xdc:10]
Finished Parsing XDC File [/home/truongnh/minhphat/30m/debug_link_69460/vpp_temp/link/vivado/vpl/prj/prj.gen/my_rm/bd/ulp/ip/ulp_ii_level1_wire_0/bd_0/ip/ip_10/bd_1860_m_ip_axi_ctrl_mgmt_01_0_clocks.xdc] for cell 'level0_i/level1/level1_i/ulp/ii_level1_wire/inst/pxi_ii_core/inst/m_ip_axi_ctrl_mgmt_01/inst'
Parsing XDC File [/home/truongnh/minhphat/30m/debug_link_69460/vpp_temp/link/vivado/vpl/prj/prj.gen/my_rm/bd/ulp/ip/ulp_ii_level1_wire_0/bd_0/ip/ip_11/bd_1860_s_ip_axi_ctrl_user_00_0_clocks.xdc] for cell 'level0_i/level1/level1_i/ulp/ii_level1_wire/inst/pxi_ii_core/inst/s_ip_axi_ctrl_user_00/inst'
WARNING: [Vivado_Tcl 4-921] Waiver ID 'CDC-7' -to list should not be empty. [/home/truongnh/minhphat/30m/debug_link_69460/vpp_temp/link/vivado/vpl/prj/prj.gen/my_rm/bd/ulp/ip/ulp_ii_level1_wire_0/bd_0/ip/ip_11/bd_1860_s_ip_axi_ctrl_user_00_0_clocks.xdc:10]
Finished Parsing XDC File [/home/truongnh/minhphat/30m/debug_link_69460/vpp_temp/link/vivado/vpl/prj/prj.gen/my_rm/bd/ulp/ip/ulp_ii_level1_wire_0/bd_0/ip/ip_11/bd_1860_s_ip_axi_ctrl_user_00_0_clocks.xdc] for cell 'level0_i/level1/level1_i/ulp/ii_level1_wire/inst/pxi_ii_core/inst/s_ip_axi_ctrl_user_00/inst'
Parsing XDC File [/home/truongnh/minhphat/30m/debug_link_69460/vpp_temp/link/vivado/vpl/prj/prj.gen/my_rm/bd/ulp/ip/ulp_ii_level1_wire_0/bd_0/ip/ip_12/bd_1860_m_ip_axi_ctrl_user_00_0_clocks.xdc] for cell 'level0_i/level1/level1_i/ulp/ii_level1_wire/inst/pxi_ii_core/inst/m_ip_axi_ctrl_user_00/inst'
WARNING: [Vivado_Tcl 4-921] Waiver ID 'CDC-7' -to list should not be empty. [/home/truongnh/minhphat/30m/debug_link_69460/vpp_temp/link/vivado/vpl/prj/prj.gen/my_rm/bd/ulp/ip/ulp_ii_level1_wire_0/bd_0/ip/ip_12/bd_1860_m_ip_axi_ctrl_user_00_0_clocks.xdc:10]
Finished Parsing XDC File [/home/truongnh/minhphat/30m/debug_link_69460/vpp_temp/link/vivado/vpl/prj/prj.gen/my_rm/bd/ulp/ip/ulp_ii_level1_wire_0/bd_0/ip/ip_12/bd_1860_m_ip_axi_ctrl_user_00_0_clocks.xdc] for cell 'level0_i/level1/level1_i/ulp/ii_level1_wire/inst/pxi_ii_core/inst/m_ip_axi_ctrl_user_00/inst'
Parsing XDC File [/home/truongnh/minhphat/30m/debug_link_69460/vpp_temp/link/vivado/vpl/prj/prj.gen/my_rm/bd/ulp/ip/ulp_ii_level1_wire_0/bd_0/ip/ip_13/bd_1860_s_ip_axi_ctrl_user_01_0_clocks.xdc] for cell 'level0_i/level1/level1_i/ulp/ii_level1_wire/inst/pxi_ii_core/inst/s_ip_axi_ctrl_user_01/inst'
WARNING: [Vivado_Tcl 4-921] Waiver ID 'CDC-7' -to list should not be empty. [/home/truongnh/minhphat/30m/debug_link_69460/vpp_temp/link/vivado/vpl/prj/prj.gen/my_rm/bd/ulp/ip/ulp_ii_level1_wire_0/bd_0/ip/ip_13/bd_1860_s_ip_axi_ctrl_user_01_0_clocks.xdc:10]
Finished Parsing XDC File [/home/truongnh/minhphat/30m/debug_link_69460/vpp_temp/link/vivado/vpl/prj/prj.gen/my_rm/bd/ulp/ip/ulp_ii_level1_wire_0/bd_0/ip/ip_13/bd_1860_s_ip_axi_ctrl_user_01_0_clocks.xdc] for cell 'level0_i/level1/level1_i/ulp/ii_level1_wire/inst/pxi_ii_core/inst/s_ip_axi_ctrl_user_01/inst'
Parsing XDC File [/home/truongnh/minhphat/30m/debug_link_69460/vpp_temp/link/vivado/vpl/prj/prj.gen/my_rm/bd/ulp/ip/ulp_ii_level1_wire_0/bd_0/ip/ip_14/bd_1860_m_ip_axi_ctrl_user_01_0_clocks.xdc] for cell 'level0_i/level1/level1_i/ulp/ii_level1_wire/inst/pxi_ii_core/inst/m_ip_axi_ctrl_user_01/inst'
WARNING: [Vivado_Tcl 4-921] Waiver ID 'CDC-7' -to list should not be empty. [/home/truongnh/minhphat/30m/debug_link_69460/vpp_temp/link/vivado/vpl/prj/prj.gen/my_rm/bd/ulp/ip/ulp_ii_level1_wire_0/bd_0/ip/ip_14/bd_1860_m_ip_axi_ctrl_user_01_0_clocks.xdc:10]
Finished Parsing XDC File [/home/truongnh/minhphat/30m/debug_link_69460/vpp_temp/link/vivado/vpl/prj/prj.gen/my_rm/bd/ulp/ip/ulp_ii_level1_wire_0/bd_0/ip/ip_14/bd_1860_m_ip_axi_ctrl_user_01_0_clocks.xdc] for cell 'level0_i/level1/level1_i/ulp/ii_level1_wire/inst/pxi_ii_core/inst/m_ip_axi_ctrl_user_01/inst'
Parsing XDC File [/home/truongnh/minhphat/30m/debug_link_69460/vpp_temp/link/vivado/vpl/prj/prj.gen/my_rm/bd/ulp/ip/ulp_ii_level1_wire_0/bd_0/ip/ip_15/bd_1860_s_ip_axi_ctrl_user_02_0_clocks.xdc] for cell 'level0_i/level1/level1_i/ulp/ii_level1_wire/inst/pxi_ii_core/inst/s_ip_axi_ctrl_user_02/inst'
WARNING: [Vivado_Tcl 4-921] Waiver ID 'CDC-7' -to list should not be empty. [/home/truongnh/minhphat/30m/debug_link_69460/vpp_temp/link/vivado/vpl/prj/prj.gen/my_rm/bd/ulp/ip/ulp_ii_level1_wire_0/bd_0/ip/ip_15/bd_1860_s_ip_axi_ctrl_user_02_0_clocks.xdc:10]
Finished Parsing XDC File [/home/truongnh/minhphat/30m/debug_link_69460/vpp_temp/link/vivado/vpl/prj/prj.gen/my_rm/bd/ulp/ip/ulp_ii_level1_wire_0/bd_0/ip/ip_15/bd_1860_s_ip_axi_ctrl_user_02_0_clocks.xdc] for cell 'level0_i/level1/level1_i/ulp/ii_level1_wire/inst/pxi_ii_core/inst/s_ip_axi_ctrl_user_02/inst'
Parsing XDC File [/home/truongnh/minhphat/30m/debug_link_69460/vpp_temp/link/vivado/vpl/prj/prj.gen/my_rm/bd/ulp/ip/ulp_ii_level1_wire_0/bd_0/ip/ip_16/bd_1860_m_ip_axi_ctrl_user_02_0_clocks.xdc] for cell 'level0_i/level1/level1_i/ulp/ii_level1_wire/inst/pxi_ii_core/inst/m_ip_axi_ctrl_user_02/inst'
WARNING: [Vivado_Tcl 4-921] Waiver ID 'CDC-7' -to list should not be empty. [/home/truongnh/minhphat/30m/debug_link_69460/vpp_temp/link/vivado/vpl/prj/prj.gen/my_rm/bd/ulp/ip/ulp_ii_level1_wire_0/bd_0/ip/ip_16/bd_1860_m_ip_axi_ctrl_user_02_0_clocks.xdc:10]
Finished Parsing XDC File [/home/truongnh/minhphat/30m/debug_link_69460/vpp_temp/link/vivado/vpl/prj/prj.gen/my_rm/bd/ulp/ip/ulp_ii_level1_wire_0/bd_0/ip/ip_16/bd_1860_m_ip_axi_ctrl_user_02_0_clocks.xdc] for cell 'level0_i/level1/level1_i/ulp/ii_level1_wire/inst/pxi_ii_core/inst/m_ip_axi_ctrl_user_02/inst'
Parsing XDC File [/home/truongnh/minhphat/30m/debug_link_69460/vpp_temp/link/vivado/vpl/prj/prj.gen/my_rm/bd/ulp/ip/ulp_ii_level1_wire_0/bd_0/ip/ip_17/bd_1860_s_ip_axi_ctrl_user_03_0_clocks.xdc] for cell 'level0_i/level1/level1_i/ulp/ii_level1_wire/inst/pxi_ii_core/inst/s_ip_axi_ctrl_user_03/inst'
WARNING: [Vivado_Tcl 4-921] Waiver ID 'CDC-7' -to list should not be empty. [/home/truongnh/minhphat/30m/debug_link_69460/vpp_temp/link/vivado/vpl/prj/prj.gen/my_rm/bd/ulp/ip/ulp_ii_level1_wire_0/bd_0/ip/ip_17/bd_1860_s_ip_axi_ctrl_user_03_0_clocks.xdc:10]
Finished Parsing XDC File [/home/truongnh/minhphat/30m/debug_link_69460/vpp_temp/link/vivado/vpl/prj/prj.gen/my_rm/bd/ulp/ip/ulp_ii_level1_wire_0/bd_0/ip/ip_17/bd_1860_s_ip_axi_ctrl_user_03_0_clocks.xdc] for cell 'level0_i/level1/level1_i/ulp/ii_level1_wire/inst/pxi_ii_core/inst/s_ip_axi_ctrl_user_03/inst'
Parsing XDC File [/home/truongnh/minhphat/30m/debug_link_69460/vpp_temp/link/vivado/vpl/prj/prj.gen/my_rm/bd/ulp/ip/ulp_ii_level1_wire_0/bd_0/ip/ip_18/bd_1860_m_ip_axi_ctrl_user_03_0_clocks.xdc] for cell 'level0_i/level1/level1_i/ulp/ii_level1_wire/inst/pxi_ii_core/inst/m_ip_axi_ctrl_user_03/inst'
WARNING: [Vivado_Tcl 4-921] Waiver ID 'CDC-7' -to list should not be empty. [/home/truongnh/minhphat/30m/debug_link_69460/vpp_temp/link/vivado/vpl/prj/prj.gen/my_rm/bd/ulp/ip/ulp_ii_level1_wire_0/bd_0/ip/ip_18/bd_1860_m_ip_axi_ctrl_user_03_0_clocks.xdc:10]
Finished Parsing XDC File [/home/truongnh/minhphat/30m/debug_link_69460/vpp_temp/link/vivado/vpl/prj/prj.gen/my_rm/bd/ulp/ip/ulp_ii_level1_wire_0/bd_0/ip/ip_18/bd_1860_m_ip_axi_ctrl_user_03_0_clocks.xdc] for cell 'level0_i/level1/level1_i/ulp/ii_level1_wire/inst/pxi_ii_core/inst/m_ip_axi_ctrl_user_03/inst'
Parsing XDC File [/home/truongnh/minhphat/30m/debug_link_69460/vpp_temp/link/vivado/vpl/prj/prj.gen/my_rm/bd/ulp/ip/ulp_ii_level1_wire_0/bd_0/ip/ip_19/bd_1860_s_ip_axi_ctrl_user_debug_00_0_clocks.xdc] for cell 'level0_i/level1/level1_i/ulp/ii_level1_wire/inst/pxi_ii_core/inst/s_ip_axi_ctrl_user_debug_00/inst'
WARNING: [Vivado_Tcl 4-921] Waiver ID 'CDC-7' -to list should not be empty. [/home/truongnh/minhphat/30m/debug_link_69460/vpp_temp/link/vivado/vpl/prj/prj.gen/my_rm/bd/ulp/ip/ulp_ii_level1_wire_0/bd_0/ip/ip_19/bd_1860_s_ip_axi_ctrl_user_debug_00_0_clocks.xdc:10]
Finished Parsing XDC File [/home/truongnh/minhphat/30m/debug_link_69460/vpp_temp/link/vivado/vpl/prj/prj.gen/my_rm/bd/ulp/ip/ulp_ii_level1_wire_0/bd_0/ip/ip_19/bd_1860_s_ip_axi_ctrl_user_debug_00_0_clocks.xdc] for cell 'level0_i/level1/level1_i/ulp/ii_level1_wire/inst/pxi_ii_core/inst/s_ip_axi_ctrl_user_debug_00/inst'
Parsing XDC File [/home/truongnh/minhphat/30m/debug_link_69460/vpp_temp/link/vivado/vpl/prj/prj.gen/my_rm/bd/ulp/ip/ulp_ii_level1_wire_0/bd_0/ip/ip_20/bd_1860_m_ip_axi_ctrl_user_debug_00_0_clocks.xdc] for cell 'level0_i/level1/level1_i/ulp/ii_level1_wire/inst/pxi_ii_core/inst/m_ip_axi_ctrl_user_debug_00/inst'
WARNING: [Vivado_Tcl 4-921] Waiver ID 'CDC-7' -to list should not be empty. [/home/truongnh/minhphat/30m/debug_link_69460/vpp_temp/link/vivado/vpl/prj/prj.gen/my_rm/bd/ulp/ip/ulp_ii_level1_wire_0/bd_0/ip/ip_20/bd_1860_m_ip_axi_ctrl_user_debug_00_0_clocks.xdc:10]
Finished Parsing XDC File [/home/truongnh/minhphat/30m/debug_link_69460/vpp_temp/link/vivado/vpl/prj/prj.gen/my_rm/bd/ulp/ip/ulp_ii_level1_wire_0/bd_0/ip/ip_20/bd_1860_m_ip_axi_ctrl_user_debug_00_0_clocks.xdc] for cell 'level0_i/level1/level1_i/ulp/ii_level1_wire/inst/pxi_ii_core/inst/m_ip_axi_ctrl_user_debug_00/inst'
Parsing XDC File [/home/truongnh/minhphat/30m/debug_link_69460/vpp_temp/link/vivado/vpl/prj/prj.gen/my_rm/bd/ulp/ip/ulp_ii_level1_wire_0/bd_0/ip/ip_21/bd_1860_s_ip_axi_data_c2h_00_0_clocks.xdc] for cell 'level0_i/level1/level1_i/ulp/ii_level1_wire/inst/pxi_ii_core/inst/s_ip_axi_data_c2h_00/inst'
WARNING: [Vivado_Tcl 4-921] Waiver ID 'CDC-7' -to list should not be empty. [/home/truongnh/minhphat/30m/debug_link_69460/vpp_temp/link/vivado/vpl/prj/prj.gen/my_rm/bd/ulp/ip/ulp_ii_level1_wire_0/bd_0/ip/ip_21/bd_1860_s_ip_axi_data_c2h_00_0_clocks.xdc:10]
Finished Parsing XDC File [/home/truongnh/minhphat/30m/debug_link_69460/vpp_temp/link/vivado/vpl/prj/prj.gen/my_rm/bd/ulp/ip/ulp_ii_level1_wire_0/bd_0/ip/ip_21/bd_1860_s_ip_axi_data_c2h_00_0_clocks.xdc] for cell 'level0_i/level1/level1_i/ulp/ii_level1_wire/inst/pxi_ii_core/inst/s_ip_axi_data_c2h_00/inst'
Parsing XDC File [/home/truongnh/minhphat/30m/debug_link_69460/vpp_temp/link/vivado/vpl/prj/prj.gen/my_rm/bd/ulp/ip/ulp_ii_level1_wire_0/bd_0/ip/ip_22/bd_1860_m_ip_axi_data_c2h_00_0_clocks.xdc] for cell 'level0_i/level1/level1_i/ulp/ii_level1_wire/inst/pxi_ii_core/inst/m_ip_axi_data_c2h_00/inst'
WARNING: [Vivado_Tcl 4-921] Waiver ID 'CDC-7' -to list should not be empty. [/home/truongnh/minhphat/30m/debug_link_69460/vpp_temp/link/vivado/vpl/prj/prj.gen/my_rm/bd/ulp/ip/ulp_ii_level1_wire_0/bd_0/ip/ip_22/bd_1860_m_ip_axi_data_c2h_00_0_clocks.xdc:10]
Finished Parsing XDC File [/home/truongnh/minhphat/30m/debug_link_69460/vpp_temp/link/vivado/vpl/prj/prj.gen/my_rm/bd/ulp/ip/ulp_ii_level1_wire_0/bd_0/ip/ip_22/bd_1860_m_ip_axi_data_c2h_00_0_clocks.xdc] for cell 'level0_i/level1/level1_i/ulp/ii_level1_wire/inst/pxi_ii_core/inst/m_ip_axi_data_c2h_00/inst'
Parsing XDC File [/home/truongnh/minhphat/30m/debug_link_69460/vpp_temp/link/vivado/vpl/prj/prj.gen/my_rm/bd/ulp/ip/ulp_ii_level1_wire_0/bd_0/ip/ip_23/bd_1860_s_ip_axi_data_h2c_00_0_clocks.xdc] for cell 'level0_i/level1/level1_i/ulp/ii_level1_wire/inst/pxi_ii_core/inst/s_ip_axi_data_h2c_00/inst'
WARNING: [Vivado_Tcl 4-921] Waiver ID 'CDC-7' -to list should not be empty. [/home/truongnh/minhphat/30m/debug_link_69460/vpp_temp/link/vivado/vpl/prj/prj.gen/my_rm/bd/ulp/ip/ulp_ii_level1_wire_0/bd_0/ip/ip_23/bd_1860_s_ip_axi_data_h2c_00_0_clocks.xdc:10]
Finished Parsing XDC File [/home/truongnh/minhphat/30m/debug_link_69460/vpp_temp/link/vivado/vpl/prj/prj.gen/my_rm/bd/ulp/ip/ulp_ii_level1_wire_0/bd_0/ip/ip_23/bd_1860_s_ip_axi_data_h2c_00_0_clocks.xdc] for cell 'level0_i/level1/level1_i/ulp/ii_level1_wire/inst/pxi_ii_core/inst/s_ip_axi_data_h2c_00/inst'
Parsing XDC File [/home/truongnh/minhphat/30m/debug_link_69460/vpp_temp/link/vivado/vpl/prj/prj.gen/my_rm/bd/ulp/ip/ulp_ii_level1_wire_0/bd_0/ip/ip_24/bd_1860_m_ip_axi_data_h2c_00_0_clocks.xdc] for cell 'level0_i/level1/level1_i/ulp/ii_level1_wire/inst/pxi_ii_core/inst/m_ip_axi_data_h2c_00/inst'
WARNING: [Vivado_Tcl 4-921] Waiver ID 'CDC-7' -to list should not be empty. [/home/truongnh/minhphat/30m/debug_link_69460/vpp_temp/link/vivado/vpl/prj/prj.gen/my_rm/bd/ulp/ip/ulp_ii_level1_wire_0/bd_0/ip/ip_24/bd_1860_m_ip_axi_data_h2c_00_0_clocks.xdc:10]
Finished Parsing XDC File [/home/truongnh/minhphat/30m/debug_link_69460/vpp_temp/link/vivado/vpl/prj/prj.gen/my_rm/bd/ulp/ip/ulp_ii_level1_wire_0/bd_0/ip/ip_24/bd_1860_m_ip_axi_data_h2c_00_0_clocks.xdc] for cell 'level0_i/level1/level1_i/ulp/ii_level1_wire/inst/pxi_ii_core/inst/m_ip_axi_data_h2c_00/inst'
Parsing XDC File [/home/truongnh/minhphat/30m/debug_link_69460/vpp_temp/link/vivado/vpl/prj/prj.gen/my_rm/bd/ulp/ip/ulp_ii_level1_wire_0/bd_0/ip/ip_25/bd_1860_s_ip_axi_data_h2c_01_0_clocks.xdc] for cell 'level0_i/level1/level1_i/ulp/ii_level1_wire/inst/pxi_ii_core/inst/s_ip_axi_data_h2c_01/inst'
WARNING: [Vivado_Tcl 4-921] Waiver ID 'CDC-7' -to list should not be empty. [/home/truongnh/minhphat/30m/debug_link_69460/vpp_temp/link/vivado/vpl/prj/prj.gen/my_rm/bd/ulp/ip/ulp_ii_level1_wire_0/bd_0/ip/ip_25/bd_1860_s_ip_axi_data_h2c_01_0_clocks.xdc:10]
Finished Parsing XDC File [/home/truongnh/minhphat/30m/debug_link_69460/vpp_temp/link/vivado/vpl/prj/prj.gen/my_rm/bd/ulp/ip/ulp_ii_level1_wire_0/bd_0/ip/ip_25/bd_1860_s_ip_axi_data_h2c_01_0_clocks.xdc] for cell 'level0_i/level1/level1_i/ulp/ii_level1_wire/inst/pxi_ii_core/inst/s_ip_axi_data_h2c_01/inst'
Parsing XDC File [/home/truongnh/minhphat/30m/debug_link_69460/vpp_temp/link/vivado/vpl/prj/prj.gen/my_rm/bd/ulp/ip/ulp_ii_level1_wire_0/bd_0/ip/ip_26/bd_1860_m_ip_axi_data_h2c_01_0_clocks.xdc] for cell 'level0_i/level1/level1_i/ulp/ii_level1_wire/inst/pxi_ii_core/inst/m_ip_axi_data_h2c_01/inst'
WARNING: [Vivado_Tcl 4-921] Waiver ID 'CDC-7' -to list should not be empty. [/home/truongnh/minhphat/30m/debug_link_69460/vpp_temp/link/vivado/vpl/prj/prj.gen/my_rm/bd/ulp/ip/ulp_ii_level1_wire_0/bd_0/ip/ip_26/bd_1860_m_ip_axi_data_h2c_01_0_clocks.xdc:10]
Finished Parsing XDC File [/home/truongnh/minhphat/30m/debug_link_69460/vpp_temp/link/vivado/vpl/prj/prj.gen/my_rm/bd/ulp/ip/ulp_ii_level1_wire_0/bd_0/ip/ip_26/bd_1860_m_ip_axi_data_h2c_01_0_clocks.xdc] for cell 'level0_i/level1/level1_i/ulp/ii_level1_wire/inst/pxi_ii_core/inst/m_ip_axi_data_h2c_01/inst'
Parsing XDC File [/home/truongnh/minhphat/30m/debug_link_69460/vpp_temp/link/vivado/vpl/prj/prj.gen/my_rm/bd/ulp/ip/ulp_ii_level1_wire_0/bd_0/ip/ip_27/bd_1860_s_ip_axi_data_h2c_02_0_clocks.xdc] for cell 'level0_i/level1/level1_i/ulp/ii_level1_wire/inst/pxi_ii_core/inst/s_ip_axi_data_h2c_02/inst'
WARNING: [Vivado_Tcl 4-921] Waiver ID 'CDC-7' -to list should not be empty. [/home/truongnh/minhphat/30m/debug_link_69460/vpp_temp/link/vivado/vpl/prj/prj.gen/my_rm/bd/ulp/ip/ulp_ii_level1_wire_0/bd_0/ip/ip_27/bd_1860_s_ip_axi_data_h2c_02_0_clocks.xdc:10]
Finished Parsing XDC File [/home/truongnh/minhphat/30m/debug_link_69460/vpp_temp/link/vivado/vpl/prj/prj.gen/my_rm/bd/ulp/ip/ulp_ii_level1_wire_0/bd_0/ip/ip_27/bd_1860_s_ip_axi_data_h2c_02_0_clocks.xdc] for cell 'level0_i/level1/level1_i/ulp/ii_level1_wire/inst/pxi_ii_core/inst/s_ip_axi_data_h2c_02/inst'
Parsing XDC File [/home/truongnh/minhphat/30m/debug_link_69460/vpp_temp/link/vivado/vpl/prj/prj.gen/my_rm/bd/ulp/ip/ulp_ii_level1_wire_0/bd_0/ip/ip_28/bd_1860_m_ip_axi_data_h2c_02_0_clocks.xdc] for cell 'level0_i/level1/level1_i/ulp/ii_level1_wire/inst/pxi_ii_core/inst/m_ip_axi_data_h2c_02/inst'
WARNING: [Vivado_Tcl 4-921] Waiver ID 'CDC-7' -to list should not be empty. [/home/truongnh/minhphat/30m/debug_link_69460/vpp_temp/link/vivado/vpl/prj/prj.gen/my_rm/bd/ulp/ip/ulp_ii_level1_wire_0/bd_0/ip/ip_28/bd_1860_m_ip_axi_data_h2c_02_0_clocks.xdc:10]
Finished Parsing XDC File [/home/truongnh/minhphat/30m/debug_link_69460/vpp_temp/link/vivado/vpl/prj/prj.gen/my_rm/bd/ulp/ip/ulp_ii_level1_wire_0/bd_0/ip/ip_28/bd_1860_m_ip_axi_data_h2c_02_0_clocks.xdc] for cell 'level0_i/level1/level1_i/ulp/ii_level1_wire/inst/pxi_ii_core/inst/m_ip_axi_data_h2c_02/inst'
Parsing XDC File [/home/truongnh/minhphat/30m/debug_link_69460/vpp_temp/link/vivado/vpl/prj/prj.gen/my_rm/bd/ulp/ip/ulp_ii_level1_wire_0/bd_0/ip/ip_29/bd_1860_s_ip_axi_data_h2c_03_0_clocks.xdc] for cell 'level0_i/level1/level1_i/ulp/ii_level1_wire/inst/pxi_ii_core/inst/s_ip_axi_data_h2c_03/inst'
WARNING: [Vivado_Tcl 4-921] Waiver ID 'CDC-7' -to list should not be empty. [/home/truongnh/minhphat/30m/debug_link_69460/vpp_temp/link/vivado/vpl/prj/prj.gen/my_rm/bd/ulp/ip/ulp_ii_level1_wire_0/bd_0/ip/ip_29/bd_1860_s_ip_axi_data_h2c_03_0_clocks.xdc:10]
Finished Parsing XDC File [/home/truongnh/minhphat/30m/debug_link_69460/vpp_temp/link/vivado/vpl/prj/prj.gen/my_rm/bd/ulp/ip/ulp_ii_level1_wire_0/bd_0/ip/ip_29/bd_1860_s_ip_axi_data_h2c_03_0_clocks.xdc] for cell 'level0_i/level1/level1_i/ulp/ii_level1_wire/inst/pxi_ii_core/inst/s_ip_axi_data_h2c_03/inst'
Parsing XDC File [/home/truongnh/minhphat/30m/debug_link_69460/vpp_temp/link/vivado/vpl/prj/prj.gen/my_rm/bd/ulp/ip/ulp_ii_level1_wire_0/bd_0/ip/ip_30/bd_1860_m_ip_axi_data_h2c_03_0_clocks.xdc] for cell 'level0_i/level1/level1_i/ulp/ii_level1_wire/inst/pxi_ii_core/inst/m_ip_axi_data_h2c_03/inst'
WARNING: [Vivado_Tcl 4-921] Waiver ID 'CDC-7' -to list should not be empty. [/home/truongnh/minhphat/30m/debug_link_69460/vpp_temp/link/vivado/vpl/prj/prj.gen/my_rm/bd/ulp/ip/ulp_ii_level1_wire_0/bd_0/ip/ip_30/bd_1860_m_ip_axi_data_h2c_03_0_clocks.xdc:10]
Finished Parsing XDC File [/home/truongnh/minhphat/30m/debug_link_69460/vpp_temp/link/vivado/vpl/prj/prj.gen/my_rm/bd/ulp/ip/ulp_ii_level1_wire_0/bd_0/ip/ip_30/bd_1860_m_ip_axi_data_h2c_03_0_clocks.xdc] for cell 'level0_i/level1/level1_i/ulp/ii_level1_wire/inst/pxi_ii_core/inst/m_ip_axi_data_h2c_03/inst'
Parsing XDC File [/home/truongnh/minhphat/30m/debug_link_69460/vpp_temp/link/vivado/vpl/prj/prj.gen/my_rm/bd/ulp/ip/ulp_ii_level1_wire_0/bd_0/ip/ip_31/bd_1860_s_ip_axi_data_u2s_00_0_clocks.xdc] for cell 'level0_i/level1/level1_i/ulp/ii_level1_wire/inst/pxi_ii_core/inst/s_ip_axi_data_u2s_00/inst'
WARNING: [Vivado_Tcl 4-921] Waiver ID 'CDC-7' -to list should not be empty. [/home/truongnh/minhphat/30m/debug_link_69460/vpp_temp/link/vivado/vpl/prj/prj.gen/my_rm/bd/ulp/ip/ulp_ii_level1_wire_0/bd_0/ip/ip_31/bd_1860_s_ip_axi_data_u2s_00_0_clocks.xdc:10]
Finished Parsing XDC File [/home/truongnh/minhphat/30m/debug_link_69460/vpp_temp/link/vivado/vpl/prj/prj.gen/my_rm/bd/ulp/ip/ulp_ii_level1_wire_0/bd_0/ip/ip_31/bd_1860_s_ip_axi_data_u2s_00_0_clocks.xdc] for cell 'level0_i/level1/level1_i/ulp/ii_level1_wire/inst/pxi_ii_core/inst/s_ip_axi_data_u2s_00/inst'
Parsing XDC File [/home/truongnh/minhphat/30m/debug_link_69460/vpp_temp/link/vivado/vpl/prj/prj.gen/my_rm/bd/ulp/ip/ulp_ii_level1_wire_0/bd_0/ip/ip_32/bd_1860_m_ip_axi_data_u2s_00_0_clocks.xdc] for cell 'level0_i/level1/level1_i/ulp/ii_level1_wire/inst/pxi_ii_core/inst/m_ip_axi_data_u2s_00/inst'
WARNING: [Vivado_Tcl 4-921] Waiver ID 'CDC-7' -to list should not be empty. [/home/truongnh/minhphat/30m/debug_link_69460/vpp_temp/link/vivado/vpl/prj/prj.gen/my_rm/bd/ulp/ip/ulp_ii_level1_wire_0/bd_0/ip/ip_32/bd_1860_m_ip_axi_data_u2s_00_0_clocks.xdc:10]
Finished Parsing XDC File [/home/truongnh/minhphat/30m/debug_link_69460/vpp_temp/link/vivado/vpl/prj/prj.gen/my_rm/bd/ulp/ip/ulp_ii_level1_wire_0/bd_0/ip/ip_32/bd_1860_m_ip_axi_data_u2s_00_0_clocks.xdc] for cell 'level0_i/level1/level1_i/ulp/ii_level1_wire/inst/pxi_ii_core/inst/m_ip_axi_data_u2s_00/inst'
Parsing XDC File [/home/truongnh/minhphat/30m/debug_link_69460/vpp_temp/link/vivado/vpl/prj/prj.gen/my_rm/bd/ulp/ip/ulp_ss_ucs_0/bd_0/ip/ip_111/bd_1361_auto_cc_0_clocks.xdc] for cell 'level0_i/level1/level1_i/ulp/ss_ucs/inst/frequency_counters/axi_ic_ctrl_mgmt_freq/s00_couplers/auto_cc/inst'
WARNING: [Vivado_Tcl 4-921] Waiver ID 'CDC-10' -to list should not be empty. [/home/truongnh/minhphat/30m/debug_link_69460/vpp_temp/link/vivado/vpl/prj/prj.gen/my_rm/bd/ulp/ip/ulp_ss_ucs_0/bd_0/ip/ip_111/bd_1361_auto_cc_0_clocks.xdc:7]
WARNING: [Vivado_Tcl 4-921] Waiver ID 'CDC-11' -to list should not be empty. [/home/truongnh/minhphat/30m/debug_link_69460/vpp_temp/link/vivado/vpl/prj/prj.gen/my_rm/bd/ulp/ip/ulp_ss_ucs_0/bd_0/ip/ip_111/bd_1361_auto_cc_0_clocks.xdc:10]
WARNING: [Vivado_Tcl 4-921] Waiver ID 'CDC-15' -to list should not be empty. [/home/truongnh/minhphat/30m/debug_link_69460/vpp_temp/link/vivado/vpl/prj/prj.gen/my_rm/bd/ulp/ip/ulp_ss_ucs_0/bd_0/ip/ip_111/bd_1361_auto_cc_0_clocks.xdc:13]
WARNING: [Vivado_Tcl 4-939] Waiver ID 'LUTAR-1' object list should not be empty (perhaps an invalid wildcard was used or only unsupported objects). [/home/truongnh/minhphat/30m/debug_link_69460/vpp_temp/link/vivado/vpl/prj/prj.gen/my_rm/bd/ulp/ip/ulp_ss_ucs_0/bd_0/ip/ip_111/bd_1361_auto_cc_0_clocks.xdc:17]
Finished Parsing XDC File [/home/truongnh/minhphat/30m/debug_link_69460/vpp_temp/link/vivado/vpl/prj/prj.gen/my_rm/bd/ulp/ip/ulp_ss_ucs_0/bd_0/ip/ip_111/bd_1361_auto_cc_0_clocks.xdc] for cell 'level0_i/level1/level1_i/ulp/ss_ucs/inst/frequency_counters/axi_ic_ctrl_mgmt_freq/s00_couplers/auto_cc/inst'
Parsing XDC File [/home/truongnh/minhphat/30m/debug_link_69460/vpp_temp/link/vivado/vpl/prj/prj.gen/my_rm/bd/ulp/ip/ulp_ss_ucs_0/bd_0/ip/ip_65/bd_1361_clkwiz_aclk_kernel_00_0_late.xdc] for cell 'level0_i/level1/level1_i/ulp/ss_ucs/inst/aclk_kernel_00_hierarchy/clkwiz_aclk_kernel_00/inst'
Finished Parsing XDC File [/home/truongnh/minhphat/30m/debug_link_69460/vpp_temp/link/vivado/vpl/prj/prj.gen/my_rm/bd/ulp/ip/ulp_ss_ucs_0/bd_0/ip/ip_65/bd_1361_clkwiz_aclk_kernel_00_0_late.xdc] for cell 'level0_i/level1/level1_i/ulp/ss_ucs/inst/aclk_kernel_00_hierarchy/clkwiz_aclk_kernel_00/inst'
Parsing XDC File [/home/truongnh/minhphat/30m/debug_link_69460/vpp_temp/link/vivado/vpl/prj/prj.gen/my_rm/bd/ulp/ip/ulp_ss_ucs_0/bd_0/ip/ip_66/bd_1361_clock_throttling_aclk_kernel_00_0.xdc] for cell 'level0_i/level1/level1_i/ulp/ss_ucs/inst/aclk_kernel_00_hierarchy/clock_throttling_aclk_kernel_00/U0'
Finished Parsing XDC File [/home/truongnh/minhphat/30m/debug_link_69460/vpp_temp/link/vivado/vpl/prj/prj.gen/my_rm/bd/ulp/ip/ulp_ss_ucs_0/bd_0/ip/ip_66/bd_1361_clock_throttling_aclk_kernel_00_0.xdc] for cell 'level0_i/level1/level1_i/ulp/ss_ucs/inst/aclk_kernel_00_hierarchy/clock_throttling_aclk_kernel_00/U0'
Parsing XDC File [/home/truongnh/minhphat/30m/debug_link_69460/vpp_temp/link/vivado/vpl/prj/prj.gen/my_rm/bd/ulp/ip/ulp_ss_ucs_0/bd_0/ip/ip_89/bd_1361_clkwiz_aclk_kernel_01_0_late.xdc] for cell 'level0_i/level1/level1_i/ulp/ss_ucs/inst/aclk_kernel_01_hierarchy/clkwiz_aclk_kernel_01/inst'
Finished Parsing XDC File [/home/truongnh/minhphat/30m/debug_link_69460/vpp_temp/link/vivado/vpl/prj/prj.gen/my_rm/bd/ulp/ip/ulp_ss_ucs_0/bd_0/ip/ip_89/bd_1361_clkwiz_aclk_kernel_01_0_late.xdc] for cell 'level0_i/level1/level1_i/ulp/ss_ucs/inst/aclk_kernel_01_hierarchy/clkwiz_aclk_kernel_01/inst'
Parsing XDC File [/home/truongnh/minhphat/30m/debug_link_69460/vpp_temp/link/vivado/vpl/prj/prj.gen/my_rm/bd/ulp/ip/ulp_ss_ucs_0/bd_0/ip/ip_90/bd_1361_clock_throttling_aclk_kernel_01_0.xdc] for cell 'level0_i/level1/level1_i/ulp/ss_ucs/inst/aclk_kernel_01_hierarchy/clock_throttling_aclk_kernel_01/U0'
Finished Parsing XDC File [/home/truongnh/minhphat/30m/debug_link_69460/vpp_temp/link/vivado/vpl/prj/prj.gen/my_rm/bd/ulp/ip/ulp_ss_ucs_0/bd_0/ip/ip_90/bd_1361_clock_throttling_aclk_kernel_01_0.xdc] for cell 'level0_i/level1/level1_i/ulp/ss_ucs/inst/aclk_kernel_01_hierarchy/clock_throttling_aclk_kernel_01/U0'
Parsing XDC File [/home/truongnh/minhphat/30m/debug_link_69460/vpp_temp/link/vivado/vpl/prj/prj.gen/my_rm/bd/ulp/ip/ulp_ss_ucs_0/ulp_ss_ucs_0.xdc] for cell 'level0_i/level1/level1_i/ulp/ss_ucs/inst'
Finished Parsing XDC File [/home/truongnh/minhphat/30m/debug_link_69460/vpp_temp/link/vivado/vpl/prj/prj.gen/my_rm/bd/ulp/ip/ulp_ss_ucs_0/ulp_ss_ucs_0.xdc] for cell 'level0_i/level1/level1_i/ulp/ss_ucs/inst'
Parsing XDC File [/home/truongnh/minhphat/30m/debug_link_69460/vpp_temp/link/vivado/vpl/prj/prj.gen/my_rm/bd/ulp/ip/ulp_ip_psr_aresetn_ctrl_slr0_0/ulp_ip_psr_aresetn_ctrl_slr0_0_slr.xdc] for cell 'level0_i/level1/level1_i/ulp/ip_psr_aresetn_ctrl_slr0/U0'
INFO: [Vivado 12-3520] Assignment of 'VCC, SEQ, PR_OUT_DFF[0].FDRE_PER, GND, FDRE_inst, ACTIVE_LOW_BSR_OUT_DFF[0].FDRE_BSR_N, ACTIVE_LOW_PR_OUT_DFF[0].FDRE_PER_N, EXT_LPF, and BSR_OUT_DFF[0].FDRE_BSR' to a pblock 'pblock_dynamic_SLR0' means that all children of 'ip_psr_aresetn_ctrl_slr0' are in the pblock. Changing the pblock assignment to 'ip_psr_aresetn_ctrl_slr0'. [/home/truongnh/minhphat/30m/debug_link_69460/vpp_temp/link/vivado/vpl/prj/prj.gen/my_rm/bd/ulp/ip/ulp_ip_psr_aresetn_ctrl_slr0_0/ulp_ip_psr_aresetn_ctrl_slr0_0_slr.xdc:55]
Finished Parsing XDC File [/home/truongnh/minhphat/30m/debug_link_69460/vpp_temp/link/vivado/vpl/prj/prj.gen/my_rm/bd/ulp/ip/ulp_ip_psr_aresetn_ctrl_slr0_0/ulp_ip_psr_aresetn_ctrl_slr0_0_slr.xdc] for cell 'level0_i/level1/level1_i/ulp/ip_psr_aresetn_ctrl_slr0/U0'
Parsing XDC File [/home/truongnh/minhphat/30m/debug_link_69460/vpp_temp/link/vivado/vpl/prj/prj.gen/my_rm/bd/ulp/ip/ulp_ip_psr_aresetn_ctrl_slr1_0/ulp_ip_psr_aresetn_ctrl_slr1_0_slr.xdc] for cell 'level0_i/level1/level1_i/ulp/ip_psr_aresetn_ctrl_slr1/U0'
INFO: [Vivado 12-3520] Assignment of 'VCC, SEQ, PR_OUT_DFF[0].FDRE_PER, GND, FDRE_inst, ACTIVE_LOW_BSR_OUT_DFF[0].FDRE_BSR_N, ACTIVE_LOW_PR_OUT_DFF[0].FDRE_PER_N, EXT_LPF, and BSR_OUT_DFF[0].FDRE_BSR' to a pblock 'pblock_dynamic_SLR1' means that all children of 'ip_psr_aresetn_ctrl_slr1' are in the pblock. Changing the pblock assignment to 'ip_psr_aresetn_ctrl_slr1'. [/home/truongnh/minhphat/30m/debug_link_69460/vpp_temp/link/vivado/vpl/prj/prj.gen/my_rm/bd/ulp/ip/ulp_ip_psr_aresetn_ctrl_slr1_0/ulp_ip_psr_aresetn_ctrl_slr1_0_slr.xdc:55]
Finished Parsing XDC File [/home/truongnh/minhphat/30m/debug_link_69460/vpp_temp/link/vivado/vpl/prj/prj.gen/my_rm/bd/ulp/ip/ulp_ip_psr_aresetn_ctrl_slr1_0/ulp_ip_psr_aresetn_ctrl_slr1_0_slr.xdc] for cell 'level0_i/level1/level1_i/ulp/ip_psr_aresetn_ctrl_slr1/U0'
Parsing XDC File [/home/truongnh/minhphat/30m/debug_link_69460/vpp_temp/link/vivado/vpl/prj/prj.gen/my_rm/bd/ulp/ip/ulp_ip_psr_aresetn_ctrl_slr2_0/ulp_ip_psr_aresetn_ctrl_slr2_0_slr.xdc] for cell 'level0_i/level1/level1_i/ulp/ip_psr_aresetn_ctrl_slr2/U0'
INFO: [Vivado 12-3520] Assignment of 'VCC, SEQ, PR_OUT_DFF[0].FDRE_PER, GND, FDRE_inst, ACTIVE_LOW_BSR_OUT_DFF[0].FDRE_BSR_N, ACTIVE_LOW_PR_OUT_DFF[0].FDRE_PER_N, EXT_LPF, and BSR_OUT_DFF[0].FDRE_BSR' to a pblock 'pblock_dynamic_SLR2' means that all children of 'ip_psr_aresetn_ctrl_slr2' are in the pblock. Changing the pblock assignment to 'ip_psr_aresetn_ctrl_slr2'. [/home/truongnh/minhphat/30m/debug_link_69460/vpp_temp/link/vivado/vpl/prj/prj.gen/my_rm/bd/ulp/ip/ulp_ip_psr_aresetn_ctrl_slr2_0/ulp_ip_psr_aresetn_ctrl_slr2_0_slr.xdc:55]
Finished Parsing XDC File [/home/truongnh/minhphat/30m/debug_link_69460/vpp_temp/link/vivado/vpl/prj/prj.gen/my_rm/bd/ulp/ip/ulp_ip_psr_aresetn_ctrl_slr2_0/ulp_ip_psr_aresetn_ctrl_slr2_0_slr.xdc] for cell 'level0_i/level1/level1_i/ulp/ip_psr_aresetn_ctrl_slr2/U0'
Parsing XDC File [/home/truongnh/minhphat/30m/debug_link_69460/vpp_temp/link/vivado/vpl/prj/prj.gen/my_rm/bd/ulp/ip/ulp_ip_psr_aresetn_ctrl_slr3_0/ulp_ip_psr_aresetn_ctrl_slr3_0_slr.xdc] for cell 'level0_i/level1/level1_i/ulp/ip_psr_aresetn_ctrl_slr3/U0'
INFO: [Vivado 12-3520] Assignment of 'VCC, SEQ, PR_OUT_DFF[0].FDRE_PER, GND, FDRE_inst, ACTIVE_LOW_BSR_OUT_DFF[0].FDRE_BSR_N, ACTIVE_LOW_PR_OUT_DFF[0].FDRE_PER_N, EXT_LPF, and BSR_OUT_DFF[0].FDRE_BSR' to a pblock 'pblock_dynamic_SLR3' means that all children of 'ip_psr_aresetn_ctrl_slr3' are in the pblock. Changing the pblock assignment to 'ip_psr_aresetn_ctrl_slr3'. [/home/truongnh/minhphat/30m/debug_link_69460/vpp_temp/link/vivado/vpl/prj/prj.gen/my_rm/bd/ulp/ip/ulp_ip_psr_aresetn_ctrl_slr3_0/ulp_ip_psr_aresetn_ctrl_slr3_0_slr.xdc:55]
Finished Parsing XDC File [/home/truongnh/minhphat/30m/debug_link_69460/vpp_temp/link/vivado/vpl/prj/prj.gen/my_rm/bd/ulp/ip/ulp_ip_psr_aresetn_ctrl_slr3_0/ulp_ip_psr_aresetn_ctrl_slr3_0_slr.xdc] for cell 'level0_i/level1/level1_i/ulp/ip_psr_aresetn_ctrl_slr3/U0'
Parsing XDC File [/home/truongnh/minhphat/30m/debug_link_69460/vpp_temp/link/vivado/vpl/prj/prj.gen/my_rm/bd/ulp/ip/ulp_ip_psr_aresetn_kernel_00_slr0_0/ulp_ip_psr_aresetn_kernel_00_slr0_0_slr.xdc] for cell 'level0_i/level1/level1_i/ulp/ip_psr_aresetn_kernel_00_slr0/U0'
INFO: [Vivado 12-3520] Assignment of 'ACTIVE_LOW_PR_OUT_DFF[0].FDRE_PER_N, EXT_LPF, BSR_OUT_DFF[0].FDRE_BSR, VCC, SEQ, PR_OUT_DFF[0].FDRE_PER, GND, FDRE_inst, and ACTIVE_LOW_BSR_OUT_DFF[0].FDRE_BSR_N' to a pblock 'pblock_dynamic_SLR0' means that all children of 'ip_psr_aresetn_kernel_00_slr0' are in the pblock. Changing the pblock assignment to 'ip_psr_aresetn_kernel_00_slr0'. [/home/truongnh/minhphat/30m/debug_link_69460/vpp_temp/link/vivado/vpl/prj/prj.gen/my_rm/bd/ulp/ip/ulp_ip_psr_aresetn_kernel_00_slr0_0/ulp_ip_psr_aresetn_kernel_00_slr0_0_slr.xdc:55]
Finished Parsing XDC File [/home/truongnh/minhphat/30m/debug_link_69460/vpp_temp/link/vivado/vpl/prj/prj.gen/my_rm/bd/ulp/ip/ulp_ip_psr_aresetn_kernel_00_slr0_0/ulp_ip_psr_aresetn_kernel_00_slr0_0_slr.xdc] for cell 'level0_i/level1/level1_i/ulp/ip_psr_aresetn_kernel_00_slr0/U0'
Parsing XDC File [/home/truongnh/minhphat/30m/debug_link_69460/vpp_temp/link/vivado/vpl/prj/prj.gen/my_rm/bd/ulp/ip/ulp_ip_psr_aresetn_kernel_00_slr1_0/ulp_ip_psr_aresetn_kernel_00_slr1_0_slr.xdc] for cell 'level0_i/level1/level1_i/ulp/ip_psr_aresetn_kernel_00_slr1/U0'
INFO: [Vivado 12-3520] Assignment of 'VCC, SEQ, PR_OUT_DFF[0].FDRE_PER, GND, FDRE_inst, ACTIVE_LOW_BSR_OUT_DFF[0].FDRE_BSR_N, ACTIVE_LOW_PR_OUT_DFF[0].FDRE_PER_N, EXT_LPF, and BSR_OUT_DFF[0].FDRE_BSR' to a pblock 'pblock_dynamic_SLR1' means that all children of 'ip_psr_aresetn_kernel_00_slr1' are in the pblock. Changing the pblock assignment to 'ip_psr_aresetn_kernel_00_slr1'. [/home/truongnh/minhphat/30m/debug_link_69460/vpp_temp/link/vivado/vpl/prj/prj.gen/my_rm/bd/ulp/ip/ulp_ip_psr_aresetn_kernel_00_slr1_0/ulp_ip_psr_aresetn_kernel_00_slr1_0_slr.xdc:55]
Finished Parsing XDC File [/home/truongnh/minhphat/30m/debug_link_69460/vpp_temp/link/vivado/vpl/prj/prj.gen/my_rm/bd/ulp/ip/ulp_ip_psr_aresetn_kernel_00_slr1_0/ulp_ip_psr_aresetn_kernel_00_slr1_0_slr.xdc] for cell 'level0_i/level1/level1_i/ulp/ip_psr_aresetn_kernel_00_slr1/U0'
Parsing XDC File [/home/truongnh/minhphat/30m/debug_link_69460/vpp_temp/link/vivado/vpl/prj/prj.gen/my_rm/bd/ulp/ip/ulp_ip_psr_aresetn_kernel_00_slr2_0/ulp_ip_psr_aresetn_kernel_00_slr2_0_slr.xdc] for cell 'level0_i/level1/level1_i/ulp/ip_psr_aresetn_kernel_00_slr2/U0'
INFO: [Vivado 12-3520] Assignment of 'VCC, SEQ, PR_OUT_DFF[0].FDRE_PER, GND, FDRE_inst, ACTIVE_LOW_BSR_OUT_DFF[0].FDRE_BSR_N, ACTIVE_LOW_PR_OUT_DFF[0].FDRE_PER_N, EXT_LPF, and BSR_OUT_DFF[0].FDRE_BSR' to a pblock 'pblock_dynamic_SLR2' means that all children of 'ip_psr_aresetn_kernel_00_slr2' are in the pblock. Changing the pblock assignment to 'ip_psr_aresetn_kernel_00_slr2'. [/home/truongnh/minhphat/30m/debug_link_69460/vpp_temp/link/vivado/vpl/prj/prj.gen/my_rm/bd/ulp/ip/ulp_ip_psr_aresetn_kernel_00_slr2_0/ulp_ip_psr_aresetn_kernel_00_slr2_0_slr.xdc:55]
Finished Parsing XDC File [/home/truongnh/minhphat/30m/debug_link_69460/vpp_temp/link/vivado/vpl/prj/prj.gen/my_rm/bd/ulp/ip/ulp_ip_psr_aresetn_kernel_00_slr2_0/ulp_ip_psr_aresetn_kernel_00_slr2_0_slr.xdc] for cell 'level0_i/level1/level1_i/ulp/ip_psr_aresetn_kernel_00_slr2/U0'
Parsing XDC File [/home/truongnh/minhphat/30m/debug_link_69460/vpp_temp/link/vivado/vpl/prj/prj.gen/my_rm/bd/ulp/ip/ulp_ip_psr_aresetn_kernel_00_slr3_0/ulp_ip_psr_aresetn_kernel_00_slr3_0_slr.xdc] for cell 'level0_i/level1/level1_i/ulp/ip_psr_aresetn_kernel_00_slr3/U0'
INFO: [Vivado 12-3520] Assignment of 'VCC, SEQ, PR_OUT_DFF[0].FDRE_PER, GND, FDRE_inst, ACTIVE_LOW_BSR_OUT_DFF[0].FDRE_BSR_N, ACTIVE_LOW_PR_OUT_DFF[0].FDRE_PER_N, EXT_LPF, and BSR_OUT_DFF[0].FDRE_BSR' to a pblock 'pblock_dynamic_SLR3' means that all children of 'ip_psr_aresetn_kernel_00_slr3' are in the pblock. Changing the pblock assignment to 'ip_psr_aresetn_kernel_00_slr3'. [/home/truongnh/minhphat/30m/debug_link_69460/vpp_temp/link/vivado/vpl/prj/prj.gen/my_rm/bd/ulp/ip/ulp_ip_psr_aresetn_kernel_00_slr3_0/ulp_ip_psr_aresetn_kernel_00_slr3_0_slr.xdc:55]
Finished Parsing XDC File [/home/truongnh/minhphat/30m/debug_link_69460/vpp_temp/link/vivado/vpl/prj/prj.gen/my_rm/bd/ulp/ip/ulp_ip_psr_aresetn_kernel_00_slr3_0/ulp_ip_psr_aresetn_kernel_00_slr3_0_slr.xdc] for cell 'level0_i/level1/level1_i/ulp/ip_psr_aresetn_kernel_00_slr3/U0'
Parsing XDC File [/home/truongnh/minhphat/30m/debug_link_69460/vpp_temp/link/vivado/vpl/prj/prj.gen/my_rm/bd/ulp/ip/ulp_ip_psr_aresetn_kernel_01_slr0_0/ulp_ip_psr_aresetn_kernel_01_slr0_0_slr.xdc] for cell 'level0_i/level1/level1_i/ulp/ip_psr_aresetn_kernel_01_slr0/U0'
INFO: [Vivado 12-3520] Assignment of 'VCC, SEQ, PR_OUT_DFF[0].FDRE_PER, GND, FDRE_inst, ACTIVE_LOW_BSR_OUT_DFF[0].FDRE_BSR_N, ACTIVE_LOW_PR_OUT_DFF[0].FDRE_PER_N, EXT_LPF, and BSR_OUT_DFF[0].FDRE_BSR' to a pblock 'pblock_dynamic_SLR0' means that all children of 'ip_psr_aresetn_kernel_01_slr0' are in the pblock. Changing the pblock assignment to 'ip_psr_aresetn_kernel_01_slr0'. [/home/truongnh/minhphat/30m/debug_link_69460/vpp_temp/link/vivado/vpl/prj/prj.gen/my_rm/bd/ulp/ip/ulp_ip_psr_aresetn_kernel_01_slr0_0/ulp_ip_psr_aresetn_kernel_01_slr0_0_slr.xdc:55]
Finished Parsing XDC File [/home/truongnh/minhphat/30m/debug_link_69460/vpp_temp/link/vivado/vpl/prj/prj.gen/my_rm/bd/ulp/ip/ulp_ip_psr_aresetn_kernel_01_slr0_0/ulp_ip_psr_aresetn_kernel_01_slr0_0_slr.xdc] for cell 'level0_i/level1/level1_i/ulp/ip_psr_aresetn_kernel_01_slr0/U0'
Parsing XDC File [/home/truongnh/minhphat/30m/debug_link_69460/vpp_temp/link/vivado/vpl/prj/prj.gen/my_rm/bd/ulp/ip/ulp_ip_psr_aresetn_kernel_01_slr1_0/ulp_ip_psr_aresetn_kernel_01_slr1_0_slr.xdc] for cell 'level0_i/level1/level1_i/ulp/ip_psr_aresetn_kernel_01_slr1/U0'
INFO: [Vivado 12-3520] Assignment of 'EXT_LPF, BSR_OUT_DFF[0].FDRE_BSR, ACTIVE_LOW_PR_OUT_DFF[0].FDRE_PER_N, VCC, SEQ, PR_OUT_DFF[0].FDRE_PER, GND, FDRE_inst, and ACTIVE_LOW_BSR_OUT_DFF[0].FDRE_BSR_N' to a pblock 'pblock_dynamic_SLR1' means that all children of 'ip_psr_aresetn_kernel_01_slr1' are in the pblock. Changing the pblock assignment to 'ip_psr_aresetn_kernel_01_slr1'. [/home/truongnh/minhphat/30m/debug_link_69460/vpp_temp/link/vivado/vpl/prj/prj.gen/my_rm/bd/ulp/ip/ulp_ip_psr_aresetn_kernel_01_slr1_0/ulp_ip_psr_aresetn_kernel_01_slr1_0_slr.xdc:55]
Finished Parsing XDC File [/home/truongnh/minhphat/30m/debug_link_69460/vpp_temp/link/vivado/vpl/prj/prj.gen/my_rm/bd/ulp/ip/ulp_ip_psr_aresetn_kernel_01_slr1_0/ulp_ip_psr_aresetn_kernel_01_slr1_0_slr.xdc] for cell 'level0_i/level1/level1_i/ulp/ip_psr_aresetn_kernel_01_slr1/U0'
Parsing XDC File [/home/truongnh/minhphat/30m/debug_link_69460/vpp_temp/link/vivado/vpl/prj/prj.gen/my_rm/bd/ulp/ip/ulp_ip_psr_aresetn_kernel_01_slr2_0/ulp_ip_psr_aresetn_kernel_01_slr2_0_slr.xdc] for cell 'level0_i/level1/level1_i/ulp/ip_psr_aresetn_kernel_01_slr2/U0'
INFO: [Vivado 12-3520] Assignment of 'VCC, SEQ, PR_OUT_DFF[0].FDRE_PER, GND, FDRE_inst, ACTIVE_LOW_BSR_OUT_DFF[0].FDRE_BSR_N, ACTIVE_LOW_PR_OUT_DFF[0].FDRE_PER_N, EXT_LPF, and BSR_OUT_DFF[0].FDRE_BSR' to a pblock 'pblock_dynamic_SLR2' means that all children of 'ip_psr_aresetn_kernel_01_slr2' are in the pblock. Changing the pblock assignment to 'ip_psr_aresetn_kernel_01_slr2'. [/home/truongnh/minhphat/30m/debug_link_69460/vpp_temp/link/vivado/vpl/prj/prj.gen/my_rm/bd/ulp/ip/ulp_ip_psr_aresetn_kernel_01_slr2_0/ulp_ip_psr_aresetn_kernel_01_slr2_0_slr.xdc:55]
Finished Parsing XDC File [/home/truongnh/minhphat/30m/debug_link_69460/vpp_temp/link/vivado/vpl/prj/prj.gen/my_rm/bd/ulp/ip/ulp_ip_psr_aresetn_kernel_01_slr2_0/ulp_ip_psr_aresetn_kernel_01_slr2_0_slr.xdc] for cell 'level0_i/level1/level1_i/ulp/ip_psr_aresetn_kernel_01_slr2/U0'
Parsing XDC File [/home/truongnh/minhphat/30m/debug_link_69460/vpp_temp/link/vivado/vpl/prj/prj.gen/my_rm/bd/ulp/ip/ulp_ip_psr_aresetn_kernel_01_slr3_0/ulp_ip_psr_aresetn_kernel_01_slr3_0_slr.xdc] for cell 'level0_i/level1/level1_i/ulp/ip_psr_aresetn_kernel_01_slr3/U0'
INFO: [Vivado 12-3520] Assignment of 'GND, FDRE_inst, ACTIVE_LOW_BSR_OUT_DFF[0].FDRE_BSR_N, ACTIVE_LOW_PR_OUT_DFF[0].FDRE_PER_N, EXT_LPF, BSR_OUT_DFF[0].FDRE_BSR, PR_OUT_DFF[0].FDRE_PER, VCC, and SEQ' to a pblock 'pblock_dynamic_SLR3' means that all children of 'ip_psr_aresetn_kernel_01_slr3' are in the pblock. Changing the pblock assignment to 'ip_psr_aresetn_kernel_01_slr3'. [/home/truongnh/minhphat/30m/debug_link_69460/vpp_temp/link/vivado/vpl/prj/prj.gen/my_rm/bd/ulp/ip/ulp_ip_psr_aresetn_kernel_01_slr3_0/ulp_ip_psr_aresetn_kernel_01_slr3_0_slr.xdc:55]
Finished Parsing XDC File [/home/truongnh/minhphat/30m/debug_link_69460/vpp_temp/link/vivado/vpl/prj/prj.gen/my_rm/bd/ulp/ip/ulp_ip_psr_aresetn_kernel_01_slr3_0/ulp_ip_psr_aresetn_kernel_01_slr3_0_slr.xdc] for cell 'level0_i/level1/level1_i/ulp/ip_psr_aresetn_kernel_01_slr3/U0'
Parsing XDC File [/home/truongnh/minhphat/30m/debug_link_69460/vpp_temp/link/vivado/vpl/prj/prj.gen/my_rm/bd/ulp/ip/ulp_ip_psr_aresetn_pcie_slr0_0/ulp_ip_psr_aresetn_pcie_slr0_0_slr.xdc] for cell 'level0_i/level1/level1_i/ulp/ip_psr_aresetn_pcie_slr0/U0'
INFO: [Vivado 12-3520] Assignment of 'VCC, SEQ, PR_OUT_DFF[0].FDRE_PER, GND, FDRE_inst, ACTIVE_LOW_BSR_OUT_DFF[0].FDRE_BSR_N, ACTIVE_LOW_PR_OUT_DFF[0].FDRE_PER_N, EXT_LPF, and BSR_OUT_DFF[0].FDRE_BSR' to a pblock 'pblock_dynamic_SLR0' means that all children of 'ip_psr_aresetn_pcie_slr0' are in the pblock. Changing the pblock assignment to 'ip_psr_aresetn_pcie_slr0'. [/home/truongnh/minhphat/30m/debug_link_69460/vpp_temp/link/vivado/vpl/prj/prj.gen/my_rm/bd/ulp/ip/ulp_ip_psr_aresetn_pcie_slr0_0/ulp_ip_psr_aresetn_pcie_slr0_0_slr.xdc:55]
Finished Parsing XDC File [/home/truongnh/minhphat/30m/debug_link_69460/vpp_temp/link/vivado/vpl/prj/prj.gen/my_rm/bd/ulp/ip/ulp_ip_psr_aresetn_pcie_slr0_0/ulp_ip_psr_aresetn_pcie_slr0_0_slr.xdc] for cell 'level0_i/level1/level1_i/ulp/ip_psr_aresetn_pcie_slr0/U0'
Parsing XDC File [/home/truongnh/minhphat/30m/debug_link_69460/vpp_temp/link/vivado/vpl/prj/prj.gen/my_rm/bd/ulp/ip/ulp_ip_psr_aresetn_pcie_slr1_0/ulp_ip_psr_aresetn_pcie_slr1_0_slr.xdc] for cell 'level0_i/level1/level1_i/ulp/ip_psr_aresetn_pcie_slr1/U0'
INFO: [Vivado 12-3520] Assignment of 'VCC, SEQ, PR_OUT_DFF[0].FDRE_PER, GND, FDRE_inst, ACTIVE_LOW_BSR_OUT_DFF[0].FDRE_BSR_N, ACTIVE_LOW_PR_OUT_DFF[0].FDRE_PER_N, EXT_LPF, and BSR_OUT_DFF[0].FDRE_BSR' to a pblock 'pblock_dynamic_SLR1' means that all children of 'ip_psr_aresetn_pcie_slr1' are in the pblock. Changing the pblock assignment to 'ip_psr_aresetn_pcie_slr1'. [/home/truongnh/minhphat/30m/debug_link_69460/vpp_temp/link/vivado/vpl/prj/prj.gen/my_rm/bd/ulp/ip/ulp_ip_psr_aresetn_pcie_slr1_0/ulp_ip_psr_aresetn_pcie_slr1_0_slr.xdc:55]
Finished Parsing XDC File [/home/truongnh/minhphat/30m/debug_link_69460/vpp_temp/link/vivado/vpl/prj/prj.gen/my_rm/bd/ulp/ip/ulp_ip_psr_aresetn_pcie_slr1_0/ulp_ip_psr_aresetn_pcie_slr1_0_slr.xdc] for cell 'level0_i/level1/level1_i/ulp/ip_psr_aresetn_pcie_slr1/U0'
Parsing XDC File [/home/truongnh/minhphat/30m/debug_link_69460/vpp_temp/link/vivado/vpl/prj/prj.gen/my_rm/bd/ulp/ip/ulp_ip_psr_aresetn_pcie_slr2_0/ulp_ip_psr_aresetn_pcie_slr2_0_slr.xdc] for cell 'level0_i/level1/level1_i/ulp/ip_psr_aresetn_pcie_slr2/U0'
INFO: [Vivado 12-3520] Assignment of 'VCC, SEQ, PR_OUT_DFF[0].FDRE_PER, GND, FDRE_inst, ACTIVE_LOW_BSR_OUT_DFF[0].FDRE_BSR_N, ACTIVE_LOW_PR_OUT_DFF[0].FDRE_PER_N, EXT_LPF, and BSR_OUT_DFF[0].FDRE_BSR' to a pblock 'pblock_dynamic_SLR2' means that all children of 'ip_psr_aresetn_pcie_slr2' are in the pblock. Changing the pblock assignment to 'ip_psr_aresetn_pcie_slr2'. [/home/truongnh/minhphat/30m/debug_link_69460/vpp_temp/link/vivado/vpl/prj/prj.gen/my_rm/bd/ulp/ip/ulp_ip_psr_aresetn_pcie_slr2_0/ulp_ip_psr_aresetn_pcie_slr2_0_slr.xdc:55]
Finished Parsing XDC File [/home/truongnh/minhphat/30m/debug_link_69460/vpp_temp/link/vivado/vpl/prj/prj.gen/my_rm/bd/ulp/ip/ulp_ip_psr_aresetn_pcie_slr2_0/ulp_ip_psr_aresetn_pcie_slr2_0_slr.xdc] for cell 'level0_i/level1/level1_i/ulp/ip_psr_aresetn_pcie_slr2/U0'
Parsing XDC File [/home/truongnh/minhphat/30m/debug_link_69460/vpp_temp/link/vivado/vpl/prj/prj.gen/my_rm/bd/ulp/ip/ulp_ip_psr_aresetn_pcie_slr3_0/ulp_ip_psr_aresetn_pcie_slr3_0_slr.xdc] for cell 'level0_i/level1/level1_i/ulp/ip_psr_aresetn_pcie_slr3/U0'
INFO: [Vivado 12-3520] Assignment of 'VCC, SEQ, PR_OUT_DFF[0].FDRE_PER, GND, FDRE_inst, ACTIVE_LOW_BSR_OUT_DFF[0].FDRE_BSR_N, ACTIVE_LOW_PR_OUT_DFF[0].FDRE_PER_N, EXT_LPF, and BSR_OUT_DFF[0].FDRE_BSR' to a pblock 'pblock_dynamic_SLR3' means that all children of 'ip_psr_aresetn_pcie_slr3' are in the pblock. Changing the pblock assignment to 'ip_psr_aresetn_pcie_slr3'. [/home/truongnh/minhphat/30m/debug_link_69460/vpp_temp/link/vivado/vpl/prj/prj.gen/my_rm/bd/ulp/ip/ulp_ip_psr_aresetn_pcie_slr3_0/ulp_ip_psr_aresetn_pcie_slr3_0_slr.xdc:55]
Finished Parsing XDC File [/home/truongnh/minhphat/30m/debug_link_69460/vpp_temp/link/vivado/vpl/prj/prj.gen/my_rm/bd/ulp/ip/ulp_ip_psr_aresetn_pcie_slr3_0/ulp_ip_psr_aresetn_pcie_slr3_0_slr.xdc] for cell 'level0_i/level1/level1_i/ulp/ip_psr_aresetn_pcie_slr3/U0'
Parsing XDC File [/home/truongnh/minhphat/30m/debug_link_69460/vpp_temp/link/vivado/vpl/prj/prj.gen/my_rm/bd/ulp/ip/ulp_s00_regslice_38/ulp_s00_regslice_38_clocks.xdc] for cell 'level0_i/level1/level1_i/ulp/ict_axi_ctrl_mgmt_00/s00_couplers/s00_regslice/inst'
WARNING: [Vivado_Tcl 4-921] Waiver ID 'CDC-7' -to list should not be empty. [/home/truongnh/minhphat/30m/debug_link_69460/vpp_temp/link/vivado/vpl/prj/prj.gen/my_rm/bd/ulp/ip/ulp_s00_regslice_38/ulp_s00_regslice_38_clocks.xdc:10]
Finished Parsing XDC File [/home/truongnh/minhphat/30m/debug_link_69460/vpp_temp/link/vivado/vpl/prj/prj.gen/my_rm/bd/ulp/ip/ulp_s00_regslice_38/ulp_s00_regslice_38_clocks.xdc] for cell 'level0_i/level1/level1_i/ulp/ict_axi_ctrl_mgmt_00/s00_couplers/s00_regslice/inst'
Parsing XDC File [/home/truongnh/minhphat/30m/debug_link_69460/vpp_temp/link/vivado/vpl/prj/prj.gen/my_rm/bd/ulp/ip/ulp_s00_regslice_39/ulp_s00_regslice_39_clocks.xdc] for cell 'level0_i/level1/level1_i/ulp/ict_axi_ctrl_mgmt_01/s00_couplers/s00_regslice/inst'
WARNING: [Vivado_Tcl 4-921] Waiver ID 'CDC-7' -to list should not be empty. [/home/truongnh/minhphat/30m/debug_link_69460/vpp_temp/link/vivado/vpl/prj/prj.gen/my_rm/bd/ulp/ip/ulp_s00_regslice_39/ulp_s00_regslice_39_clocks.xdc:10]
Finished Parsing XDC File [/home/truongnh/minhphat/30m/debug_link_69460/vpp_temp/link/vivado/vpl/prj/prj.gen/my_rm/bd/ulp/ip/ulp_s00_regslice_39/ulp_s00_regslice_39_clocks.xdc] for cell 'level0_i/level1/level1_i/ulp/ict_axi_ctrl_mgmt_01/s00_couplers/s00_regslice/inst'
Parsing XDC File [/home/truongnh/minhphat/30m/debug_link_69460/vpp_temp/link/vivado/vpl/prj/prj.gen/my_rm/bd/ulp/ip/ulp_m00_regslice_2/ulp_m00_regslice_2_clocks.xdc] for cell 'level0_i/level1/level1_i/ulp/ict_axi_ctrl_mgmt_01/m00_couplers/m00_regslice/inst'
WARNING: [Vivado_Tcl 4-921] Waiver ID 'CDC-7' -to list should not be empty. [/home/truongnh/minhphat/30m/debug_link_69460/vpp_temp/link/vivado/vpl/prj/prj.gen/my_rm/bd/ulp/ip/ulp_m00_regslice_2/ulp_m00_regslice_2_clocks.xdc:10]
Finished Parsing XDC File [/home/truongnh/minhphat/30m/debug_link_69460/vpp_temp/link/vivado/vpl/prj/prj.gen/my_rm/bd/ulp/ip/ulp_m00_regslice_2/ulp_m00_regslice_2_clocks.xdc] for cell 'level0_i/level1/level1_i/ulp/ict_axi_ctrl_mgmt_01/m00_couplers/m00_regslice/inst'
Parsing XDC File [/home/truongnh/minhphat/30m/debug_link_69460/vpp_temp/link/vivado/vpl/prj/prj.gen/my_rm/bd/ulp/ip/ulp_m01_regslice_2/ulp_m01_regslice_2_clocks.xdc] for cell 'level0_i/level1/level1_i/ulp/ict_axi_ctrl_mgmt_01/m01_couplers/m01_regslice/inst'
WARNING: [Vivado_Tcl 4-921] Waiver ID 'CDC-7' -to list should not be empty. [/home/truongnh/minhphat/30m/debug_link_69460/vpp_temp/link/vivado/vpl/prj/prj.gen/my_rm/bd/ulp/ip/ulp_m01_regslice_2/ulp_m01_regslice_2_clocks.xdc:10]
Finished Parsing XDC File [/home/truongnh/minhphat/30m/debug_link_69460/vpp_temp/link/vivado/vpl/prj/prj.gen/my_rm/bd/ulp/ip/ulp_m01_regslice_2/ulp_m01_regslice_2_clocks.xdc] for cell 'level0_i/level1/level1_i/ulp/ict_axi_ctrl_mgmt_01/m01_couplers/m01_regslice/inst'
Parsing XDC File [/home/truongnh/minhphat/30m/debug_link_69460/vpp_temp/link/vivado/vpl/prj/prj.gen/my_rm/bd/ulp/ip/ulp_m02_regslice_0/ulp_m02_regslice_0_clocks.xdc] for cell 'level0_i/level1/level1_i/ulp/ict_axi_ctrl_mgmt_01/m02_couplers/m02_regslice/inst'
WARNING: [Vivado_Tcl 4-921] Waiver ID 'CDC-7' -to list should not be empty. [/home/truongnh/minhphat/30m/debug_link_69460/vpp_temp/link/vivado/vpl/prj/prj.gen/my_rm/bd/ulp/ip/ulp_m02_regslice_0/ulp_m02_regslice_0_clocks.xdc:10]
Finished Parsing XDC File [/home/truongnh/minhphat/30m/debug_link_69460/vpp_temp/link/vivado/vpl/prj/prj.gen/my_rm/bd/ulp/ip/ulp_m02_regslice_0/ulp_m02_regslice_0_clocks.xdc] for cell 'level0_i/level1/level1_i/ulp/ict_axi_ctrl_mgmt_01/m02_couplers/m02_regslice/inst'
Parsing XDC File [/home/truongnh/minhphat/30m/debug_link_69460/vpp_temp/link/vivado/vpl/prj/prj.gen/my_rm/bd/ulp/ip/ulp_s00_regslice_40/ulp_s00_regslice_40_clocks.xdc] for cell 'level0_i/level1/level1_i/ulp/ict_axi_ctrl_user_00/s00_couplers/s00_regslice/inst'
WARNING: [Vivado_Tcl 4-921] Waiver ID 'CDC-7' -to list should not be empty. [/home/truongnh/minhphat/30m/debug_link_69460/vpp_temp/link/vivado/vpl/prj/prj.gen/my_rm/bd/ulp/ip/ulp_s00_regslice_40/ulp_s00_regslice_40_clocks.xdc:10]
Finished Parsing XDC File [/home/truongnh/minhphat/30m/debug_link_69460/vpp_temp/link/vivado/vpl/prj/prj.gen/my_rm/bd/ulp/ip/ulp_s00_regslice_40/ulp_s00_regslice_40_clocks.xdc] for cell 'level0_i/level1/level1_i/ulp/ict_axi_ctrl_user_00/s00_couplers/s00_regslice/inst'
Parsing XDC File [/home/truongnh/minhphat/30m/debug_link_69460/vpp_temp/link/vivado/vpl/prj/prj.gen/my_rm/bd/ulp/ip/ulp_m00_regslice_3/ulp_m00_regslice_3_clocks.xdc] for cell 'level0_i/level1/level1_i/ulp/ict_axi_ctrl_user_00/m00_couplers/m00_regslice/inst'
WARNING: [Vivado_Tcl 4-921] Waiver ID 'CDC-7' -to list should not be empty. [/home/truongnh/minhphat/30m/debug_link_69460/vpp_temp/link/vivado/vpl/prj/prj.gen/my_rm/bd/ulp/ip/ulp_m00_regslice_3/ulp_m00_regslice_3_clocks.xdc:10]
Finished Parsing XDC File [/home/truongnh/minhphat/30m/debug_link_69460/vpp_temp/link/vivado/vpl/prj/prj.gen/my_rm/bd/ulp/ip/ulp_m00_regslice_3/ulp_m00_regslice_3_clocks.xdc] for cell 'level0_i/level1/level1_i/ulp/ict_axi_ctrl_user_00/m00_couplers/m00_regslice/inst'
Parsing XDC File [/home/truongnh/minhphat/30m/debug_link_69460/vpp_temp/link/vivado/vpl/prj/prj.gen/my_rm/bd/ulp/ip/ulp_m01_regslice_3/ulp_m01_regslice_3_clocks.xdc] for cell 'level0_i/level1/level1_i/ulp/ict_axi_ctrl_user_00/m01_couplers/m01_regslice/inst'
WARNING: [Vivado_Tcl 4-921] Waiver ID 'CDC-7' -to list should not be empty. [/home/truongnh/minhphat/30m/debug_link_69460/vpp_temp/link/vivado/vpl/prj/prj.gen/my_rm/bd/ulp/ip/ulp_m01_regslice_3/ulp_m01_regslice_3_clocks.xdc:10]
Finished Parsing XDC File [/home/truongnh/minhphat/30m/debug_link_69460/vpp_temp/link/vivado/vpl/prj/prj.gen/my_rm/bd/ulp/ip/ulp_m01_regslice_3/ulp_m01_regslice_3_clocks.xdc] for cell 'level0_i/level1/level1_i/ulp/ict_axi_ctrl_user_00/m01_couplers/m01_regslice/inst'
Parsing XDC File [/home/truongnh/minhphat/30m/debug_link_69460/vpp_temp/link/vivado/vpl/prj/prj.gen/my_rm/bd/ulp/ip/ulp_auto_cc_0/ulp_auto_cc_0_clocks.xdc] for cell 'level0_i/level1/level1_i/ulp/ict_axi_ctrl_user_00/m01_couplers/auto_cc/inst'
WARNING: [Vivado_Tcl 4-921] Waiver ID 'CDC-10' -to list should not be empty. [/home/truongnh/minhphat/30m/debug_link_69460/vpp_temp/link/vivado/vpl/prj/prj.gen/my_rm/bd/ulp/ip/ulp_auto_cc_0/ulp_auto_cc_0_clocks.xdc:7]
WARNING: [Vivado_Tcl 4-921] Waiver ID 'CDC-11' -to list should not be empty. [/home/truongnh/minhphat/30m/debug_link_69460/vpp_temp/link/vivado/vpl/prj/prj.gen/my_rm/bd/ulp/ip/ulp_auto_cc_0/ulp_auto_cc_0_clocks.xdc:10]
WARNING: [Vivado_Tcl 4-921] Waiver ID 'CDC-15' -to list should not be empty. [/home/truongnh/minhphat/30m/debug_link_69460/vpp_temp/link/vivado/vpl/prj/prj.gen/my_rm/bd/ulp/ip/ulp_auto_cc_0/ulp_auto_cc_0_clocks.xdc:13]
WARNING: [Vivado_Tcl 4-939] Waiver ID 'LUTAR-1' object list should not be empty (perhaps an invalid wildcard was used or only unsupported objects). [/home/truongnh/minhphat/30m/debug_link_69460/vpp_temp/link/vivado/vpl/prj/prj.gen/my_rm/bd/ulp/ip/ulp_auto_cc_0/ulp_auto_cc_0_clocks.xdc:17]
Finished Parsing XDC File [/home/truongnh/minhphat/30m/debug_link_69460/vpp_temp/link/vivado/vpl/prj/prj.gen/my_rm/bd/ulp/ip/ulp_auto_cc_0/ulp_auto_cc_0_clocks.xdc] for cell 'level0_i/level1/level1_i/ulp/ict_axi_ctrl_user_00/m01_couplers/auto_cc/inst'
Parsing XDC File [/home/truongnh/minhphat/30m/debug_link_69460/vpp_temp/link/vivado/vpl/prj/prj.gen/my_rm/bd/ulp/ip/ulp_s00_regslice_41/ulp_s00_regslice_41_clocks.xdc] for cell 'level0_i/level1/level1_i/ulp/ict_axi_ctrl_user_01/s00_couplers/s00_regslice/inst'
WARNING: [Vivado_Tcl 4-921] Waiver ID 'CDC-7' -to list should not be empty. [/home/truongnh/minhphat/30m/debug_link_69460/vpp_temp/link/vivado/vpl/prj/prj.gen/my_rm/bd/ulp/ip/ulp_s00_regslice_41/ulp_s00_regslice_41_clocks.xdc:10]
Finished Parsing XDC File [/home/truongnh/minhphat/30m/debug_link_69460/vpp_temp/link/vivado/vpl/prj/prj.gen/my_rm/bd/ulp/ip/ulp_s00_regslice_41/ulp_s00_regslice_41_clocks.xdc] for cell 'level0_i/level1/level1_i/ulp/ict_axi_ctrl_user_01/s00_couplers/s00_regslice/inst'
Parsing XDC File [/home/truongnh/minhphat/30m/debug_link_69460/vpp_temp/link/vivado/vpl/prj/prj.gen/my_rm/bd/ulp/ip/ulp_s00_regslice_42/ulp_s00_regslice_42_clocks.xdc] for cell 'level0_i/level1/level1_i/ulp/ict_axi_ctrl_user_02/s00_couplers/s00_regslice/inst'
WARNING: [Vivado_Tcl 4-921] Waiver ID 'CDC-7' -to list should not be empty. [/home/truongnh/minhphat/30m/debug_link_69460/vpp_temp/link/vivado/vpl/prj/prj.gen/my_rm/bd/ulp/ip/ulp_s00_regslice_42/ulp_s00_regslice_42_clocks.xdc:10]
Finished Parsing XDC File [/home/truongnh/minhphat/30m/debug_link_69460/vpp_temp/link/vivado/vpl/prj/prj.gen/my_rm/bd/ulp/ip/ulp_s00_regslice_42/ulp_s00_regslice_42_clocks.xdc] for cell 'level0_i/level1/level1_i/ulp/ict_axi_ctrl_user_02/s00_couplers/s00_regslice/inst'
Parsing XDC File [/home/truongnh/minhphat/30m/debug_link_69460/vpp_temp/link/vivado/vpl/prj/prj.gen/my_rm/bd/ulp/ip/ulp_s00_regslice_43/ulp_s00_regslice_43_clocks.xdc] for cell 'level0_i/level1/level1_i/ulp/ict_axi_ctrl_user_03/s00_couplers/s00_regslice/inst'
WARNING: [Vivado_Tcl 4-921] Waiver ID 'CDC-7' -to list should not be empty. [/home/truongnh/minhphat/30m/debug_link_69460/vpp_temp/link/vivado/vpl/prj/prj.gen/my_rm/bd/ulp/ip/ulp_s00_regslice_43/ulp_s00_regslice_43_clocks.xdc:10]
Finished Parsing XDC File [/home/truongnh/minhphat/30m/debug_link_69460/vpp_temp/link/vivado/vpl/prj/prj.gen/my_rm/bd/ulp/ip/ulp_s00_regslice_43/ulp_s00_regslice_43_clocks.xdc] for cell 'level0_i/level1/level1_i/ulp/ict_axi_ctrl_user_03/s00_couplers/s00_regslice/inst'
Parsing XDC File [/home/truongnh/minhphat/30m/debug_link_69460/vpp_temp/link/vivado/vpl/prj/prj.gen/my_rm/bd/ulp/ip/ulp_s00_regslice_44/ulp_s00_regslice_44_clocks.xdc] for cell 'level0_i/level1/level1_i/ulp/ict_axi_ctrl_user_debug_00/s00_couplers/s00_regslice/inst'
WARNING: [Vivado_Tcl 4-921] Waiver ID 'CDC-7' -to list should not be empty. [/home/truongnh/minhphat/30m/debug_link_69460/vpp_temp/link/vivado/vpl/prj/prj.gen/my_rm/bd/ulp/ip/ulp_s00_regslice_44/ulp_s00_regslice_44_clocks.xdc:10]
Finished Parsing XDC File [/home/truongnh/minhphat/30m/debug_link_69460/vpp_temp/link/vivado/vpl/prj/prj.gen/my_rm/bd/ulp/ip/ulp_s00_regslice_44/ulp_s00_regslice_44_clocks.xdc] for cell 'level0_i/level1/level1_i/ulp/ict_axi_ctrl_user_debug_00/s00_couplers/s00_regslice/inst'
Parsing XDC File [/home/truongnh/minhphat/30m/debug_link_69460/vpp_temp/link/vivado/vpl/prj/prj.gen/my_rm/bd/ulp/ip/ulp_s00_regslice_45/ulp_s00_regslice_45_clocks.xdc] for cell 'level0_i/level1/level1_i/ulp/ict_axi_data_h2c_01/s00_couplers/s00_regslice/inst'
WARNING: [Vivado_Tcl 4-921] Waiver ID 'CDC-7' -to list should not be empty. [/home/truongnh/minhphat/30m/debug_link_69460/vpp_temp/link/vivado/vpl/prj/prj.gen/my_rm/bd/ulp/ip/ulp_s00_regslice_45/ulp_s00_regslice_45_clocks.xdc:10]
Finished Parsing XDC File [/home/truongnh/minhphat/30m/debug_link_69460/vpp_temp/link/vivado/vpl/prj/prj.gen/my_rm/bd/ulp/ip/ulp_s00_regslice_45/ulp_s00_regslice_45_clocks.xdc] for cell 'level0_i/level1/level1_i/ulp/ict_axi_data_h2c_01/s00_couplers/s00_regslice/inst'
Parsing XDC File [/home/truongnh/minhphat/30m/debug_link_69460/vpp_temp/link/vivado/vpl/prj/prj.gen/my_rm/bd/ulp/ip/ulp_auto_ds_0/ulp_auto_ds_0_clocks.xdc] for cell 'level0_i/level1/level1_i/ulp/ict_axi_data_h2c_01/m01_couplers/auto_ds/inst'
Finished Parsing XDC File [/home/truongnh/minhphat/30m/debug_link_69460/vpp_temp/link/vivado/vpl/prj/prj.gen/my_rm/bd/ulp/ip/ulp_auto_ds_0/ulp_auto_ds_0_clocks.xdc] for cell 'level0_i/level1/level1_i/ulp/ict_axi_data_h2c_01/m01_couplers/auto_ds/inst'
Parsing XDC File [/home/truongnh/minhphat/30m/debug_link_69460/vpp_temp/link/vivado/vpl/prj/prj.gen/my_rm/bd/ulp/ip/ulp_memory_subsystem_0/bd_0/ip/ip_0/bd_b35e_psr_aclk_SLR0_0_slr.xdc] for cell 'level0_i/level1/level1_i/ulp/memory_subsystem/inst/reset/psr_aclk_SLR0/U0'
INFO: [Vivado 12-3520] Assignment of 'VCC, ACTIVE_LOW_PR_OUT_DFF[0].FDRE_PER_N, FDRE_inst, EXT_LPF, BSR_OUT_DFF[0].FDRE_BSR, ACTIVE_LOW_BSR_OUT_DFF[0].FDRE_BSR_N, PR_OUT_DFF[0].FDRE_PER, GND, and SEQ' to a pblock 'pblock_dynamic_SLR0' means that all children of 'psr_aclk_SLR0' are in the pblock. Changing the pblock assignment to 'psr_aclk_SLR0'. [/home/truongnh/minhphat/30m/debug_link_69460/vpp_temp/link/vivado/vpl/prj/prj.gen/my_rm/bd/ulp/ip/ulp_memory_subsystem_0/bd_0/ip/ip_0/bd_b35e_psr_aclk_SLR0_0_slr.xdc:55]
Finished Parsing XDC File [/home/truongnh/minhphat/30m/debug_link_69460/vpp_temp/link/vivado/vpl/prj/prj.gen/my_rm/bd/ulp/ip/ulp_memory_subsystem_0/bd_0/ip/ip_0/bd_b35e_psr_aclk_SLR0_0_slr.xdc] for cell 'level0_i/level1/level1_i/ulp/memory_subsystem/inst/reset/psr_aclk_SLR0/U0'
Parsing XDC File [/home/truongnh/minhphat/30m/debug_link_69460/vpp_temp/link/vivado/vpl/prj/prj.gen/my_rm/bd/ulp/ip/ulp_memory_subsystem_0/bd_0/ip/ip_2/bd_b35e_psr_aclk_SLR2_0_slr.xdc] for cell 'level0_i/level1/level1_i/ulp/memory_subsystem/inst/reset/psr_aclk_SLR2/U0'
INFO: [Vivado 12-3520] Assignment of 'SEQ, VCC, FDRE_inst, BSR_OUT_DFF[0].FDRE_BSR, ACTIVE_LOW_PR_OUT_DFF[0].FDRE_PER_N, PR_OUT_DFF[0].FDRE_PER, GND, EXT_LPF, and ACTIVE_LOW_BSR_OUT_DFF[0].FDRE_BSR_N' to a pblock 'pblock_dynamic_SLR2' means that all children of 'psr_aclk_SLR2' are in the pblock. Changing the pblock assignment to 'psr_aclk_SLR2'. [/home/truongnh/minhphat/30m/debug_link_69460/vpp_temp/link/vivado/vpl/prj/prj.gen/my_rm/bd/ulp/ip/ulp_memory_subsystem_0/bd_0/ip/ip_2/bd_b35e_psr_aclk_SLR2_0_slr.xdc:55]
Finished Parsing XDC File [/home/truongnh/minhphat/30m/debug_link_69460/vpp_temp/link/vivado/vpl/prj/prj.gen/my_rm/bd/ulp/ip/ulp_memory_subsystem_0/bd_0/ip/ip_2/bd_b35e_psr_aclk_SLR2_0_slr.xdc] for cell 'level0_i/level1/level1_i/ulp/memory_subsystem/inst/reset/psr_aclk_SLR2/U0'
Parsing XDC File [/home/truongnh/minhphat/30m/debug_link_69460/vpp_temp/link/vivado/vpl/prj/prj.gen/my_rm/bd/ulp/ip/ulp_memory_subsystem_0/bd_0/ip/ip_3/bd_b35e_psr_aclk_SLR3_0_slr.xdc] for cell 'level0_i/level1/level1_i/ulp/memory_subsystem/inst/reset/psr_aclk_SLR3/U0'
INFO: [Vivado 12-3520] Assignment of 'SEQ, FDRE_inst, ACTIVE_LOW_PR_OUT_DFF[0].FDRE_PER_N, PR_OUT_DFF[0].FDRE_PER, EXT_LPF, VCC, GND, BSR_OUT_DFF[0].FDRE_BSR, and ACTIVE_LOW_BSR_OUT_DFF[0].FDRE_BSR_N' to a pblock 'pblock_dynamic_SLR3' means that all children of 'psr_aclk_SLR3' are in the pblock. Changing the pblock assignment to 'psr_aclk_SLR3'. [/home/truongnh/minhphat/30m/debug_link_69460/vpp_temp/link/vivado/vpl/prj/prj.gen/my_rm/bd/ulp/ip/ulp_memory_subsystem_0/bd_0/ip/ip_3/bd_b35e_psr_aclk_SLR3_0_slr.xdc:55]
Finished Parsing XDC File [/home/truongnh/minhphat/30m/debug_link_69460/vpp_temp/link/vivado/vpl/prj/prj.gen/my_rm/bd/ulp/ip/ulp_memory_subsystem_0/bd_0/ip/ip_3/bd_b35e_psr_aclk_SLR3_0_slr.xdc] for cell 'level0_i/level1/level1_i/ulp/memory_subsystem/inst/reset/psr_aclk_SLR3/U0'
Parsing XDC File [/home/truongnh/minhphat/30m/debug_link_69460/vpp_temp/link/vivado/vpl/prj/prj.gen/my_rm/bd/ulp/ip/ulp_memory_subsystem_0/bd_0/ip/ip_4/bd_b35e_psr_aclk1_SLR0_0_slr.xdc] for cell 'level0_i/level1/level1_i/ulp/memory_subsystem/inst/reset/psr_aclk1_SLR0/U0'
INFO: [Vivado 12-3520] Assignment of 'BSR_OUT_DFF[0].FDRE_BSR, EXT_LPF, FDRE_inst, GND, PR_OUT_DFF[0].FDRE_PER, SEQ, VCC, ACTIVE_LOW_BSR_OUT_DFF[0].FDRE_BSR_N, and ACTIVE_LOW_PR_OUT_DFF[0].FDRE_PER_N' to a pblock 'pblock_dynamic_SLR0' means that all children of 'psr_aclk1_SLR0' are in the pblock. Changing the pblock assignment to 'psr_aclk1_SLR0'. [/home/truongnh/minhphat/30m/debug_link_69460/vpp_temp/link/vivado/vpl/prj/prj.gen/my_rm/bd/ulp/ip/ulp_memory_subsystem_0/bd_0/ip/ip_4/bd_b35e_psr_aclk1_SLR0_0_slr.xdc:55]
Finished Parsing XDC File [/home/truongnh/minhphat/30m/debug_link_69460/vpp_temp/link/vivado/vpl/prj/prj.gen/my_rm/bd/ulp/ip/ulp_memory_subsystem_0/bd_0/ip/ip_4/bd_b35e_psr_aclk1_SLR0_0_slr.xdc] for cell 'level0_i/level1/level1_i/ulp/memory_subsystem/inst/reset/psr_aclk1_SLR0/U0'
Parsing XDC File [/home/truongnh/minhphat/30m/debug_link_69460/vpp_temp/link/vivado/vpl/prj/prj.gen/my_rm/bd/ulp/ip/ulp_memory_subsystem_0/bd_0/ip/ip_5/bd_b35e_psr_aclk1_SLR1_0_slr.xdc] for cell 'level0_i/level1/level1_i/ulp/memory_subsystem/inst/reset/psr_aclk1_SLR1/U0'
INFO: [Vivado 12-3520] Assignment of 'PR_OUT_DFF[0].FDRE_PER, FDRE_inst, GND, SEQ, VCC, ACTIVE_LOW_BSR_OUT_DFF[0].FDRE_BSR_N, EXT_LPF, BSR_OUT_DFF[0].FDRE_BSR, and ACTIVE_LOW_PR_OUT_DFF[0].FDRE_PER_N' to a pblock 'pblock_dynamic_SLR1' means that all children of 'psr_aclk1_SLR1' are in the pblock. Changing the pblock assignment to 'psr_aclk1_SLR1'. [/home/truongnh/minhphat/30m/debug_link_69460/vpp_temp/link/vivado/vpl/prj/prj.gen/my_rm/bd/ulp/ip/ulp_memory_subsystem_0/bd_0/ip/ip_5/bd_b35e_psr_aclk1_SLR1_0_slr.xdc:55]
Finished Parsing XDC File [/home/truongnh/minhphat/30m/debug_link_69460/vpp_temp/link/vivado/vpl/prj/prj.gen/my_rm/bd/ulp/ip/ulp_memory_subsystem_0/bd_0/ip/ip_5/bd_b35e_psr_aclk1_SLR1_0_slr.xdc] for cell 'level0_i/level1/level1_i/ulp/memory_subsystem/inst/reset/psr_aclk1_SLR1/U0'
Parsing XDC File [/home/truongnh/minhphat/30m/debug_link_69460/vpp_temp/link/vivado/vpl/prj/prj.gen/my_rm/bd/ulp/ip/ulp_memory_subsystem_0/bd_0/ip/ip_6/bd_b35e_psr_aclk1_SLR2_0_slr.xdc] for cell 'level0_i/level1/level1_i/ulp/memory_subsystem/inst/reset/psr_aclk1_SLR2/U0'
INFO: [Vivado 12-3520] Assignment of 'EXT_LPF, SEQ, GND, BSR_OUT_DFF[0].FDRE_BSR, FDRE_inst, PR_OUT_DFF[0].FDRE_PER, ACTIVE_LOW_PR_OUT_DFF[0].FDRE_PER_N, VCC, and ACTIVE_LOW_BSR_OUT_DFF[0].FDRE_BSR_N' to a pblock 'pblock_dynamic_SLR2' means that all children of 'psr_aclk1_SLR2' are in the pblock. Changing the pblock assignment to 'psr_aclk1_SLR2'. [/home/truongnh/minhphat/30m/debug_link_69460/vpp_temp/link/vivado/vpl/prj/prj.gen/my_rm/bd/ulp/ip/ulp_memory_subsystem_0/bd_0/ip/ip_6/bd_b35e_psr_aclk1_SLR2_0_slr.xdc:55]
Finished Parsing XDC File [/home/truongnh/minhphat/30m/debug_link_69460/vpp_temp/link/vivado/vpl/prj/prj.gen/my_rm/bd/ulp/ip/ulp_memory_subsystem_0/bd_0/ip/ip_6/bd_b35e_psr_aclk1_SLR2_0_slr.xdc] for cell 'level0_i/level1/level1_i/ulp/memory_subsystem/inst/reset/psr_aclk1_SLR2/U0'
Parsing XDC File [/home/truongnh/minhphat/30m/debug_link_69460/vpp_temp/link/vivado/vpl/prj/prj.gen/my_rm/bd/ulp/ip/ulp_memory_subsystem_0/bd_0/ip/ip_7/bd_b35e_psr_aclk1_SLR3_0_slr.xdc] for cell 'level0_i/level1/level1_i/ulp/memory_subsystem/inst/reset/psr_aclk1_SLR3/U0'
INFO: [Vivado 12-3520] Assignment of 'PR_OUT_DFF[0].FDRE_PER, SEQ, VCC, ACTIVE_LOW_BSR_OUT_DFF[0].FDRE_BSR_N, ACTIVE_LOW_PR_OUT_DFF[0].FDRE_PER_N, EXT_LPF, GND, BSR_OUT_DFF[0].FDRE_BSR, and FDRE_inst' to a pblock 'pblock_dynamic_SLR3' means that all children of 'psr_aclk1_SLR3' are in the pblock. Changing the pblock assignment to 'psr_aclk1_SLR3'. [/home/truongnh/minhphat/30m/debug_link_69460/vpp_temp/link/vivado/vpl/prj/prj.gen/my_rm/bd/ulp/ip/ulp_memory_subsystem_0/bd_0/ip/ip_7/bd_b35e_psr_aclk1_SLR3_0_slr.xdc:55]
Finished Parsing XDC File [/home/truongnh/minhphat/30m/debug_link_69460/vpp_temp/link/vivado/vpl/prj/prj.gen/my_rm/bd/ulp/ip/ulp_memory_subsystem_0/bd_0/ip/ip_7/bd_b35e_psr_aclk1_SLR3_0_slr.xdc] for cell 'level0_i/level1/level1_i/ulp/memory_subsystem/inst/reset/psr_aclk1_SLR3/U0'
Parsing XDC File [/home/truongnh/minhphat/30m/debug_link_69460/vpp_temp/link/vivado/vpl/prj/prj.gen/my_rm/bd/ulp/ip/ulp_memory_subsystem_0/bd_0/ip/ip_13/bd_b35e_psr_aclk3_SLR1_0_slr.xdc] for cell 'level0_i/level1/level1_i/ulp/memory_subsystem/inst/reset/psr_aclk3_SLR1/U0'
INFO: [Vivado 12-3520] Assignment of 'ACTIVE_LOW_BSR_OUT_DFF[0].FDRE_BSR_N, GND, PR_OUT_DFF[0].FDRE_PER, SEQ, VCC, EXT_LPF, ACTIVE_LOW_PR_OUT_DFF[0].FDRE_PER_N, BSR_OUT_DFF[0].FDRE_BSR, and FDRE_inst' to a pblock 'pblock_dynamic_SLR1' means that all children of 'psr_aclk3_SLR1' are in the pblock. Changing the pblock assignment to 'psr_aclk3_SLR1'. [/home/truongnh/minhphat/30m/debug_link_69460/vpp_temp/link/vivado/vpl/prj/prj.gen/my_rm/bd/ulp/ip/ulp_memory_subsystem_0/bd_0/ip/ip_13/bd_b35e_psr_aclk3_SLR1_0_slr.xdc:55]
Finished Parsing XDC File [/home/truongnh/minhphat/30m/debug_link_69460/vpp_temp/link/vivado/vpl/prj/prj.gen/my_rm/bd/ulp/ip/ulp_memory_subsystem_0/bd_0/ip/ip_13/bd_b35e_psr_aclk3_SLR1_0_slr.xdc] for cell 'level0_i/level1/level1_i/ulp/memory_subsystem/inst/reset/psr_aclk3_SLR1/U0'
Parsing XDC File [/home/truongnh/minhphat/30m/debug_link_69460/vpp_temp/link/vivado/vpl/prj/prj.gen/my_rm/bd/ulp/ip/ulp_memory_subsystem_0/bd_0/ip/ip_16/bd_b35e_psr_aclk4_SLR0_0_slr.xdc] for cell 'level0_i/level1/level1_i/ulp/memory_subsystem/inst/reset/psr_aclk4_SLR0/U0'
INFO: [Vivado 12-3520] Assignment of 'VCC, SEQ, ACTIVE_LOW_PR_OUT_DFF[0].FDRE_PER_N, PR_OUT_DFF[0].FDRE_PER, BSR_OUT_DFF[0].FDRE_BSR, EXT_LPF, FDRE_inst, ACTIVE_LOW_BSR_OUT_DFF[0].FDRE_BSR_N, and GND' to a pblock 'pblock_dynamic_SLR0' means that all children of 'psr_aclk4_SLR0' are in the pblock. Changing the pblock assignment to 'psr_aclk4_SLR0'. [/home/truongnh/minhphat/30m/debug_link_69460/vpp_temp/link/vivado/vpl/prj/prj.gen/my_rm/bd/ulp/ip/ulp_memory_subsystem_0/bd_0/ip/ip_16/bd_b35e_psr_aclk4_SLR0_0_slr.xdc:55]
Finished Parsing XDC File [/home/truongnh/minhphat/30m/debug_link_69460/vpp_temp/link/vivado/vpl/prj/prj.gen/my_rm/bd/ulp/ip/ulp_memory_subsystem_0/bd_0/ip/ip_16/bd_b35e_psr_aclk4_SLR0_0_slr.xdc] for cell 'level0_i/level1/level1_i/ulp/memory_subsystem/inst/reset/psr_aclk4_SLR0/U0'
Parsing XDC File [/home/truongnh/minhphat/30m/debug_link_69460/vpp_temp/link/vivado/vpl/prj/prj.gen/my_rm/bd/ulp/ip/ulp_memory_subsystem_0/bd_0/ip/ip_17/bd_b35e_psr_aclk4_SLR1_0_slr.xdc] for cell 'level0_i/level1/level1_i/ulp/memory_subsystem/inst/reset/psr_aclk4_SLR1/U0'
INFO: [Vivado 12-3520] Assignment of 'PR_OUT_DFF[0].FDRE_PER, ACTIVE_LOW_PR_OUT_DFF[0].FDRE_PER_N, VCC, FDRE_inst, BSR_OUT_DFF[0].FDRE_BSR, EXT_LPF, ACTIVE_LOW_BSR_OUT_DFF[0].FDRE_BSR_N, SEQ, and GND' to a pblock 'pblock_dynamic_SLR1' means that all children of 'psr_aclk4_SLR1' are in the pblock. Changing the pblock assignment to 'psr_aclk4_SLR1'. [/home/truongnh/minhphat/30m/debug_link_69460/vpp_temp/link/vivado/vpl/prj/prj.gen/my_rm/bd/ulp/ip/ulp_memory_subsystem_0/bd_0/ip/ip_17/bd_b35e_psr_aclk4_SLR1_0_slr.xdc:55]
Finished Parsing XDC File [/home/truongnh/minhphat/30m/debug_link_69460/vpp_temp/link/vivado/vpl/prj/prj.gen/my_rm/bd/ulp/ip/ulp_memory_subsystem_0/bd_0/ip/ip_17/bd_b35e_psr_aclk4_SLR1_0_slr.xdc] for cell 'level0_i/level1/level1_i/ulp/memory_subsystem/inst/reset/psr_aclk4_SLR1/U0'
Parsing XDC File [/home/truongnh/minhphat/30m/debug_link_69460/vpp_temp/link/vivado/vpl/prj/prj.gen/my_rm/bd/ulp/ip/ulp_memory_subsystem_0/bd_0/ip/ip_18/bd_b35e_psr_aclk4_SLR2_0_slr.xdc] for cell 'level0_i/level1/level1_i/ulp/memory_subsystem/inst/reset/psr_aclk4_SLR2/U0'
INFO: [Vivado 12-3520] Assignment of 'ACTIVE_LOW_BSR_OUT_DFF[0].FDRE_BSR_N, GND, ACTIVE_LOW_PR_OUT_DFF[0].FDRE_PER_N, EXT_LPF, FDRE_inst, BSR_OUT_DFF[0].FDRE_BSR, PR_OUT_DFF[0].FDRE_PER, VCC, and SEQ' to a pblock 'pblock_dynamic_SLR2' means that all children of 'psr_aclk4_SLR2' are in the pblock. Changing the pblock assignment to 'psr_aclk4_SLR2'. [/home/truongnh/minhphat/30m/debug_link_69460/vpp_temp/link/vivado/vpl/prj/prj.gen/my_rm/bd/ulp/ip/ulp_memory_subsystem_0/bd_0/ip/ip_18/bd_b35e_psr_aclk4_SLR2_0_slr.xdc:55]
Finished Parsing XDC File [/home/truongnh/minhphat/30m/debug_link_69460/vpp_temp/link/vivado/vpl/prj/prj.gen/my_rm/bd/ulp/ip/ulp_memory_subsystem_0/bd_0/ip/ip_18/bd_b35e_psr_aclk4_SLR2_0_slr.xdc] for cell 'level0_i/level1/level1_i/ulp/memory_subsystem/inst/reset/psr_aclk4_SLR2/U0'
Parsing XDC File [/home/truongnh/minhphat/30m/debug_link_69460/vpp_temp/link/vivado/vpl/prj/prj.gen/my_rm/bd/ulp/ip/ulp_memory_subsystem_0/bd_0/ip/ip_19/bd_b35e_psr_aclk4_SLR3_0_slr.xdc] for cell 'level0_i/level1/level1_i/ulp/memory_subsystem/inst/reset/psr_aclk4_SLR3/U0'
INFO: [Vivado 12-3520] Assignment of 'ACTIVE_LOW_BSR_OUT_DFF[0].FDRE_BSR_N, ACTIVE_LOW_PR_OUT_DFF[0].FDRE_PER_N, PR_OUT_DFF[0].FDRE_PER, EXT_LPF, SEQ, FDRE_inst, GND, VCC, and BSR_OUT_DFF[0].FDRE_BSR' to a pblock 'pblock_dynamic_SLR3' means that all children of 'psr_aclk4_SLR3' are in the pblock. Changing the pblock assignment to 'psr_aclk4_SLR3'. [/home/truongnh/minhphat/30m/debug_link_69460/vpp_temp/link/vivado/vpl/prj/prj.gen/my_rm/bd/ulp/ip/ulp_memory_subsystem_0/bd_0/ip/ip_19/bd_b35e_psr_aclk4_SLR3_0_slr.xdc:55]
Finished Parsing XDC File [/home/truongnh/minhphat/30m/debug_link_69460/vpp_temp/link/vivado/vpl/prj/prj.gen/my_rm/bd/ulp/ip/ulp_memory_subsystem_0/bd_0/ip/ip_19/bd_b35e_psr_aclk4_SLR3_0_slr.xdc] for cell 'level0_i/level1/level1_i/ulp/memory_subsystem/inst/reset/psr_aclk4_SLR3/U0'
Parsing XDC File [/home/truongnh/minhphat/30m/debug_link_69460/vpp_temp/link/vivado/vpl/prj/prj.gen/my_rm/bd/ulp/ip/ulp_memory_subsystem_0/bd_0/ip/ip_62/bd_b35e_rs_M00_AXI_0_clocks.xdc] for cell 'level0_i/level1/level1_i/ulp/memory_subsystem/inst/interconnect/rs_m00_axi/inst'
WARNING: [Vivado_Tcl 4-921] Waiver ID 'CDC-7' -to list should not be empty. [/home/truongnh/minhphat/30m/debug_link_69460/vpp_temp/link/vivado/vpl/prj/prj.gen/my_rm/bd/ulp/ip/ulp_memory_subsystem_0/bd_0/ip/ip_62/bd_b35e_rs_M00_AXI_0_clocks.xdc:10]
Finished Parsing XDC File [/home/truongnh/minhphat/30m/debug_link_69460/vpp_temp/link/vivado/vpl/prj/prj.gen/my_rm/bd/ulp/ip/ulp_memory_subsystem_0/bd_0/ip/ip_62/bd_b35e_rs_M00_AXI_0_clocks.xdc] for cell 'level0_i/level1/level1_i/ulp/memory_subsystem/inst/interconnect/rs_m00_axi/inst'
Parsing XDC File [/home/truongnh/minhphat/30m/debug_link_69460/vpp_temp/link/vivado/vpl/prj/prj.gen/my_rm/bd/ulp/ip/ulp_memory_subsystem_0/bd_0/ip/ip_25/bd_b35e_ddr4_mem00_0_board.xdc] for cell 'level0_i/level1/level1_i/ulp/memory_subsystem/inst/memory/ddr4_mem00/inst'
Finished Parsing XDC File [/home/truongnh/minhphat/30m/debug_link_69460/vpp_temp/link/vivado/vpl/prj/prj.gen/my_rm/bd/ulp/ip/ulp_memory_subsystem_0/bd_0/ip/ip_25/bd_b35e_ddr4_mem00_0_board.xdc] for cell 'level0_i/level1/level1_i/ulp/memory_subsystem/inst/memory/ddr4_mem00/inst'
Parsing XDC File [/home/truongnh/minhphat/30m/debug_link_69460/vpp_temp/link/vivado/vpl/prj/prj.gen/my_rm/bd/ulp/ip/ulp_memory_subsystem_0/bd_0/ip/ip_27/bd_b35e_ddr4_mem00_ctrl_cc_0_clocks.xdc] for cell 'level0_i/level1/level1_i/ulp/memory_subsystem/inst/memory/ddr4_mem00_ctrl_cc/inst'
WARNING: [Vivado_Tcl 4-921] Waiver ID 'CDC-10' -to list should not be empty. [/home/truongnh/minhphat/30m/debug_link_69460/vpp_temp/link/vivado/vpl/prj/prj.gen/my_rm/bd/ulp/ip/ulp_memory_subsystem_0/bd_0/ip/ip_27/bd_b35e_ddr4_mem00_ctrl_cc_0_clocks.xdc:7]
WARNING: [Vivado_Tcl 4-921] Waiver ID 'CDC-11' -to list should not be empty. [/home/truongnh/minhphat/30m/debug_link_69460/vpp_temp/link/vivado/vpl/prj/prj.gen/my_rm/bd/ulp/ip/ulp_memory_subsystem_0/bd_0/ip/ip_27/bd_b35e_ddr4_mem00_ctrl_cc_0_clocks.xdc:10]
WARNING: [Vivado_Tcl 4-921] Waiver ID 'CDC-15' -to list should not be empty. [/home/truongnh/minhphat/30m/debug_link_69460/vpp_temp/link/vivado/vpl/prj/prj.gen/my_rm/bd/ulp/ip/ulp_memory_subsystem_0/bd_0/ip/ip_27/bd_b35e_ddr4_mem00_ctrl_cc_0_clocks.xdc:13]
WARNING: [Vivado_Tcl 4-939] Waiver ID 'LUTAR-1' object list should not be empty (perhaps an invalid wildcard was used or only unsupported objects). [/home/truongnh/minhphat/30m/debug_link_69460/vpp_temp/link/vivado/vpl/prj/prj.gen/my_rm/bd/ulp/ip/ulp_memory_subsystem_0/bd_0/ip/ip_27/bd_b35e_ddr4_mem00_ctrl_cc_0_clocks.xdc:17]
Finished Parsing XDC File [/home/truongnh/minhphat/30m/debug_link_69460/vpp_temp/link/vivado/vpl/prj/prj.gen/my_rm/bd/ulp/ip/ulp_memory_subsystem_0/bd_0/ip/ip_27/bd_b35e_ddr4_mem00_ctrl_cc_0_clocks.xdc] for cell 'level0_i/level1/level1_i/ulp/memory_subsystem/inst/memory/ddr4_mem00_ctrl_cc/inst'
Parsing XDC File [/home/truongnh/minhphat/30m/debug_link_69460/vpp_temp/link/vivado/vpl/prj/prj.gen/my_rm/bd/ulp/ip/ulp_memory_subsystem_0/bd_0/ip/ip_29/bd_b35e_ddr4_mem01_0_board.xdc] for cell 'level0_i/level1/level1_i/ulp/memory_subsystem/inst/memory/ddr4_mem01/inst'
Finished Parsing XDC File [/home/truongnh/minhphat/30m/debug_link_69460/vpp_temp/link/vivado/vpl/prj/prj.gen/my_rm/bd/ulp/ip/ulp_memory_subsystem_0/bd_0/ip/ip_29/bd_b35e_ddr4_mem01_0_board.xdc] for cell 'level0_i/level1/level1_i/ulp/memory_subsystem/inst/memory/ddr4_mem01/inst'
Parsing XDC File [/home/truongnh/minhphat/30m/debug_link_69460/vpp_temp/link/vivado/vpl/prj/prj.gen/my_rm/bd/ulp/ip/ulp_memory_subsystem_0/bd_0/ip/ip_31/bd_b35e_ddr4_mem01_ctrl_cc_0_clocks.xdc] for cell 'level0_i/level1/level1_i/ulp/memory_subsystem/inst/memory/ddr4_mem01_ctrl_cc/inst'
WARNING: [Vivado_Tcl 4-921] Waiver ID 'CDC-10' -to list should not be empty. [/home/truongnh/minhphat/30m/debug_link_69460/vpp_temp/link/vivado/vpl/prj/prj.gen/my_rm/bd/ulp/ip/ulp_memory_subsystem_0/bd_0/ip/ip_31/bd_b35e_ddr4_mem01_ctrl_cc_0_clocks.xdc:7]
WARNING: [Vivado_Tcl 4-921] Waiver ID 'CDC-11' -to list should not be empty. [/home/truongnh/minhphat/30m/debug_link_69460/vpp_temp/link/vivado/vpl/prj/prj.gen/my_rm/bd/ulp/ip/ulp_memory_subsystem_0/bd_0/ip/ip_31/bd_b35e_ddr4_mem01_ctrl_cc_0_clocks.xdc:10]
WARNING: [Vivado_Tcl 4-921] Waiver ID 'CDC-15' -to list should not be empty. [/home/truongnh/minhphat/30m/debug_link_69460/vpp_temp/link/vivado/vpl/prj/prj.gen/my_rm/bd/ulp/ip/ulp_memory_subsystem_0/bd_0/ip/ip_31/bd_b35e_ddr4_mem01_ctrl_cc_0_clocks.xdc:13]
WARNING: [Vivado_Tcl 4-939] Waiver ID 'LUTAR-1' object list should not be empty (perhaps an invalid wildcard was used or only unsupported objects). [/home/truongnh/minhphat/30m/debug_link_69460/vpp_temp/link/vivado/vpl/prj/prj.gen/my_rm/bd/ulp/ip/ulp_memory_subsystem_0/bd_0/ip/ip_31/bd_b35e_ddr4_mem01_ctrl_cc_0_clocks.xdc:17]
Finished Parsing XDC File [/home/truongnh/minhphat/30m/debug_link_69460/vpp_temp/link/vivado/vpl/prj/prj.gen/my_rm/bd/ulp/ip/ulp_memory_subsystem_0/bd_0/ip/ip_31/bd_b35e_ddr4_mem01_ctrl_cc_0_clocks.xdc] for cell 'level0_i/level1/level1_i/ulp/memory_subsystem/inst/memory/ddr4_mem01_ctrl_cc/inst'
Parsing XDC File [/home/truongnh/minhphat/30m/debug_link_69460/vpp_temp/link/vivado/vpl/prj/prj.gen/my_rm/bd/ulp/ip/ulp_memory_subsystem_0/bd_0/ip/ip_33/bd_b35e_ddr4_mem02_0_board.xdc] for cell 'level0_i/level1/level1_i/ulp/memory_subsystem/inst/memory/ddr4_mem02/inst'
Finished Parsing XDC File [/home/truongnh/minhphat/30m/debug_link_69460/vpp_temp/link/vivado/vpl/prj/prj.gen/my_rm/bd/ulp/ip/ulp_memory_subsystem_0/bd_0/ip/ip_33/bd_b35e_ddr4_mem02_0_board.xdc] for cell 'level0_i/level1/level1_i/ulp/memory_subsystem/inst/memory/ddr4_mem02/inst'
Parsing XDC File [/home/truongnh/minhphat/30m/debug_link_69460/vpp_temp/link/vivado/vpl/prj/prj.gen/my_rm/bd/ulp/ip/ulp_memory_subsystem_0/bd_0/ip/ip_35/bd_b35e_ddr4_mem02_ctrl_cc_0_clocks.xdc] for cell 'level0_i/level1/level1_i/ulp/memory_subsystem/inst/memory/ddr4_mem02_ctrl_cc/inst'
WARNING: [Vivado_Tcl 4-921] Waiver ID 'CDC-10' -to list should not be empty. [/home/truongnh/minhphat/30m/debug_link_69460/vpp_temp/link/vivado/vpl/prj/prj.gen/my_rm/bd/ulp/ip/ulp_memory_subsystem_0/bd_0/ip/ip_35/bd_b35e_ddr4_mem02_ctrl_cc_0_clocks.xdc:7]
WARNING: [Vivado_Tcl 4-921] Waiver ID 'CDC-11' -to list should not be empty. [/home/truongnh/minhphat/30m/debug_link_69460/vpp_temp/link/vivado/vpl/prj/prj.gen/my_rm/bd/ulp/ip/ulp_memory_subsystem_0/bd_0/ip/ip_35/bd_b35e_ddr4_mem02_ctrl_cc_0_clocks.xdc:10]
WARNING: [Vivado_Tcl 4-921] Waiver ID 'CDC-15' -to list should not be empty. [/home/truongnh/minhphat/30m/debug_link_69460/vpp_temp/link/vivado/vpl/prj/prj.gen/my_rm/bd/ulp/ip/ulp_memory_subsystem_0/bd_0/ip/ip_35/bd_b35e_ddr4_mem02_ctrl_cc_0_clocks.xdc:13]
WARNING: [Vivado_Tcl 4-939] Waiver ID 'LUTAR-1' object list should not be empty (perhaps an invalid wildcard was used or only unsupported objects). [/home/truongnh/minhphat/30m/debug_link_69460/vpp_temp/link/vivado/vpl/prj/prj.gen/my_rm/bd/ulp/ip/ulp_memory_subsystem_0/bd_0/ip/ip_35/bd_b35e_ddr4_mem02_ctrl_cc_0_clocks.xdc:17]
Finished Parsing XDC File [/home/truongnh/minhphat/30m/debug_link_69460/vpp_temp/link/vivado/vpl/prj/prj.gen/my_rm/bd/ulp/ip/ulp_memory_subsystem_0/bd_0/ip/ip_35/bd_b35e_ddr4_mem02_ctrl_cc_0_clocks.xdc] for cell 'level0_i/level1/level1_i/ulp/memory_subsystem/inst/memory/ddr4_mem02_ctrl_cc/inst'
Parsing XDC File [/home/truongnh/minhphat/30m/debug_link_69460/vpp_temp/link/vivado/vpl/prj/prj.gen/my_rm/bd/ulp/ip/ulp_memory_subsystem_0/ulp_memory_subsystem_0.xdc] for cell 'level0_i/level1/level1_i/ulp/memory_subsystem/inst'
Finished Parsing XDC File [/home/truongnh/minhphat/30m/debug_link_69460/vpp_temp/link/vivado/vpl/prj/prj.gen/my_rm/bd/ulp/ip/ulp_memory_subsystem_0/ulp_memory_subsystem_0.xdc] for cell 'level0_i/level1/level1_i/ulp/memory_subsystem/inst'
Parsing XDC File [/home/truongnh/minhphat/30m/debug_link_69460/vpp_temp/link/vivado/vpl/prj/prj.gen/my_rm/bd/ulp/ip/ulp_ip_cc_axi_data_h2c_00_0/ulp_ip_cc_axi_data_h2c_00_0_clocks.xdc] for cell 'level0_i/level1/level1_i/ulp/ip_cc_axi_data_h2c_00/inst'
Finished Parsing XDC File [/home/truongnh/minhphat/30m/debug_link_69460/vpp_temp/link/vivado/vpl/prj/prj.gen/my_rm/bd/ulp/ip/ulp_ip_cc_axi_data_h2c_00_0/ulp_ip_cc_axi_data_h2c_00_0_clocks.xdc] for cell 'level0_i/level1/level1_i/ulp/ip_cc_axi_data_h2c_00/inst'
Parsing XDC File [/home/truongnh/minhphat/30m/debug_link_69460/vpp_temp/link/vivado/vpl/prj/prj.gen/my_rm/bd/ulp/ip/ulp_ip_cc_axi_data_h2c_00_0/ulp_ip_cc_axi_data_h2c_00_0_slr.xdc] for cell 'level0_i/level1/level1_i/ulp/ip_cc_axi_data_h2c_00/inst'
INFO: [Vivado 12-3520] Assignment of 'gen_clock_conv.gen_async_conv.asyncfifo_axi_i_1, GND, VCC, and gen_clock_conv.gen_async_conv.asyncfifo_axi' to a pblock 'pblock_dynamic_SLR0' means that all children of 'inst' are in the pblock. Changing the pblock assignment to 'inst'. [/home/truongnh/minhphat/30m/debug_link_69460/vpp_temp/link/vivado/vpl/prj/prj.gen/my_rm/bd/ulp/ip/ulp_ip_cc_axi_data_h2c_00_0/ulp_ip_cc_axi_data_h2c_00_0_slr.xdc:55]
Finished Parsing XDC File [/home/truongnh/minhphat/30m/debug_link_69460/vpp_temp/link/vivado/vpl/prj/prj.gen/my_rm/bd/ulp/ip/ulp_ip_cc_axi_data_h2c_00_0/ulp_ip_cc_axi_data_h2c_00_0_slr.xdc] for cell 'level0_i/level1/level1_i/ulp/ip_cc_axi_data_h2c_00/inst'
Parsing XDC File [/home/truongnh/minhphat/30m/debug_link_69460/vpp_temp/link/vivado/vpl/prj/prj.gen/my_rm/bd/ulp/ip/ulp_ip_cc_axi_data_h2c_01_0/ulp_ip_cc_axi_data_h2c_01_0_clocks.xdc] for cell 'level0_i/level1/level1_i/ulp/ip_cc_axi_data_h2c_01/inst'
Finished Parsing XDC File [/home/truongnh/minhphat/30m/debug_link_69460/vpp_temp/link/vivado/vpl/prj/prj.gen/my_rm/bd/ulp/ip/ulp_ip_cc_axi_data_h2c_01_0/ulp_ip_cc_axi_data_h2c_01_0_clocks.xdc] for cell 'level0_i/level1/level1_i/ulp/ip_cc_axi_data_h2c_01/inst'
Parsing XDC File [/home/truongnh/minhphat/30m/debug_link_69460/vpp_temp/link/vivado/vpl/prj/prj.gen/my_rm/bd/ulp/ip/ulp_ip_cc_axi_data_h2c_01_0/ulp_ip_cc_axi_data_h2c_01_0_slr.xdc] for cell 'level0_i/level1/level1_i/ulp/ip_cc_axi_data_h2c_01/inst'
INFO: [Vivado 12-3520] Assignment of 'gen_clock_conv.gen_async_conv.asyncfifo_axi, VCC, gen_clock_conv.gen_async_conv.asyncfifo_axi_i_1, and GND' to a pblock 'pblock_dynamic_SLR1' means that all children of 'inst' are in the pblock. Changing the pblock assignment to 'inst'. [/home/truongnh/minhphat/30m/debug_link_69460/vpp_temp/link/vivado/vpl/prj/prj.gen/my_rm/bd/ulp/ip/ulp_ip_cc_axi_data_h2c_01_0/ulp_ip_cc_axi_data_h2c_01_0_slr.xdc:55]
Finished Parsing XDC File [/home/truongnh/minhphat/30m/debug_link_69460/vpp_temp/link/vivado/vpl/prj/prj.gen/my_rm/bd/ulp/ip/ulp_ip_cc_axi_data_h2c_01_0/ulp_ip_cc_axi_data_h2c_01_0_slr.xdc] for cell 'level0_i/level1/level1_i/ulp/ip_cc_axi_data_h2c_01/inst'
Parsing XDC File [/home/truongnh/minhphat/30m/debug_link_69460/vpp_temp/link/vivado/vpl/prj/prj.gen/my_rm/bd/ulp/ip/ulp_ip_cc_axi_data_h2c_02_0/ulp_ip_cc_axi_data_h2c_02_0_clocks.xdc] for cell 'level0_i/level1/level1_i/ulp/ip_cc_axi_data_h2c_02/inst'
Finished Parsing XDC File [/home/truongnh/minhphat/30m/debug_link_69460/vpp_temp/link/vivado/vpl/prj/prj.gen/my_rm/bd/ulp/ip/ulp_ip_cc_axi_data_h2c_02_0/ulp_ip_cc_axi_data_h2c_02_0_clocks.xdc] for cell 'level0_i/level1/level1_i/ulp/ip_cc_axi_data_h2c_02/inst'
Parsing XDC File [/home/truongnh/minhphat/30m/debug_link_69460/vpp_temp/link/vivado/vpl/prj/prj.gen/my_rm/bd/ulp/ip/ulp_ip_cc_axi_data_h2c_02_0/ulp_ip_cc_axi_data_h2c_02_0_slr.xdc] for cell 'level0_i/level1/level1_i/ulp/ip_cc_axi_data_h2c_02/inst'
INFO: [Vivado 12-3520] Assignment of 'gen_clock_conv.gen_async_conv.asyncfifo_axi, GND, VCC, and gen_clock_conv.gen_async_conv.asyncfifo_axi_i_1' to a pblock 'pblock_dynamic_SLR2' means that all children of 'inst' are in the pblock. Changing the pblock assignment to 'inst'. [/home/truongnh/minhphat/30m/debug_link_69460/vpp_temp/link/vivado/vpl/prj/prj.gen/my_rm/bd/ulp/ip/ulp_ip_cc_axi_data_h2c_02_0/ulp_ip_cc_axi_data_h2c_02_0_slr.xdc:55]
Finished Parsing XDC File [/home/truongnh/minhphat/30m/debug_link_69460/vpp_temp/link/vivado/vpl/prj/prj.gen/my_rm/bd/ulp/ip/ulp_ip_cc_axi_data_h2c_02_0/ulp_ip_cc_axi_data_h2c_02_0_slr.xdc] for cell 'level0_i/level1/level1_i/ulp/ip_cc_axi_data_h2c_02/inst'
Parsing XDC File [/home/truongnh/minhphat/30m/debug_link_69460/vpp_temp/link/vivado/vpl/prj/prj.gen/my_rm/bd/ulp/ip/ulp_ip_cc_axi_data_h2c_03_0/ulp_ip_cc_axi_data_h2c_03_0_clocks.xdc] for cell 'level0_i/level1/level1_i/ulp/ip_cc_axi_data_h2c_03/inst'
Finished Parsing XDC File [/home/truongnh/minhphat/30m/debug_link_69460/vpp_temp/link/vivado/vpl/prj/prj.gen/my_rm/bd/ulp/ip/ulp_ip_cc_axi_data_h2c_03_0/ulp_ip_cc_axi_data_h2c_03_0_clocks.xdc] for cell 'level0_i/level1/level1_i/ulp/ip_cc_axi_data_h2c_03/inst'
Parsing XDC File [/home/truongnh/minhphat/30m/debug_link_69460/vpp_temp/link/vivado/vpl/prj/prj.gen/my_rm/bd/ulp/ip/ulp_ip_cc_axi_data_h2c_03_0/ulp_ip_cc_axi_data_h2c_03_0_slr.xdc] for cell 'level0_i/level1/level1_i/ulp/ip_cc_axi_data_h2c_03/inst'
INFO: [Vivado 12-3520] Assignment of 'gen_clock_conv.gen_async_conv.asyncfifo_axi_i_1, GND, VCC, and gen_clock_conv.gen_async_conv.asyncfifo_axi' to a pblock 'pblock_dynamic_SLR3' means that all children of 'inst' are in the pblock. Changing the pblock assignment to 'inst'. [/home/truongnh/minhphat/30m/debug_link_69460/vpp_temp/link/vivado/vpl/prj/prj.gen/my_rm/bd/ulp/ip/ulp_ip_cc_axi_data_h2c_03_0/ulp_ip_cc_axi_data_h2c_03_0_slr.xdc:55]
Finished Parsing XDC File [/home/truongnh/minhphat/30m/debug_link_69460/vpp_temp/link/vivado/vpl/prj/prj.gen/my_rm/bd/ulp/ip/ulp_ip_cc_axi_data_h2c_03_0/ulp_ip_cc_axi_data_h2c_03_0_slr.xdc] for cell 'level0_i/level1/level1_i/ulp/ip_cc_axi_data_h2c_03/inst'
Parsing XDC File [/home/truongnh/minhphat/30m/debug_link_69460/vpp_temp/link/vivado/vpl/prj/prj.gen/my_rm/bd/ulp/ip/ulp_ip_rs_axi_data_h2c_03_0/ulp_ip_rs_axi_data_h2c_03_0_clocks.xdc] for cell 'level0_i/level1/level1_i/ulp/ip_rs_axi_data_h2c_03/inst'
WARNING: [Vivado_Tcl 4-921] Waiver ID 'CDC-7' -to list should not be empty. [/home/truongnh/minhphat/30m/debug_link_69460/vpp_temp/link/vivado/vpl/prj/prj.gen/my_rm/bd/ulp/ip/ulp_ip_rs_axi_data_h2c_03_0/ulp_ip_rs_axi_data_h2c_03_0_clocks.xdc:10]
Finished Parsing XDC File [/home/truongnh/minhphat/30m/debug_link_69460/vpp_temp/link/vivado/vpl/prj/prj.gen/my_rm/bd/ulp/ip/ulp_ip_rs_axi_data_h2c_03_0/ulp_ip_rs_axi_data_h2c_03_0_clocks.xdc] for cell 'level0_i/level1/level1_i/ulp/ip_rs_axi_data_h2c_03/inst'
Parsing XDC File [/home/truongnh/minhphat/30m/debug_link_69460/vpp_temp/link/vivado/vpl/prj/prj.gen/my_rm/bd/ulp/ip/ulp_ip_rs_axi_ctrl_user_03_0/ulp_ip_rs_axi_ctrl_user_03_0_clocks.xdc] for cell 'level0_i/level1/level1_i/ulp/ip_rs_axi_ctrl_user_03/inst'
WARNING: [Vivado_Tcl 4-921] Waiver ID 'CDC-7' -to list should not be empty. [/home/truongnh/minhphat/30m/debug_link_69460/vpp_temp/link/vivado/vpl/prj/prj.gen/my_rm/bd/ulp/ip/ulp_ip_rs_axi_ctrl_user_03_0/ulp_ip_rs_axi_ctrl_user_03_0_clocks.xdc:10]
Finished Parsing XDC File [/home/truongnh/minhphat/30m/debug_link_69460/vpp_temp/link/vivado/vpl/prj/prj.gen/my_rm/bd/ulp/ip/ulp_ip_rs_axi_ctrl_user_03_0/ulp_ip_rs_axi_ctrl_user_03_0_clocks.xdc] for cell 'level0_i/level1/level1_i/ulp/ip_rs_axi_ctrl_user_03/inst'
Parsing XDC File [/home/truongnh/minhphat/30m/debug_link_69460/vpp_temp/link/vivado/vpl/prj/prj.gen/my_rm/bd/ulp/ip/ulp_ip_db_axi2bscan_user_00_0/bd_0/ip/ip_0/constraints/axi_jtag.xdc] for cell 'level0_i/level1/level1_i/ulp/ip_db_axi2bscan_user_00/inst/axi_jtag/inst'
Finished Parsing XDC File [/home/truongnh/minhphat/30m/debug_link_69460/vpp_temp/link/vivado/vpl/prj/prj.gen/my_rm/bd/ulp/ip/ulp_ip_db_axi2bscan_user_00_0/bd_0/ip/ip_0/constraints/axi_jtag.xdc] for cell 'level0_i/level1/level1_i/ulp/ip_db_axi2bscan_user_00/inst/axi_jtag/inst'
Parsing XDC File [/home/truongnh/minhphat/30m/debug_link_69460/vpp_temp/link/vivado/vpl/prj/prj.gen/my_rm/bd/ulp/ip/ulp_ip_db_axi2bscan_user_00_0/bd_0/ip/ip_1/constraints/bsip.xdc] for cell 'level0_i/level1/level1_i/ulp/ip_db_axi2bscan_user_00/inst/bsip/inst'
WARNING: [Timing 38-3] User defined clock exists on pin level0_i/blp/blp_i/ss_hif/inst/pcie/inst/gt_top_i/diablo_gt.diablo_gt_phy_wrapper/gt_wizard.gtwizard_top_i/bd_39ab_pcie_0_gt_i/inst/gen_gtwizard_gtye4_top.bd_39ab_pcie_0_gt_gtwizard_gtye4_inst/gen_gtwizard_gtye4.gen_channel_container[31].gen_enabled_channel.gtye4_channel_wrapper_inst/channel_inst/gtye4_channel_gen.gen_gtye4_channel_inst[3].GTYE4_CHANNEL_PRIM_INST/TXOUTCLK [See ip_pcie4_uscale_plus_x0y1.xdc:127] and will prevent any subsequent automatic derivation of generated clocks on that pin. If the user defined clock specifies '-add', any existing auto-derived clocks on that pin are retained. [/home/truongnh/minhphat/30m/debug_link_69460/vpp_temp/link/vivado/vpl/prj/prj.gen/my_rm/bd/ulp/ip/ulp_ip_db_axi2bscan_user_00_0/bd_0/ip/ip_1/constraints/bsip.xdc:5]
get_clocks: Time (s): cpu = 00:00:32 ; elapsed = 00:00:12 . Memory (MB): peak = 28728.660 ; gain = 0.000 ; free physical = 82220 ; free virtual = 108507
Finished Parsing XDC File [/home/truongnh/minhphat/30m/debug_link_69460/vpp_temp/link/vivado/vpl/prj/prj.gen/my_rm/bd/ulp/ip/ulp_ip_db_axi2bscan_user_00_0/bd_0/ip/ip_1/constraints/bsip.xdc] for cell 'level0_i/level1/level1_i/ulp/ip_db_axi2bscan_user_00/inst/bsip/inst'
Parsing XDC File [/home/truongnh/minhphat/30m/debug_link_69460/vpp_temp/link/vivado/vpl/prj/prj.gen/my_rm/bd/ulp/ip/ulp_ip_gpio_debug_axi_ctrl_mgmt_00_0/ulp_ip_gpio_debug_axi_ctrl_mgmt_00_0_slr.xdc] for cell 'level0_i/level1/level1_i/ulp/ip_gpio_debug_axi_ctrl_mgmt_00/U0'
INFO: [Vivado 12-3520] Assignment of 'ip2bus_wrack_i_D1_reg, ip2bus_rdack_i_D1_reg, ip2bus_data_i_D1_reg[7], ip2bus_data_i_D1_reg[6], ip2bus_data_i_D1_reg[3], ip2bus_data_i_D1_reg[31], ip2bus_data_i_D1_reg[9], ip2bus_data_i_D1_reg[8], ip2bus_data_i_D1_reg[5], ip2bus_data_i_D1_reg[4], ip2bus_data_i_D1_reg[30], ip2bus_data_i_D1_reg[2], ip2bus_data_i_D1_reg[27], ip2bus_data_i_D1_reg[26], ip2bus_data_i_D1_reg[23], ip2bus_data_i_D1_reg[22], ip2bus_data_i_D1_reg[21], ip2bus_data_i_D1_reg[20], ip2bus_data_i_D1_reg[29], ip2bus_data_i_D1_reg[28], ip2bus_data_i_D1_reg[25], ip2bus_data_i_D1_reg[24], ip2bus_data_i_D1_reg[1], ip2bus_data_i_D1_reg[19], ip2bus_data_i_D1_reg[18], ip2bus_data_i_D1_reg[16], AXI_LITE_IPIF_I, ip2bus_data_i_D1_reg[15], ip2bus_data_i_D1_reg[13], ip2bus_data_i_D1_reg[17], ip2bus_data_i_D1_reg[12], ip2bus_data_i_D1_reg[14], ip2bus_data_i_D1_reg[11], ip2bus_data_i_D1_reg[10], ip2bus_data_i_D1_reg[0], gpio_core_1, VCC, and GND' to a pblock 'pblock_dynamic_SLR0' means that all children of 'U0' are in the pblock. Changing the pblock assignment to 'U0'. [/home/truongnh/minhphat/30m/debug_link_69460/vpp_temp/link/vivado/vpl/prj/prj.gen/my_rm/bd/ulp/ip/ulp_ip_gpio_debug_axi_ctrl_mgmt_00_0/ulp_ip_gpio_debug_axi_ctrl_mgmt_00_0_slr.xdc:55]
Finished Parsing XDC File [/home/truongnh/minhphat/30m/debug_link_69460/vpp_temp/link/vivado/vpl/prj/prj.gen/my_rm/bd/ulp/ip/ulp_ip_gpio_debug_axi_ctrl_mgmt_00_0/ulp_ip_gpio_debug_axi_ctrl_mgmt_00_0_slr.xdc] for cell 'level0_i/level1/level1_i/ulp/ip_gpio_debug_axi_ctrl_mgmt_00/U0'
Parsing XDC File [/home/truongnh/minhphat/30m/debug_link_69460/vpp_temp/link/vivado/vpl/prj/prj.gen/my_rm/bd/ulp/ip/ulp_ip_gpio_debug_axi_ctrl_mgmt_01_0/ulp_ip_gpio_debug_axi_ctrl_mgmt_01_0_slr.xdc] for cell 'level0_i/level1/level1_i/ulp/ip_gpio_debug_axi_ctrl_mgmt_01/U0'
INFO: [Vivado 12-3520] Assignment of 'ip2bus_wrack_i_D1_reg, ip2bus_data_i_D1_reg[4], ip2bus_data_i_D1_reg[3], ip2bus_data_i_D1_reg[31], ip2bus_data_i_D1_reg[30], ip2bus_data_i_D1_reg[6], ip2bus_data_i_D1_reg[5], ip2bus_rdack_i_D1_reg, ip2bus_data_i_D1_reg[9], ip2bus_data_i_D1_reg[8], ip2bus_data_i_D1_reg[7], AXI_LITE_IPIF_I, GND, VCC, gpio_core_1, ip2bus_data_i_D1_reg[0], ip2bus_data_i_D1_reg[10], ip2bus_data_i_D1_reg[11], ip2bus_data_i_D1_reg[14], ip2bus_data_i_D1_reg[12], ip2bus_data_i_D1_reg[17], ip2bus_data_i_D1_reg[13], ip2bus_data_i_D1_reg[15], ip2bus_data_i_D1_reg[16], ip2bus_data_i_D1_reg[18], ip2bus_data_i_D1_reg[19], ip2bus_data_i_D1_reg[1], ip2bus_data_i_D1_reg[20], ip2bus_data_i_D1_reg[21], ip2bus_data_i_D1_reg[22], ip2bus_data_i_D1_reg[23], ip2bus_data_i_D1_reg[24], ip2bus_data_i_D1_reg[25], ip2bus_data_i_D1_reg[26], ip2bus_data_i_D1_reg[27], ip2bus_data_i_D1_reg[28], ip2bus_data_i_D1_reg[29], and ip2bus_data_i_D1_reg[2]' to a pblock 'pblock_dynamic_SLR2' means that all children of 'U0' are in the pblock. Changing the pblock assignment to 'U0'. [/home/truongnh/minhphat/30m/debug_link_69460/vpp_temp/link/vivado/vpl/prj/prj.gen/my_rm/bd/ulp/ip/ulp_ip_gpio_debug_axi_ctrl_mgmt_01_0/ulp_ip_gpio_debug_axi_ctrl_mgmt_01_0_slr.xdc:55]
Finished Parsing XDC File [/home/truongnh/minhphat/30m/debug_link_69460/vpp_temp/link/vivado/vpl/prj/prj.gen/my_rm/bd/ulp/ip/ulp_ip_gpio_debug_axi_ctrl_mgmt_01_0/ulp_ip_gpio_debug_axi_ctrl_mgmt_01_0_slr.xdc] for cell 'level0_i/level1/level1_i/ulp/ip_gpio_debug_axi_ctrl_mgmt_01/U0'
Parsing XDC File [/home/truongnh/minhphat/30m/debug_link_69460/vpp_temp/link/vivado/vpl/prj/prj.gen/my_rm/bd/ulp/ip/ulp_ip_gpio_debug_axi_ctrl_user_00_0/ulp_ip_gpio_debug_axi_ctrl_user_00_0_slr.xdc] for cell 'level0_i/level1/level1_i/ulp/ip_gpio_debug_axi_ctrl_user_00/U0'
INFO: [Vivado 12-3520] Assignment of 'ip2bus_data_i_D1_reg[31], ip2bus_data_i_D1_reg[30], ip2bus_data_i_D1_reg[2], ip2bus_data_i_D1_reg[29], ip2bus_data_i_D1_reg[28], ip2bus_data_i_D1_reg[27], ip2bus_data_i_D1_reg[26], ip2bus_data_i_D1_reg[25], ip2bus_data_i_D1_reg[24], ip2bus_data_i_D1_reg[23], ip2bus_data_i_D1_reg[22], ip2bus_data_i_D1_reg[21], ip2bus_data_i_D1_reg[20], ip2bus_data_i_D1_reg[1], ip2bus_data_i_D1_reg[19], ip2bus_data_i_D1_reg[18], ip2bus_data_i_D1_reg[16], ip2bus_data_i_D1_reg[15], ip2bus_data_i_D1_reg[13], ip2bus_data_i_D1_reg[17], ip2bus_data_i_D1_reg[12], ip2bus_data_i_D1_reg[14], ip2bus_data_i_D1_reg[11], ip2bus_data_i_D1_reg[10], ip2bus_data_i_D1_reg[0], gpio_core_1, VCC, GND, AXI_LITE_IPIF_I, ip2bus_wrack_i_D1_reg, ip2bus_rdack_i_D1_reg, ip2bus_data_i_D1_reg[9], ip2bus_data_i_D1_reg[8], ip2bus_data_i_D1_reg[7], ip2bus_data_i_D1_reg[6], ip2bus_data_i_D1_reg[5], ip2bus_data_i_D1_reg[4], and ip2bus_data_i_D1_reg[3]' to a pblock 'pblock_dynamic_SLR0' means that all children of 'U0' are in the pblock. Changing the pblock assignment to 'U0'. [/home/truongnh/minhphat/30m/debug_link_69460/vpp_temp/link/vivado/vpl/prj/prj.gen/my_rm/bd/ulp/ip/ulp_ip_gpio_debug_axi_ctrl_user_00_0/ulp_ip_gpio_debug_axi_ctrl_user_00_0_slr.xdc:55]
Finished Parsing XDC File [/home/truongnh/minhphat/30m/debug_link_69460/vpp_temp/link/vivado/vpl/prj/prj.gen/my_rm/bd/ulp/ip/ulp_ip_gpio_debug_axi_ctrl_user_00_0/ulp_ip_gpio_debug_axi_ctrl_user_00_0_slr.xdc] for cell 'level0_i/level1/level1_i/ulp/ip_gpio_debug_axi_ctrl_user_00/U0'
Parsing XDC File [/home/truongnh/minhphat/30m/debug_link_69460/vpp_temp/link/vivado/vpl/prj/prj.gen/my_rm/bd/ulp/ip/ulp_ip_gpio_debug_axi_ctrl_user_01_0/ulp_ip_gpio_debug_axi_ctrl_user_01_0_slr.xdc] for cell 'level0_i/level1/level1_i/ulp/ip_gpio_debug_axi_ctrl_user_01/U0'
INFO: [Vivado 12-3520] Assignment of 'ip2bus_wrack_i_D1_reg, ip2bus_rdack_i_D1_reg, ip2bus_data_i_D1_reg[9], ip2bus_data_i_D1_reg[8], ip2bus_data_i_D1_reg[7], ip2bus_data_i_D1_reg[6], ip2bus_data_i_D1_reg[5], ip2bus_data_i_D1_reg[4], ip2bus_data_i_D1_reg[3], ip2bus_data_i_D1_reg[31], ip2bus_data_i_D1_reg[30], ip2bus_data_i_D1_reg[2], ip2bus_data_i_D1_reg[29], ip2bus_data_i_D1_reg[28], ip2bus_data_i_D1_reg[27], ip2bus_data_i_D1_reg[26], ip2bus_data_i_D1_reg[25], ip2bus_data_i_D1_reg[24], ip2bus_data_i_D1_reg[23], ip2bus_data_i_D1_reg[22], ip2bus_data_i_D1_reg[21], ip2bus_data_i_D1_reg[20], ip2bus_data_i_D1_reg[1], ip2bus_data_i_D1_reg[19], ip2bus_data_i_D1_reg[18], ip2bus_data_i_D1_reg[16], ip2bus_data_i_D1_reg[15], ip2bus_data_i_D1_reg[13], ip2bus_data_i_D1_reg[17], ip2bus_data_i_D1_reg[12], ip2bus_data_i_D1_reg[14], ip2bus_data_i_D1_reg[11], ip2bus_data_i_D1_reg[10], ip2bus_data_i_D1_reg[0], gpio_core_1, VCC, GND, and AXI_LITE_IPIF_I' to a pblock 'pblock_dynamic_SLR1' means that all children of 'U0' are in the pblock. Changing the pblock assignment to 'U0'. [/home/truongnh/minhphat/30m/debug_link_69460/vpp_temp/link/vivado/vpl/prj/prj.gen/my_rm/bd/ulp/ip/ulp_ip_gpio_debug_axi_ctrl_user_01_0/ulp_ip_gpio_debug_axi_ctrl_user_01_0_slr.xdc:55]
Finished Parsing XDC File [/home/truongnh/minhphat/30m/debug_link_69460/vpp_temp/link/vivado/vpl/prj/prj.gen/my_rm/bd/ulp/ip/ulp_ip_gpio_debug_axi_ctrl_user_01_0/ulp_ip_gpio_debug_axi_ctrl_user_01_0_slr.xdc] for cell 'level0_i/level1/level1_i/ulp/ip_gpio_debug_axi_ctrl_user_01/U0'
Parsing XDC File [/home/truongnh/minhphat/30m/debug_link_69460/vpp_temp/link/vivado/vpl/prj/prj.gen/my_rm/bd/ulp/ip/ulp_ip_gpio_debug_axi_ctrl_user_02_0/ulp_ip_gpio_debug_axi_ctrl_user_02_0_slr.xdc] for cell 'level0_i/level1/level1_i/ulp/ip_gpio_debug_axi_ctrl_user_02/U0'
INFO: [Vivado 12-3520] Assignment of 'ip2bus_wrack_i_D1_reg, ip2bus_rdack_i_D1_reg, ip2bus_data_i_D1_reg[9], ip2bus_data_i_D1_reg[8], ip2bus_data_i_D1_reg[7], ip2bus_data_i_D1_reg[6], ip2bus_data_i_D1_reg[5], ip2bus_data_i_D1_reg[4], ip2bus_data_i_D1_reg[3], ip2bus_data_i_D1_reg[31], ip2bus_data_i_D1_reg[30], ip2bus_data_i_D1_reg[2], ip2bus_data_i_D1_reg[29], ip2bus_data_i_D1_reg[28], ip2bus_data_i_D1_reg[27], ip2bus_data_i_D1_reg[26], ip2bus_data_i_D1_reg[25], ip2bus_data_i_D1_reg[24], ip2bus_data_i_D1_reg[23], ip2bus_data_i_D1_reg[22], ip2bus_data_i_D1_reg[21], ip2bus_data_i_D1_reg[20], ip2bus_data_i_D1_reg[1], ip2bus_data_i_D1_reg[19], ip2bus_data_i_D1_reg[18], ip2bus_data_i_D1_reg[16], ip2bus_data_i_D1_reg[15], ip2bus_data_i_D1_reg[13], ip2bus_data_i_D1_reg[17], ip2bus_data_i_D1_reg[12], ip2bus_data_i_D1_reg[14], ip2bus_data_i_D1_reg[11], ip2bus_data_i_D1_reg[10], ip2bus_data_i_D1_reg[0], gpio_core_1, VCC, GND, and AXI_LITE_IPIF_I' to a pblock 'pblock_dynamic_SLR2' means that all children of 'U0' are in the pblock. Changing the pblock assignment to 'U0'. [/home/truongnh/minhphat/30m/debug_link_69460/vpp_temp/link/vivado/vpl/prj/prj.gen/my_rm/bd/ulp/ip/ulp_ip_gpio_debug_axi_ctrl_user_02_0/ulp_ip_gpio_debug_axi_ctrl_user_02_0_slr.xdc:55]
Finished Parsing XDC File [/home/truongnh/minhphat/30m/debug_link_69460/vpp_temp/link/vivado/vpl/prj/prj.gen/my_rm/bd/ulp/ip/ulp_ip_gpio_debug_axi_ctrl_user_02_0/ulp_ip_gpio_debug_axi_ctrl_user_02_0_slr.xdc] for cell 'level0_i/level1/level1_i/ulp/ip_gpio_debug_axi_ctrl_user_02/U0'
Parsing XDC File [/home/truongnh/minhphat/30m/debug_link_69460/vpp_temp/link/vivado/vpl/prj/prj.gen/my_rm/bd/ulp/ip/ulp_ip_gpio_debug_axi_ctrl_user_03_0/ulp_ip_gpio_debug_axi_ctrl_user_03_0_slr.xdc] for cell 'level0_i/level1/level1_i/ulp/ip_gpio_debug_axi_ctrl_user_03/U0'
INFO: [Vivado 12-3520] Assignment of 'ip2bus_data_i_D1_reg[13], ip2bus_data_i_D1_reg[17], ip2bus_data_i_D1_reg[12], ip2bus_data_i_D1_reg[14], ip2bus_data_i_D1_reg[11], ip2bus_data_i_D1_reg[10], ip2bus_data_i_D1_reg[0], gpio_core_1, VCC, GND, AXI_LITE_IPIF_I, ip2bus_wrack_i_D1_reg, ip2bus_rdack_i_D1_reg, ip2bus_data_i_D1_reg[9], ip2bus_data_i_D1_reg[8], ip2bus_data_i_D1_reg[7], ip2bus_data_i_D1_reg[6], ip2bus_data_i_D1_reg[5], ip2bus_data_i_D1_reg[4], ip2bus_data_i_D1_reg[3], ip2bus_data_i_D1_reg[31], ip2bus_data_i_D1_reg[30], ip2bus_data_i_D1_reg[2], ip2bus_data_i_D1_reg[29], ip2bus_data_i_D1_reg[28], ip2bus_data_i_D1_reg[27], ip2bus_data_i_D1_reg[26], ip2bus_data_i_D1_reg[25], ip2bus_data_i_D1_reg[24], ip2bus_data_i_D1_reg[23], ip2bus_data_i_D1_reg[22], ip2bus_data_i_D1_reg[21], ip2bus_data_i_D1_reg[20], ip2bus_data_i_D1_reg[1], ip2bus_data_i_D1_reg[19], ip2bus_data_i_D1_reg[18], ip2bus_data_i_D1_reg[16], and ip2bus_data_i_D1_reg[15]' to a pblock 'pblock_dynamic_SLR3' means that all children of 'U0' are in the pblock. Changing the pblock assignment to 'U0'. [/home/truongnh/minhphat/30m/debug_link_69460/vpp_temp/link/vivado/vpl/prj/prj.gen/my_rm/bd/ulp/ip/ulp_ip_gpio_debug_axi_ctrl_user_03_0/ulp_ip_gpio_debug_axi_ctrl_user_03_0_slr.xdc:55]
Finished Parsing XDC File [/home/truongnh/minhphat/30m/debug_link_69460/vpp_temp/link/vivado/vpl/prj/prj.gen/my_rm/bd/ulp/ip/ulp_ip_gpio_debug_axi_ctrl_user_03_0/ulp_ip_gpio_debug_axi_ctrl_user_03_0_slr.xdc] for cell 'level0_i/level1/level1_i/ulp/ip_gpio_debug_axi_ctrl_user_03/U0'
Parsing XDC File [/home/truongnh/minhphat/30m/debug_link_69460/vpp_temp/link/vivado/vpl/prj/prj.gen/my_rm/bd/ulp/ip/ulp_ip_gpio_debug_axi_data_h2c_01_0/ulp_ip_gpio_debug_axi_data_h2c_01_0_slr.xdc] for cell 'level0_i/level1/level1_i/ulp/ip_gpio_debug_axi_data_h2c_01/U0'
INFO: [Vivado 12-3520] Assignment of 'ip2bus_data_i_D1_reg[29], ip2bus_data_i_D1_reg[28], ip2bus_data_i_D1_reg[27], ip2bus_data_i_D1_reg[26], ip2bus_data_i_D1_reg[25], ip2bus_data_i_D1_reg[24], ip2bus_data_i_D1_reg[23], ip2bus_data_i_D1_reg[22], ip2bus_data_i_D1_reg[21], ip2bus_data_i_D1_reg[20], ip2bus_data_i_D1_reg[1], ip2bus_data_i_D1_reg[19], ip2bus_data_i_D1_reg[18], ip2bus_data_i_D1_reg[16], ip2bus_data_i_D1_reg[15], ip2bus_data_i_D1_reg[13], ip2bus_data_i_D1_reg[17], ip2bus_data_i_D1_reg[12], ip2bus_data_i_D1_reg[14], ip2bus_data_i_D1_reg[11], ip2bus_data_i_D1_reg[10], ip2bus_data_i_D1_reg[0], gpio_core_1, VCC, GND, AXI_LITE_IPIF_I, ip2bus_wrack_i_D1_reg, ip2bus_rdack_i_D1_reg, ip2bus_data_i_D1_reg[9], ip2bus_data_i_D1_reg[8], ip2bus_data_i_D1_reg[7], ip2bus_data_i_D1_reg[6], ip2bus_data_i_D1_reg[5], ip2bus_data_i_D1_reg[4], ip2bus_data_i_D1_reg[3], ip2bus_data_i_D1_reg[31], ip2bus_data_i_D1_reg[30], and ip2bus_data_i_D1_reg[2]' to a pblock 'pblock_dynamic_SLR1' means that all children of 'U0' are in the pblock. Changing the pblock assignment to 'U0'. [/home/truongnh/minhphat/30m/debug_link_69460/vpp_temp/link/vivado/vpl/prj/prj.gen/my_rm/bd/ulp/ip/ulp_ip_gpio_debug_axi_data_h2c_01_0/ulp_ip_gpio_debug_axi_data_h2c_01_0_slr.xdc:55]
Finished Parsing XDC File [/home/truongnh/minhphat/30m/debug_link_69460/vpp_temp/link/vivado/vpl/prj/prj.gen/my_rm/bd/ulp/ip/ulp_ip_gpio_debug_axi_data_h2c_01_0/ulp_ip_gpio_debug_axi_data_h2c_01_0_slr.xdc] for cell 'level0_i/level1/level1_i/ulp/ip_gpio_debug_axi_data_h2c_01/U0'
Parsing XDC File [/home/truongnh/minhphat/30m/debug_link_69460/vpp_temp/link/vivado/vpl/prj/prj.gen/my_rm/bd/ulp/ip/ulp_rst_clk_wiz_200M_0/ulp_rst_clk_wiz_200M_0_slr.xdc] for cell 'level0_i/level1/level1_i/ulp/rst_clk_wiz_200M/U0'
INFO: [Vivado 12-3520] Assignment of 'VCC, SEQ, FDRE_inst, PR_OUT_DFF[0].FDRE_PER, GND, ACTIVE_LOW_BSR_OUT_DFF[0].FDRE_BSR_N, ACTIVE_LOW_PR_OUT_DFF[0].FDRE_PER_N, EXT_LPF, and BSR_OUT_DFF[0].FDRE_BSR' to a pblock 'pblock_dynamic_SLR0' means that all children of 'rst_clk_wiz_200M' are in the pblock. Changing the pblock assignment to 'rst_clk_wiz_200M'. [/home/truongnh/minhphat/30m/debug_link_69460/vpp_temp/link/vivado/vpl/prj/prj.gen/my_rm/bd/ulp/ip/ulp_rst_clk_wiz_200M_0/ulp_rst_clk_wiz_200M_0_slr.xdc:55]
Finished Parsing XDC File [/home/truongnh/minhphat/30m/debug_link_69460/vpp_temp/link/vivado/vpl/prj/prj.gen/my_rm/bd/ulp/ip/ulp_rst_clk_wiz_200M_0/ulp_rst_clk_wiz_200M_0_slr.xdc] for cell 'level0_i/level1/level1_i/ulp/rst_clk_wiz_200M/U0'
WARNING: [Vivado_Tcl 4-935] Waiver ID 'CDC-6' is a duplicate and will not be added again. [/opt/Xilinx/Vivado/2021.2/data/ip/xpm/xpm_cdc/tcl/xpm_cdc_gray.tcl:23]
WARNING: [Vivado_Tcl 4-935] Waiver ID 'CDC-6' is a duplicate and will not be added again. [/opt/Xilinx/Vivado/2021.2/data/ip/xpm/xpm_cdc/tcl/xpm_cdc_gray.tcl:23]
WARNING: [Vivado_Tcl 4-935] Waiver ID 'CDC-6' is a duplicate and will not be added again. [/opt/Xilinx/Vivado/2021.2/data/ip/xpm/xpm_cdc/tcl/xpm_cdc_gray.tcl:23]
WARNING: [Vivado_Tcl 4-935] Waiver ID 'CDC-6' is a duplicate and will not be added again. [/opt/Xilinx/Vivado/2021.2/data/ip/xpm/xpm_cdc/tcl/xpm_cdc_gray.tcl:23]
WARNING: [Vivado_Tcl 4-935] Waiver ID 'CDC-6' is a duplicate and will not be added again. [/opt/Xilinx/Vivado/2021.2/data/ip/xpm/xpm_cdc/tcl/xpm_cdc_gray.tcl:23]
WARNING: [Vivado_Tcl 4-935] Waiver ID 'CDC-6' is a duplicate and will not be added again. [/opt/Xilinx/Vivado/2021.2/data/ip/xpm/xpm_cdc/tcl/xpm_cdc_gray.tcl:23]
WARNING: [Vivado_Tcl 4-935] Waiver ID 'CDC-6' is a duplicate and will not be added again. [/opt/Xilinx/Vivado/2021.2/data/ip/xpm/xpm_cdc/tcl/xpm_cdc_gray.tcl:23]
WARNING: [XPM_CDC_GRAY: TCL-1000] The source and destination clocks are the same. 
     Instance: level0_i/blp/blp_i/ss_hif/inst/flash_programmer/U0/NO_DUAL_QUAD_MODE.QSPI_NORMAL/QSPI_LEGACY_MD_GEN.QSPI_CORE_INTERFACE_I/FIFO_EXISTS.TX_FIFO_II/xpm_fifo_instance.xpm_fifo_async_inst/gnuram_async_fifo.xpm_fifo_base_inst/gen_cdc_pntr.rd_pntr_cdc_inst 
  This will add unnecessary latency to the design. Please check the design for the following: 
 1) Manually instantiated XPM_CDC modules: Xilinx recommends that you remove these modules. 
 2) Xilinx IP that contains XPM_CDC modules: Verify the connections to the IP to determine whether you can safely ignore this message.
 [/opt/Xilinx/Vivado/2021.2/data/ip/xpm/xpm_cdc/tcl/xpm_cdc_gray.tcl:16]
WARNING: [Vivado_Tcl 4-935] Waiver ID 'CDC-6' is a duplicate and will not be added again. [/opt/Xilinx/Vivado/2021.2/data/ip/xpm/xpm_cdc/tcl/xpm_cdc_gray.tcl:23]
WARNING: [XPM_CDC_GRAY: TCL-1000] The source and destination clocks are the same. 
     Instance: level0_i/blp/blp_i/ss_hif/inst/flash_programmer/U0/NO_DUAL_QUAD_MODE.QSPI_NORMAL/QSPI_LEGACY_MD_GEN.QSPI_CORE_INTERFACE_I/FIFO_EXISTS.RX_FIFO_II/gnuram_async_fifo.xpm_fifo_base_inst/gen_cdc_pntr.wr_pntr_cdc_inst 
  This will add unnecessary latency to the design. Please check the design for the following: 
 1) Manually instantiated XPM_CDC modules: Xilinx recommends that you remove these modules. 
 2) Xilinx IP that contains XPM_CDC modules: Verify the connections to the IP to determine whether you can safely ignore this message.
 [/opt/Xilinx/Vivado/2021.2/data/ip/xpm/xpm_cdc/tcl/xpm_cdc_gray.tcl:16]
WARNING: [Vivado_Tcl 4-935] Waiver ID 'CDC-6' is a duplicate and will not be added again. [/opt/Xilinx/Vivado/2021.2/data/ip/xpm/xpm_cdc/tcl/xpm_cdc_gray.tcl:23]
WARNING: [XPM_CDC_GRAY: TCL-1000] The source and destination clocks are the same. 
     Instance: level0_i/blp/blp_i/ss_hif/inst/flash_programmer/U0/NO_DUAL_QUAD_MODE.QSPI_NORMAL/QSPI_LEGACY_MD_GEN.QSPI_CORE_INTERFACE_I/FIFO_EXISTS.RX_FIFO_II/gnuram_async_fifo.xpm_fifo_base_inst/gen_cdc_pntr.rd_pntr_cdc_inst 
  This will add unnecessary latency to the design. Please check the design for the following: 
 1) Manually instantiated XPM_CDC modules: Xilinx recommends that you remove these modules. 
 2) Xilinx IP that contains XPM_CDC modules: Verify the connections to the IP to determine whether you can safely ignore this message.
 [/opt/Xilinx/Vivado/2021.2/data/ip/xpm/xpm_cdc/tcl/xpm_cdc_gray.tcl:16]
WARNING: [Vivado_Tcl 4-935] Waiver ID 'CDC-6' is a duplicate and will not be added again. [/opt/Xilinx/Vivado/2021.2/data/ip/xpm/xpm_cdc/tcl/xpm_cdc_gray.tcl:23]
WARNING: [XPM_CDC_GRAY: TCL-1000] The source and destination clocks are the same. 
     Instance: level0_i/blp/blp_i/ss_hif/inst/flash_programmer/U0/NO_DUAL_QUAD_MODE.QSPI_NORMAL/QSPI_LEGACY_MD_GEN.QSPI_CORE_INTERFACE_I/FIFO_EXISTS.TX_FIFO_II/xpm_fifo_instance.xpm_fifo_async_inst/gnuram_async_fifo.xpm_fifo_base_inst/gen_cdc_pntr.wr_pntr_cdc_inst 
  This will add unnecessary latency to the design. Please check the design for the following: 
 1) Manually instantiated XPM_CDC modules: Xilinx recommends that you remove these modules. 
 2) Xilinx IP that contains XPM_CDC modules: Verify the connections to the IP to determine whether you can safely ignore this message.
 [/opt/Xilinx/Vivado/2021.2/data/ip/xpm/xpm_cdc/tcl/xpm_cdc_gray.tcl:16]
WARNING: [Vivado_Tcl 4-935] Waiver ID 'CDC-6' is a duplicate and will not be added again. [/opt/Xilinx/Vivado/2021.2/data/ip/xpm/xpm_cdc/tcl/xpm_cdc_gray.tcl:23]
WARNING: [XPM_CDC_GRAY: TCL-1000] The source and destination clocks are the same. 
     Instance: level0_i/blp/blp_i/ss_hif/inst/flash_programmer/U0/NO_DUAL_QUAD_MODE.QSPI_NORMAL/QSPI_LEGACY_MD_GEN.QSPI_CORE_INTERFACE_I/FIFO_EXISTS.RX_FIFO_II/gnuram_async_fifo.xpm_fifo_base_inst/gen_cdc_pntr.wr_pntr_cdc_dc_inst 
  This will add unnecessary latency to the design. Please check the design for the following: 
 1) Manually instantiated XPM_CDC modules: Xilinx recommends that you remove these modules. 
 2) Xilinx IP that contains XPM_CDC modules: Verify the connections to the IP to determine whether you can safely ignore this message.
 [/opt/Xilinx/Vivado/2021.2/data/ip/xpm/xpm_cdc/tcl/xpm_cdc_gray.tcl:16]
WARNING: [Vivado_Tcl 4-935] Waiver ID 'CDC-6' is a duplicate and will not be added again. [/opt/Xilinx/Vivado/2021.2/data/ip/xpm/xpm_cdc/tcl/xpm_cdc_gray.tcl:23]
WARNING: [XPM_CDC_GRAY: TCL-1000] The source and destination clocks are the same. 
     Instance: level0_i/blp/blp_i/ss_hif/inst/flash_programmer/U0/NO_DUAL_QUAD_MODE.QSPI_NORMAL/QSPI_LEGACY_MD_GEN.QSPI_CORE_INTERFACE_I/FIFO_EXISTS.TX_FIFO_II/xpm_fifo_instance.xpm_fifo_async_inst/gnuram_async_fifo.xpm_fifo_base_inst/gen_cdc_pntr.rd_pntr_cdc_dc_inst 
  This will add unnecessary latency to the design. Please check the design for the following: 
 1) Manually instantiated XPM_CDC modules: Xilinx recommends that you remove these modules. 
 2) Xilinx IP that contains XPM_CDC modules: Verify the connections to the IP to determine whether you can safely ignore this message.
 [/opt/Xilinx/Vivado/2021.2/data/ip/xpm/xpm_cdc/tcl/xpm_cdc_gray.tcl:16]
WARNING: [Vivado_Tcl 4-935] Waiver ID 'CDC-6' is a duplicate and will not be added again. [/opt/Xilinx/Vivado/2021.2/data/ip/xpm/xpm_cdc/tcl/xpm_cdc_gray.tcl:23]
WARNING: [Vivado_Tcl 4-935] Waiver ID 'CDC-6' is a duplicate and will not be added again. [/opt/Xilinx/Vivado/2021.2/data/ip/xpm/xpm_cdc/tcl/xpm_cdc_gray.tcl:23]
WARNING: [Vivado_Tcl 4-935] Waiver ID 'CDC-6' is a duplicate and will not be added again. [/opt/Xilinx/Vivado/2021.2/data/ip/xpm/xpm_cdc/tcl/xpm_cdc_gray.tcl:23]
WARNING: [Vivado_Tcl 4-935] Waiver ID 'CDC-6' is a duplicate and will not be added again. [/opt/Xilinx/Vivado/2021.2/data/ip/xpm/xpm_cdc/tcl/xpm_cdc_gray.tcl:23]
WARNING: [Vivado_Tcl 4-935] Waiver ID 'CDC-6' is a duplicate and will not be added again. [/opt/Xilinx/Vivado/2021.2/data/ip/xpm/xpm_cdc/tcl/xpm_cdc_gray.tcl:23]
WARNING: [Vivado_Tcl 4-935] Waiver ID 'CDC-6' is a duplicate and will not be added again. [/opt/Xilinx/Vivado/2021.2/data/ip/xpm/xpm_cdc/tcl/xpm_cdc_gray.tcl:23]
WARNING: [Vivado_Tcl 4-935] Waiver ID 'CDC-6' is a duplicate and will not be added again. [/opt/Xilinx/Vivado/2021.2/data/ip/xpm/xpm_cdc/tcl/xpm_cdc_gray.tcl:23]
WARNING: [Vivado_Tcl 4-935] Waiver ID 'CDC-6' is a duplicate and will not be added again. [/opt/Xilinx/Vivado/2021.2/data/ip/xpm/xpm_cdc/tcl/xpm_cdc_gray.tcl:23]
WARNING: [Vivado_Tcl 4-935] Waiver ID 'CDC-6' is a duplicate and will not be added again. [/opt/Xilinx/Vivado/2021.2/data/ip/xpm/xpm_cdc/tcl/xpm_cdc_gray.tcl:23]
WARNING: [Vivado_Tcl 4-935] Waiver ID 'CDC-15' is a duplicate and will not be added again. [/opt/Xilinx/Vivado/2021.2/data/ip/xpm/xpm_cdc/tcl/xpm_cdc_handshake.tcl:30]
WARNING: [Vivado_Tcl 4-935] Waiver ID 'CDC-15' is a duplicate and will not be added again. [/opt/Xilinx/Vivado/2021.2/data/ip/xpm/xpm_cdc/tcl/xpm_cdc_handshake.tcl:30]
WARNING: [Vivado_Tcl 4-935] Waiver ID 'CDC-15' is a duplicate and will not be added again. [/opt/Xilinx/Vivado/2021.2/data/ip/xpm/xpm_cdc/tcl/xpm_cdc_handshake.tcl:30]
WARNING: [Vivado_Tcl 4-935] Waiver ID 'CDC-15' is a duplicate and will not be added again. [/opt/Xilinx/Vivado/2021.2/data/ip/xpm/xpm_cdc/tcl/xpm_cdc_handshake.tcl:30]
WARNING: [Vivado_Tcl 4-935] Waiver ID 'CDC-15' is a duplicate and will not be added again. [/opt/Xilinx/Vivado/2021.2/data/ip/xpm/xpm_cdc/tcl/xpm_cdc_handshake.tcl:30]
WARNING: [Vivado_Tcl 4-935] Waiver ID 'CDC-15' is a duplicate and will not be added again. [/opt/Xilinx/Vivado/2021.2/data/ip/xpm/xpm_cdc/tcl/xpm_cdc_handshake.tcl:30]
WARNING: [Vivado_Tcl 4-935] Waiver ID 'CDC-15' is a duplicate and will not be added again. [/opt/Xilinx/Vivado/2021.2/data/ip/xpm/xpm_cdc/tcl/xpm_cdc_handshake.tcl:30]
WARNING: [Vivado_Tcl 4-935] Waiver ID 'CDC-15' is a duplicate and will not be added again. [/opt/Xilinx/Vivado/2021.2/data/ip/xpm/xpm_cdc/tcl/xpm_cdc_handshake.tcl:30]
WARNING: [Vivado_Tcl 4-935] Waiver ID 'CDC-15' is a duplicate and will not be added again. [/opt/Xilinx/Vivado/2021.2/data/ip/xpm/xpm_cdc/tcl/xpm_cdc_handshake.tcl:30]
WARNING: [Vivado_Tcl 4-935] Waiver ID 'CDC-15' is a duplicate and will not be added again. [/opt/Xilinx/Vivado/2021.2/data/ip/xpm/xpm_cdc/tcl/xpm_cdc_handshake.tcl:30]
WARNING: [Vivado_Tcl 4-935] Waiver ID 'CDC-15' is a duplicate and will not be added again. [/opt/Xilinx/Vivado/2021.2/data/ip/xpm/xpm_cdc/tcl/xpm_cdc_handshake.tcl:30]
WARNING: [Vivado_Tcl 4-935] Waiver ID 'CDC-15' is a duplicate and will not be added again. [/opt/Xilinx/Vivado/2021.2/data/ip/xpm/xpm_cdc/tcl/xpm_cdc_handshake.tcl:30]
WARNING: [Vivado_Tcl 4-935] Waiver ID 'CDC-15' is a duplicate and will not be added again. [/opt/Xilinx/Vivado/2021.2/data/ip/xpm/xpm_cdc/tcl/xpm_cdc_handshake.tcl:30]
WARNING: [Vivado_Tcl 4-935] Waiver ID 'CDC-15' is a duplicate and will not be added again. [/opt/Xilinx/Vivado/2021.2/data/ip/xpm/xpm_cdc/tcl/xpm_cdc_handshake.tcl:30]
WARNING: [Vivado_Tcl 4-935] Waiver ID 'CDC-15' is a duplicate and will not be added again. [/opt/Xilinx/Vivado/2021.2/data/ip/xpm/xpm_cdc/tcl/xpm_cdc_handshake.tcl:30]
WARNING: [Vivado_Tcl 4-935] Waiver ID 'CDC-15' is a duplicate and will not be added again. [/opt/Xilinx/Vivado/2021.2/data/ip/xpm/xpm_cdc/tcl/xpm_cdc_handshake.tcl:30]
WARNING: [Vivado_Tcl 4-935] Waiver ID 'CDC-15' is a duplicate and will not be added again. [/opt/Xilinx/Vivado/2021.2/data/ip/xpm/xpm_cdc/tcl/xpm_cdc_handshake.tcl:30]
WARNING: [Vivado_Tcl 4-935] Waiver ID 'CDC-15' is a duplicate and will not be added again. [/opt/Xilinx/Vivado/2021.2/data/ip/xpm/xpm_cdc/tcl/xpm_cdc_handshake.tcl:30]
WARNING: [Vivado_Tcl 4-921] Waiver ID 'CDC-15' -to list should not be empty. [/opt/Xilinx/Vivado/2021.2/data/ip/xpm/xpm_cdc/tcl/xpm_cdc_handshake.tcl:30]
WARNING: [Vivado_Tcl 4-935] Waiver ID 'CDC-15' is a duplicate and will not be added again. [/opt/Xilinx/Vivado/2021.2/data/ip/xpm/xpm_cdc/tcl/xpm_cdc_handshake.tcl:30]
WARNING: [Vivado_Tcl 4-935] Waiver ID 'CDC-15' is a duplicate and will not be added again. [/opt/Xilinx/Vivado/2021.2/data/ip/xpm/xpm_cdc/tcl/xpm_cdc_handshake.tcl:30]
WARNING: [Vivado_Tcl 4-935] Waiver ID 'CDC-15' is a duplicate and will not be added again. [/opt/Xilinx/Vivado/2021.2/data/ip/xpm/xpm_cdc/tcl/xpm_cdc_handshake.tcl:30]
WARNING: [Vivado_Tcl 4-935] Waiver ID 'CDC-15' is a duplicate and will not be added again. [/opt/Xilinx/Vivado/2021.2/data/ip/xpm/xpm_cdc/tcl/xpm_cdc_handshake.tcl:30]
WARNING: [Vivado_Tcl 4-935] Waiver ID 'CDC-15' is a duplicate and will not be added again. [/opt/Xilinx/Vivado/2021.2/data/ip/xpm/xpm_cdc/tcl/xpm_cdc_handshake.tcl:30]
WARNING: [Vivado_Tcl 4-935] Waiver ID 'CDC-15' is a duplicate and will not be added again. [/opt/Xilinx/Vivado/2021.2/data/ip/xpm/xpm_cdc/tcl/xpm_cdc_handshake.tcl:30]
WARNING: [Vivado_Tcl 4-935] Waiver ID 'CDC-15' is a duplicate and will not be added again. [/opt/Xilinx/Vivado/2021.2/data/ip/xpm/xpm_cdc/tcl/xpm_cdc_handshake.tcl:30]
WARNING: [Vivado_Tcl 4-935] Waiver ID 'CDC-15' is a duplicate and will not be added again. [/opt/Xilinx/Vivado/2021.2/data/ip/xpm/xpm_cdc/tcl/xpm_cdc_handshake.tcl:30]
WARNING: [Vivado_Tcl 4-935] Waiver ID 'CDC-15' is a duplicate and will not be added again. [/opt/Xilinx/Vivado/2021.2/data/ip/xpm/xpm_cdc/tcl/xpm_cdc_handshake.tcl:30]
WARNING: [Vivado_Tcl 4-935] Waiver ID 'CDC-15' is a duplicate and will not be added again. [/opt/Xilinx/Vivado/2021.2/data/ip/xpm/xpm_cdc/tcl/xpm_cdc_handshake.tcl:30]
WARNING: [Vivado_Tcl 4-935] Waiver ID 'CDC-15' is a duplicate and will not be added again. [/opt/Xilinx/Vivado/2021.2/data/ip/xpm/xpm_cdc/tcl/xpm_cdc_handshake.tcl:30]
WARNING: [Vivado_Tcl 4-935] Waiver ID 'CDC-15' is a duplicate and will not be added again. [/opt/Xilinx/Vivado/2021.2/data/ip/xpm/xpm_cdc/tcl/xpm_cdc_handshake.tcl:30]
INFO: [Project 1-1714] 847 XPM XDC files have been applied to the design.
INFO: [Opt 31-138] Pushed 0 inverter(s) to 0 load pin(s).
WARNING: [Memdata 28-80] Empty top found while merging BMM files!
INFO: [Memdata 28-144] Successfully populated the BRAM INIT strings from the following elf files: /home/truongnh/minhphat/30m/debug_link_69460/vpp_temp/link/vivado/vpl/prj/prj.gen/my_rm/bd/ulp/ip/ulp_memory_subsystem_0/bd_0/ip/ip_25/sw/calibration_0/Debug/calibration_ddr.elf /home/truongnh/minhphat/30m/debug_link_69460/vpp_temp/link/vivado/vpl/prj/prj.gen/my_rm/bd/ulp/ip/ulp_memory_subsystem_0/bd_0/ip/ip_29/sw/calibration_0/Debug/calibration_ddr.elf /home/truongnh/minhphat/30m/debug_link_69460/vpp_temp/link/vivado/vpl/prj/prj.gen/my_rm/bd/ulp/ip/ulp_memory_subsystem_0/bd_0/ip/ip_33/sw/calibration_0/Debug/calibration_ddr.elf 
INFO: [Project 1-1687] 99 scoped IP constraints or related sub-commands were skipped due to synthesis logic optimizations usually triggered by constant connectivity or unconnected output pins. To review the skipped constraints and messages, run the command 'set_param netlist.IPMsgFiltering false' before opening the design.
Netlist sorting complete. Time (s): cpu = 00:00:00.64 ; elapsed = 00:00:00.70 . Memory (MB): peak = 28752.707 ; gain = 0.000 ; free physical = 86040 ; free virtual = 112329
INFO: [Project 1-111] Unisim Transformation Summary:
  A total of 10320 instances were transformed.
  DSP48E1 => DSP48E2 (DSP_ALU, DSP_A_B_DATA, DSP_C_DATA, DSP_MULTIPLIER, DSP_M_DATA, DSP_OUTPUT, DSP_PREADD, DSP_PREADD_DATA): 5134 instances
  DSP48E2 => DSP48E2 (DSP_ALU, DSP_A_B_DATA, DSP_C_DATA, DSP_MULTIPLIER, DSP_M_DATA, DSP_OUTPUT, DSP_PREADD, DSP_PREADD_DATA): 8 instances
  IBUF => IBUF (IBUFCTRL, INBUF): 10 instances
  IBUFDS => IBUFDS (DIFFINBUF, IBUFCTRL): 4 instances
  IOBUFDS => IOBUFDS (DIFFINBUF, IBUFCTRL, INV, OBUFT(x2)): 54 instances
  IOBUFE3 => IOBUFE3 (IBUFCTRL, INBUF, OBUFT_DCIEN): 216 instances
  LUT6_2 => LUT6_2 (LUT5, LUT6): 172 instances
  RAM128X1D => RAM128X1D (MUXF7(x2), RAMD64E(x4)): 2560 instances
  RAM16X1D => RAM32X1D (RAMD32(x2)): 280 instances
  RAM16X1S => RAM32X1S (RAMS32): 32 instances
  RAM32M => RAM32M (RAMD32(x6), RAMS32(x2)): 897 instances
  RAM32M16 => RAM32M16 (RAMD32(x14), RAMS32(x2)): 885 instances
  RAM32X1D => RAM32X1D (RAMD32(x2)): 52 instances
  RAM64M8 => RAM64M8 (RAMD64E(x8)): 8 instances
  RAM64X1D => RAM64X1D (RAMD64E(x2)): 8 instances

WARNING: [Constraints 18-5685] Child pblock pblock_dynamic_SLR0 is specified before parent pblock pblock_dynamic_region, which causes the contents of the child to be reassigned to parent. If this is not intended, please read the parent pblock constraints first followed by its children pblock constraints. If using link_design flow, please use the PROCESSING_ORDER property for XDC files to make sure parent pblocks are processed before children pblocks. Refer UG912 to know more about PROCESSING_ORDER property of XDC files.
WARNING: [Constraints 18-5685] Child pblock pblock_dynamic_SLR1 is specified before parent pblock pblock_dynamic_region, which causes the contents of the child to be reassigned to parent. If this is not intended, please read the parent pblock constraints first followed by its children pblock constraints. If using link_design flow, please use the PROCESSING_ORDER property for XDC files to make sure parent pblocks are processed before children pblocks. Refer UG912 to know more about PROCESSING_ORDER property of XDC files.
WARNING: [Constraints 18-5685] Child pblock pblock_dynamic_SLR2 is specified before parent pblock pblock_dynamic_region, which causes the contents of the child to be reassigned to parent. If this is not intended, please read the parent pblock constraints first followed by its children pblock constraints. If using link_design flow, please use the PROCESSING_ORDER property for XDC files to make sure parent pblocks are processed before children pblocks. Refer UG912 to know more about PROCESSING_ORDER property of XDC files.
WARNING: [Constraints 18-5685] Child pblock pblock_dynamic_SLR3 is specified before parent pblock pblock_dynamic_region, which causes the contents of the child to be reassigned to parent. If this is not intended, please read the parent pblock constraints first followed by its children pblock constraints. If using link_design flow, please use the PROCESSING_ORDER property for XDC files to make sure parent pblocks are processed before children pblocks. Refer UG912 to know more about PROCESSING_ORDER property of XDC files.
175 Infos, 310 Warnings, 3 Critical Warnings and 0 Errors encountered.
link_design completed successfully
link_design: Time (s): cpu = 00:39:25 ; elapsed = 00:26:27 . Memory (MB): peak = 28752.707 ; gain = 26002.395 ; free physical = 86040 ; free virtual = 112329
source /home/truongnh/minhphat/30m/debug_link_69460/vpp_temp/link/vivado/vpl/scripts/impl_1/_full_init_post.tcl
INFO: [Timing 38-35] Done setting XDC timing constraints.
WARNING: [Timing 38-3] User defined clock exists on pin level0_i/blp/blp_i/ss_hif/inst/pcie/inst/gt_top_i/diablo_gt.diablo_gt_phy_wrapper/gt_wizard.gtwizard_top_i/bd_39ab_pcie_0_gt_i/inst/gen_gtwizard_gtye4_top.bd_39ab_pcie_0_gt_gtwizard_gtye4_inst/gen_gtwizard_gtye4.gen_channel_container[31].gen_enabled_channel.gtye4_channel_wrapper_inst/channel_inst/gtye4_channel_gen.gen_gtye4_channel_inst[3].GTYE4_CHANNEL_PRIM_INST/TXOUTCLK [See ip_pcie4_uscale_plus_x0y1.xdc:127] and will prevent any subsequent automatic derivation of generated clocks on that pin. If the user defined clock specifies '-add', any existing auto-derived clocks on that pin are retained.
get_clocks: Time (s): cpu = 00:07:08 ; elapsed = 00:02:28 . Memory (MB): peak = 28752.707 ; gain = 0.000 ; free physical = 82145 ; free virtual = 108434
Parsing XDC File [/home/truongnh/minhphat/30m/debug_link_69460/vpp_temp/link/vivado/vpl/output/_user_impl_clk.xdc]
INFO: [Vivado 12-2286] Implicit search of objects for pattern 'level0_i/level1/level1_i/ulp/ss_ucs/inst/aclk_kernel_00_hierarchy/clkwiz_aclk_kernel_00/inst/CLK_CORE_DRP_I/clk_inst/mmcme4_adv_inst/CLKIN1' matched to 'pin' objects. [/home/truongnh/minhphat/30m/debug_link_69460/vpp_temp/link/vivado/vpl/output/_user_impl_clk.xdc:3]
Resolution: To avoid ambiguous patterns, provide proper objects using get commands e.g. [get_nets xyz].
INFO: [Vivado 12-2286] Implicit search of objects for pattern 'level0_i/level1/level1_i/ulp/ss_ucs/inst/aclk_kernel_00_hierarchy/clkwiz_aclk_kernel_00/inst/CLK_CORE_DRP_I/clk_inst/mmcme4_adv_inst/CLKOUT0' matched to 'pin' objects. [/home/truongnh/minhphat/30m/debug_link_69460/vpp_temp/link/vivado/vpl/output/_user_impl_clk.xdc:3]
Resolution: To avoid ambiguous patterns, provide proper objects using get commands e.g. [get_nets xyz].
WARNING: [Constraints 18-619] A clock with name 'clk_kernel_00_unbuffered_net' already exists, overwriting the previous clock with the same name. [/home/truongnh/minhphat/30m/debug_link_69460/vpp_temp/link/vivado/vpl/output/_user_impl_clk.xdc:3]
Finished Parsing XDC File [/home/truongnh/minhphat/30m/debug_link_69460/vpp_temp/link/vivado/vpl/output/_user_impl_clk.xdc]
source /home/truongnh/minhphat/30m/debug_link_69460/vpp_temp/link/vivado/vpl/scripts/impl_1/_full_opt_pre.tcl
Post-synthesis utilization DRC check...
available resources:
   luts      : 1464256
   registers : 2928512
   brams     : 2313
   dsps      : 10634
get_utilization: Time (s): cpu = 00:00:10 ; elapsed = 00:00:11 . Memory (MB): peak = 28778.211 ; gain = 0.000 ; free physical = 82143 ; free virtual = 108432
required resources:
   luts      : 701362
   registers : 849142
   brams     : 577.5
   dsps      : 5138
report_accelerator_utilization: Time (s): cpu = 00:00:18 ; elapsed = 00:00:19 . Memory (MB): peak = 28778.211 ; gain = 0.000 ; free physical = 82127 ; free virtual = 108415
report_utilization: Time (s): cpu = 00:00:38 ; elapsed = 00:00:39 . Memory (MB): peak = 28778.211 ; gain = 0.000 ; free physical = 82107 ; free virtual = 108395
INFO: System Diagram: Run step: synthed

WARNING: [Vivado 12-508] No pins matched 'get_pins -hierarchical -filter {NAME =~ *memory_subsystem/inst/DDR4_MEM* && IS_TIED==TRUE}'.
get_pins: Time (s): cpu = 00:00:34 ; elapsed = 00:00:34 . Memory (MB): peak = 28778.211 ; gain = 0.000 ; free physical = 82147 ; free virtual = 108436
INFO: could not find DDR4_MEM nets to disconnnect.
WARNING: [Vivado 12-180] No cells matched 'get_cells -hierarchical -filter {NAME =~ level0_i/level1/level1_i/ulp/*memory_subsystem/inst/memory/plram_mem00}'.
WARNING: [Vivado 12-180] No cells matched 'get_cells -hierarchical -filter {NAME =~ level0_i/level1/level1_i/ulp/*memory_subsystem/inst/memory/plram_mem00_bram}'.
WARNING: [Vivado 12-180] No cells matched 'get_cells -hierarchical -filter {NAME =~ level0_i/level1/level1_i/ulp/*memory_subsystem/inst/memory/plram_mem01}'.
WARNING: [Vivado 12-180] No cells matched 'get_cells -hierarchical -filter {NAME =~ level0_i/level1/level1_i/ulp/*memory_subsystem/inst/memory/plram_mem01_bram}'.
WARNING: [Vivado 12-180] No cells matched 'get_cells -hierarchical -filter {NAME =~ level0_i/level1/level1_i/ulp/*memory_subsystem/inst/memory/plram_mem02}'.
WARNING: [Vivado 12-180] No cells matched 'get_cells -hierarchical -filter {NAME =~ level0_i/level1/level1_i/ulp/*memory_subsystem/inst/memory/plram_mem02_bram}'.
WARNING: [Vivado 12-180] No cells matched 'get_cells -hierarchical -filter {NAME =~ level0_i/level1/level1_i/ulp/*memory_subsystem/inst/memory/plram_mem03}'.
WARNING: [Vivado 12-180] No cells matched 'get_cells -hierarchical -filter {NAME =~ level0_i/level1/level1_i/ulp/*memory_subsystem/inst/memory/plram_mem03_bram}'.
get_pins: Time (s): cpu = 00:00:24 ; elapsed = 00:00:24 . Memory (MB): peak = 28778.211 ; gain = 0.000 ; free physical = 82148 ; free virtual = 108436
Command: opt_design -directive Explore
INFO: [Vivado_Tcl 4-136] Directive used for opt_design is: Explore
Attempting to get a license for feature 'Implementation' and/or device 'xcu250'
INFO: [Common 17-349] Got license for feature 'Implementation' and/or device 'xcu250'
Running DRC as a precondition to command opt_design

Starting DRC Task
INFO: [DRC 23-27] Running DRC with 4 threads
WARNING: [DRC RPBF-3] IO port buffering is incomplete: Device port io_ddr4_01_dq[0] expects both input and output buffering but the buffers are incomplete.
WARNING: [DRC RPBF-3] IO port buffering is incomplete: Device port io_ddr4_01_dq[10] expects both input and output buffering but the buffers are incomplete.
WARNING: [DRC RPBF-3] IO port buffering is incomplete: Device port io_ddr4_01_dq[11] expects both input and output buffering but the buffers are incomplete.
WARNING: [DRC RPBF-3] IO port buffering is incomplete: Device port io_ddr4_01_dq[12] expects both input and output buffering but the buffers are incomplete.
WARNING: [DRC RPBF-3] IO port buffering is incomplete: Device port io_ddr4_01_dq[13] expects both input and output buffering but the buffers are incomplete.
WARNING: [DRC RPBF-3] IO port buffering is incomplete: Device port io_ddr4_01_dq[14] expects both input and output buffering but the buffers are incomplete.
WARNING: [DRC RPBF-3] IO port buffering is incomplete: Device port io_ddr4_01_dq[15] expects both input and output buffering but the buffers are incomplete.
WARNING: [DRC RPBF-3] IO port buffering is incomplete: Device port io_ddr4_01_dq[16] expects both input and output buffering but the buffers are incomplete.
WARNING: [DRC RPBF-3] IO port buffering is incomplete: Device port io_ddr4_01_dq[17] expects both input and output buffering but the buffers are incomplete.
WARNING: [DRC RPBF-3] IO port buffering is incomplete: Device port io_ddr4_01_dq[18] expects both input and output buffering but the buffers are incomplete.
WARNING: [DRC RPBF-3] IO port buffering is incomplete: Device port io_ddr4_01_dq[19] expects both input and output buffering but the buffers are incomplete.
WARNING: [DRC RPBF-3] IO port buffering is incomplete: Device port io_ddr4_01_dq[1] expects both input and output buffering but the buffers are incomplete.
WARNING: [DRC RPBF-3] IO port buffering is incomplete: Device port io_ddr4_01_dq[20] expects both input and output buffering but the buffers are incomplete.
WARNING: [DRC RPBF-3] IO port buffering is incomplete: Device port io_ddr4_01_dq[21] expects both input and output buffering but the buffers are incomplete.
WARNING: [DRC RPBF-3] IO port buffering is incomplete: Device port io_ddr4_01_dq[22] expects both input and output buffering but the buffers are incomplete.
WARNING: [DRC RPBF-3] IO port buffering is incomplete: Device port io_ddr4_01_dq[23] expects both input and output buffering but the buffers are incomplete.
WARNING: [DRC RPBF-3] IO port buffering is incomplete: Device port io_ddr4_01_dq[24] expects both input and output buffering but the buffers are incomplete.
WARNING: [DRC RPBF-3] IO port buffering is incomplete: Device port io_ddr4_01_dq[25] expects both input and output buffering but the buffers are incomplete.
WARNING: [DRC RPBF-3] IO port buffering is incomplete: Device port io_ddr4_01_dq[26] expects both input and output buffering but the buffers are incomplete.
WARNING: [DRC RPBF-3] IO port buffering is incomplete: Device port io_ddr4_01_dq[27] expects both input and output buffering but the buffers are incomplete.
WARNING: [DRC RPBF-3] IO port buffering is incomplete: Device port io_ddr4_01_dq[28] expects both input and output buffering but the buffers are incomplete.
WARNING: [DRC RPBF-3] IO port buffering is incomplete: Device port io_ddr4_01_dq[29] expects both input and output buffering but the buffers are incomplete.
WARNING: [DRC RPBF-3] IO port buffering is incomplete: Device port io_ddr4_01_dq[2] expects both input and output buffering but the buffers are incomplete.
WARNING: [DRC RPBF-3] IO port buffering is incomplete: Device port io_ddr4_01_dq[30] expects both input and output buffering but the buffers are incomplete.
WARNING: [DRC RPBF-3] IO port buffering is incomplete: Device port io_ddr4_01_dq[31] expects both input and output buffering but the buffers are incomplete.
WARNING: [DRC RPBF-3] IO port buffering is incomplete: Device port io_ddr4_01_dq[32] expects both input and output buffering but the buffers are incomplete.
WARNING: [DRC RPBF-3] IO port buffering is incomplete: Device port io_ddr4_01_dq[33] expects both input and output buffering but the buffers are incomplete.
WARNING: [DRC RPBF-3] IO port buffering is incomplete: Device port io_ddr4_01_dq[34] expects both input and output buffering but the buffers are incomplete.
WARNING: [DRC RPBF-3] IO port buffering is incomplete: Device port io_ddr4_01_dq[35] expects both input and output buffering but the buffers are incomplete.
WARNING: [DRC RPBF-3] IO port buffering is incomplete: Device port io_ddr4_01_dq[36] expects both input and output buffering but the buffers are incomplete.
WARNING: [DRC RPBF-3] IO port buffering is incomplete: Device port io_ddr4_01_dq[37] expects both input and output buffering but the buffers are incomplete.
WARNING: [DRC RPBF-3] IO port buffering is incomplete: Device port io_ddr4_01_dq[38] expects both input and output buffering but the buffers are incomplete.
WARNING: [DRC RPBF-3] IO port buffering is incomplete: Device port io_ddr4_01_dq[39] expects both input and output buffering but the buffers are incomplete.
WARNING: [DRC RPBF-3] IO port buffering is incomplete: Device port io_ddr4_01_dq[3] expects both input and output buffering but the buffers are incomplete.
WARNING: [DRC RPBF-3] IO port buffering is incomplete: Device port io_ddr4_01_dq[40] expects both input and output buffering but the buffers are incomplete.
WARNING: [DRC RPBF-3] IO port buffering is incomplete: Device port io_ddr4_01_dq[41] expects both input and output buffering but the buffers are incomplete.
WARNING: [DRC RPBF-3] IO port buffering is incomplete: Device port io_ddr4_01_dq[42] expects both input and output buffering but the buffers are incomplete.
WARNING: [DRC RPBF-3] IO port buffering is incomplete: Device port io_ddr4_01_dq[43] expects both input and output buffering but the buffers are incomplete.
WARNING: [DRC RPBF-3] IO port buffering is incomplete: Device port io_ddr4_01_dq[44] expects both input and output buffering but the buffers are incomplete.
WARNING: [DRC RPBF-3] IO port buffering is incomplete: Device port io_ddr4_01_dq[45] expects both input and output buffering but the buffers are incomplete.
WARNING: [DRC RPBF-3] IO port buffering is incomplete: Device port io_ddr4_01_dq[46] expects both input and output buffering but the buffers are incomplete.
WARNING: [DRC RPBF-3] IO port buffering is incomplete: Device port io_ddr4_01_dq[47] expects both input and output buffering but the buffers are incomplete.
WARNING: [DRC RPBF-3] IO port buffering is incomplete: Device port io_ddr4_01_dq[48] expects both input and output buffering but the buffers are incomplete.
WARNING: [DRC RPBF-3] IO port buffering is incomplete: Device port io_ddr4_01_dq[49] expects both input and output buffering but the buffers are incomplete.
WARNING: [DRC RPBF-3] IO port buffering is incomplete: Device port io_ddr4_01_dq[4] expects both input and output buffering but the buffers are incomplete.
WARNING: [DRC RPBF-3] IO port buffering is incomplete: Device port io_ddr4_01_dq[50] expects both input and output buffering but the buffers are incomplete.
WARNING: [DRC RPBF-3] IO port buffering is incomplete: Device port io_ddr4_01_dq[51] expects both input and output buffering but the buffers are incomplete.
WARNING: [DRC RPBF-3] IO port buffering is incomplete: Device port io_ddr4_01_dq[52] expects both input and output buffering but the buffers are incomplete.
WARNING: [DRC RPBF-3] IO port buffering is incomplete: Device port io_ddr4_01_dq[53] expects both input and output buffering but the buffers are incomplete.
WARNING: [DRC RPBF-3] IO port buffering is incomplete: Device port io_ddr4_01_dq[54] expects both input and output buffering but the buffers are incomplete.
WARNING: [DRC RPBF-3] IO port buffering is incomplete: Device port io_ddr4_01_dq[55] expects both input and output buffering but the buffers are incomplete.
WARNING: [DRC RPBF-3] IO port buffering is incomplete: Device port io_ddr4_01_dq[56] expects both input and output buffering but the buffers are incomplete.
WARNING: [DRC RPBF-3] IO port buffering is incomplete: Device port io_ddr4_01_dq[57] expects both input and output buffering but the buffers are incomplete.
WARNING: [DRC RPBF-3] IO port buffering is incomplete: Device port io_ddr4_01_dq[58] expects both input and output buffering but the buffers are incomplete.
WARNING: [DRC RPBF-3] IO port buffering is incomplete: Device port io_ddr4_01_dq[59] expects both input and output buffering but the buffers are incomplete.
WARNING: [DRC RPBF-3] IO port buffering is incomplete: Device port io_ddr4_01_dq[5] expects both input and output buffering but the buffers are incomplete.
WARNING: [DRC RPBF-3] IO port buffering is incomplete: Device port io_ddr4_01_dq[60] expects both input and output buffering but the buffers are incomplete.
WARNING: [DRC RPBF-3] IO port buffering is incomplete: Device port io_ddr4_01_dq[61] expects both input and output buffering but the buffers are incomplete.
WARNING: [DRC RPBF-3] IO port buffering is incomplete: Device port io_ddr4_01_dq[62] expects both input and output buffering but the buffers are incomplete.
WARNING: [DRC RPBF-3] IO port buffering is incomplete: Device port io_ddr4_01_dq[63] expects both input and output buffering but the buffers are incomplete.
WARNING: [DRC RPBF-3] IO port buffering is incomplete: Device port io_ddr4_01_dq[64] expects both input and output buffering but the buffers are incomplete.
WARNING: [DRC RPBF-3] IO port buffering is incomplete: Device port io_ddr4_01_dq[65] expects both input and output buffering but the buffers are incomplete.
WARNING: [DRC RPBF-3] IO port buffering is incomplete: Device port io_ddr4_01_dq[66] expects both input and output buffering but the buffers are incomplete.
WARNING: [DRC RPBF-3] IO port buffering is incomplete: Device port io_ddr4_01_dq[67] expects both input and output buffering but the buffers are incomplete.
WARNING: [DRC RPBF-3] IO port buffering is incomplete: Device port io_ddr4_01_dq[68] expects both input and output buffering but the buffers are incomplete.
WARNING: [DRC RPBF-3] IO port buffering is incomplete: Device port io_ddr4_01_dq[69] expects both input and output buffering but the buffers are incomplete.
WARNING: [DRC RPBF-3] IO port buffering is incomplete: Device port io_ddr4_01_dq[6] expects both input and output buffering but the buffers are incomplete.
WARNING: [DRC RPBF-3] IO port buffering is incomplete: Device port io_ddr4_01_dq[70] expects both input and output buffering but the buffers are incomplete.
WARNING: [DRC RPBF-3] IO port buffering is incomplete: Device port io_ddr4_01_dq[71] expects both input and output buffering but the buffers are incomplete.
WARNING: [DRC RPBF-3] IO port buffering is incomplete: Device port io_ddr4_01_dq[7] expects both input and output buffering but the buffers are incomplete.
WARNING: [DRC RPBF-3] IO port buffering is incomplete: Device port io_ddr4_01_dq[8] expects both input and output buffering but the buffers are incomplete.
WARNING: [DRC RPBF-3] IO port buffering is incomplete: Device port io_ddr4_01_dq[9] expects both input and output buffering but the buffers are incomplete.
WARNING: [DRC RPBF-3] IO port buffering is incomplete: Device port io_ddr4_01_dqs_c[0] expects both input and output buffering but the buffers are incomplete.
WARNING: [DRC RPBF-3] IO port buffering is incomplete: Device port io_ddr4_01_dqs_c[10] expects both input and output buffering but the buffers are incomplete.
WARNING: [DRC RPBF-3] IO port buffering is incomplete: Device port io_ddr4_01_dqs_c[11] expects both input and output buffering but the buffers are incomplete.
WARNING: [DRC RPBF-3] IO port buffering is incomplete: Device port io_ddr4_01_dqs_c[12] expects both input and output buffering but the buffers are incomplete.
WARNING: [DRC RPBF-3] IO port buffering is incomplete: Device port io_ddr4_01_dqs_c[13] expects both input and output buffering but the buffers are incomplete.
WARNING: [DRC RPBF-3] IO port buffering is incomplete: Device port io_ddr4_01_dqs_c[14] expects both input and output buffering but the buffers are incomplete.
WARNING: [DRC RPBF-3] IO port buffering is incomplete: Device port io_ddr4_01_dqs_c[15] expects both input and output buffering but the buffers are incomplete.
WARNING: [DRC RPBF-3] IO port buffering is incomplete: Device port io_ddr4_01_dqs_c[16] expects both input and output buffering but the buffers are incomplete.
WARNING: [DRC RPBF-3] IO port buffering is incomplete: Device port io_ddr4_01_dqs_c[17] expects both input and output buffering but the buffers are incomplete.
WARNING: [DRC RPBF-3] IO port buffering is incomplete: Device port io_ddr4_01_dqs_c[1] expects both input and output buffering but the buffers are incomplete.
WARNING: [DRC RPBF-3] IO port buffering is incomplete: Device port io_ddr4_01_dqs_c[2] expects both input and output buffering but the buffers are incomplete.
WARNING: [DRC RPBF-3] IO port buffering is incomplete: Device port io_ddr4_01_dqs_c[3] expects both input and output buffering but the buffers are incomplete.
WARNING: [DRC RPBF-3] IO port buffering is incomplete: Device port io_ddr4_01_dqs_c[4] expects both input and output buffering but the buffers are incomplete.
WARNING: [DRC RPBF-3] IO port buffering is incomplete: Device port io_ddr4_01_dqs_c[5] expects both input and output buffering but the buffers are incomplete.
WARNING: [DRC RPBF-3] IO port buffering is incomplete: Device port io_ddr4_01_dqs_c[6] expects both input and output buffering but the buffers are incomplete.
WARNING: [DRC RPBF-3] IO port buffering is incomplete: Device port io_ddr4_01_dqs_c[7] expects both input and output buffering but the buffers are incomplete.
WARNING: [DRC RPBF-3] IO port buffering is incomplete: Device port io_ddr4_01_dqs_c[8] expects both input and output buffering but the buffers are incomplete.
WARNING: [DRC RPBF-3] IO port buffering is incomplete: Device port io_ddr4_01_dqs_c[9] expects both input and output buffering but the buffers are incomplete.
WARNING: [DRC RPBF-3] IO port buffering is incomplete: Device port io_ddr4_01_dqs_t[0] expects both input and output buffering but the buffers are incomplete.
WARNING: [DRC RPBF-3] IO port buffering is incomplete: Device port io_ddr4_01_dqs_t[10] expects both input and output buffering but the buffers are incomplete.
WARNING: [DRC RPBF-3] IO port buffering is incomplete: Device port io_ddr4_01_dqs_t[11] expects both input and output buffering but the buffers are incomplete.
WARNING: [DRC RPBF-3] IO port buffering is incomplete: Device port io_ddr4_01_dqs_t[12] expects both input and output buffering but the buffers are incomplete.
WARNING: [DRC RPBF-3] IO port buffering is incomplete: Device port io_ddr4_01_dqs_t[13] expects both input and output buffering but the buffers are incomplete.
WARNING: [DRC RPBF-3] IO port buffering is incomplete: Device port io_ddr4_01_dqs_t[14] expects both input and output buffering but the buffers are incomplete.
WARNING: [DRC RPBF-3] IO port buffering is incomplete: Device port io_ddr4_01_dqs_t[15] expects both input and output buffering but the buffers are incomplete.
WARNING: [DRC RPBF-3] IO port buffering is incomplete: Device port io_ddr4_01_dqs_t[16] expects both input and output buffering but the buffers are incomplete.
WARNING: [DRC RPBF-3] IO port buffering is incomplete: Device port io_ddr4_01_dqs_t[17] expects both input and output buffering but the buffers are incomplete.
WARNING: [DRC RPBF-3] IO port buffering is incomplete: Device port io_ddr4_01_dqs_t[1] expects both input and output buffering but the buffers are incomplete.
INFO: [Common 17-14] Message 'DRC RPBF-3' appears 100 times and further instances of the messages will be disabled. Use the Tcl command set_msg_config to change the current settings.
INFO: [Project 1-461] DRC finished with 0 Errors, 108 Warnings
INFO: [Project 1-462] Please refer to the DRC report (report_drc) for more information.

Time (s): cpu = 00:01:11 ; elapsed = 00:00:46 . Memory (MB): peak = 28786.215 ; gain = 8.004 ; free physical = 81912 ; free virtual = 108200

Starting Logic Optimization Task

Phase 1 Generate And Synthesize MIG Cores
WARNING: [Constraints 18-4434] Global Clock Buffer 'level0_i/blp/blp_i/freerun_clk/bufg/U0/USE_BUFG.GEN_BUFG[0].BUFG_U' is LOCed to site 'BUFGCE_X0Y112'. Using a LOC constraint to assign the placement of a Global Clock Buffer can result in sub-optimal placement results.
Resolution: Remove the LOC constraint and use the CLOCK_REGION constraint to assign a Global Clock Buffer to a CLOCK_REGION.
WARNING: [Constraints 18-4434] Global Clock Buffer 'level0_i/blp/blp_i/freerun_clk/bufg_div/U0/USE_BUFGCE_DIV2.GEN_BUFGCE_DIV2[0].BUFGCE_DIV2_I' is LOCed to site 'BUFGCE_DIV_X0Y16'. Using a LOC constraint to assign the placement of a Global Clock Buffer can result in sub-optimal placement results.
Resolution: Remove the LOC constraint and use the CLOCK_REGION constraint to assign a Global Clock Buffer to a CLOCK_REGION.
WARNING: [Constraints 18-4434] Global Clock Buffer 'level0_i/blp/blp_i/ss_cmp/inst/jtag_fallback/inst/bs_switch/inst/BSCAN_SWITCH.N_EXT_BSCAN.u_bufg_icon_tck' is LOCed to site 'BUFGCE_X0Y96'. Using a LOC constraint to assign the placement of a Global Clock Buffer can result in sub-optimal placement results.
Resolution: Remove the LOC constraint and use the CLOCK_REGION constraint to assign a Global Clock Buffer to a CLOCK_REGION.
WARNING: [Constraints 18-4434] Global Clock Buffer 'level0_i/blp/blp_i/ss_cmp/inst/mdm_board_control/U0/No_Dbg_Reg_Access.BUFG_DRCK/Using_FPGA.Native' is LOCed to site 'BUFGCE_X0Y97'. Using a LOC constraint to assign the placement of a Global Clock Buffer can result in sub-optimal placement results.
Resolution: Remove the LOC constraint and use the CLOCK_REGION constraint to assign a Global Clock Buffer to a CLOCK_REGION.
WARNING: [Constraints 18-4434] Global Clock Buffer 'level0_i/blp/blp_i/ss_cmp/inst/mdm_board_control/U0/Use_External.Use_BSCANID.No_Dbg_Reg_Access.BUFG_UPDATE/Using_FPGA.Native' is LOCed to site 'BUFGCE_X0Y100'. Using a LOC constraint to assign the placement of a Global Clock Buffer can result in sub-optimal placement results.
Resolution: Remove the LOC constraint and use the CLOCK_REGION constraint to assign a Global Clock Buffer to a CLOCK_REGION.
WARNING: [Constraints 18-4434] Global Clock Buffer 'level0_i/blp/blp_i/ss_cmp/inst/mgmt_debug_bridge/inst/bs_mux/inst/u_bufg_mux' is LOCed to site 'BUFGCTRL_X0Y34'. Using a LOC constraint to assign the placement of a Global Clock Buffer can result in sub-optimal placement results.
Resolution: Remove the LOC constraint and use the CLOCK_REGION constraint to assign a Global Clock Buffer to a CLOCK_REGION.
WARNING: [Constraints 18-4434] Global Clock Buffer 'level0_i/blp/blp_i/ss_cmp/inst/mgmt_debug_bridge/inst/bsip/inst/USE_SOFTBSCAN.U_TAP_TCKBUFG' is LOCed to site 'BUFGCE_X0Y99'. Using a LOC constraint to assign the placement of a Global Clock Buffer can result in sub-optimal placement results.
Resolution: Remove the LOC constraint and use the CLOCK_REGION constraint to assign a Global Clock Buffer to a CLOCK_REGION.
WARNING: [Constraints 18-4434] Global Clock Buffer 'level0_i/blp/blp_i/ss_hif/inst/clkwiz_level0_periph/inst/clkout1_buf' is LOCed to site 'BUFGCE_X0Y104'. Using a LOC constraint to assign the placement of a Global Clock Buffer can result in sub-optimal placement results.
Resolution: Remove the LOC constraint and use the CLOCK_REGION constraint to assign a Global Clock Buffer to a CLOCK_REGION.
WARNING: [Constraints 18-4434] Global Clock Buffer 'level0_i/blp/blp_i/ss_hif/inst/clkwiz_level0_periph/inst/clkout2_buf' is LOCed to site 'BUFGCE_X0Y98'. Using a LOC constraint to assign the placement of a Global Clock Buffer can result in sub-optimal placement results.
Resolution: Remove the LOC constraint and use the CLOCK_REGION constraint to assign a Global Clock Buffer to a CLOCK_REGION.
WARNING: [Constraints 18-4434] Global Clock Buffer 'level0_i/blp/blp_i/ss_hif/inst/pcie/inst/bufg_gt_sysclk' is LOCed to site 'BUFG_GT_X1Y167'. Using a LOC constraint to assign the placement of a Global Clock Buffer can result in sub-optimal placement results.
Resolution: Remove the LOC constraint and use the CLOCK_REGION constraint to assign a Global Clock Buffer to a CLOCK_REGION.
WARNING: [Constraints 18-4434] Global Clock Buffer 'level0_i/blp/blp_i/ss_hif/inst/pcie/inst/gt_top_i/diablo_gt.diablo_gt_phy_wrapper/gt_wizard.gtwizard_top_i/bd_39ab_pcie_0_gt_i/inst/gen_gtwizard_gtye4_top.bd_39ab_pcie_0_gt_gtwizard_gtye4_inst/gen_gtwizard_gtye4.gen_cpll_cal_gtye4.gen_cpll_cal_inst[0].gen_inst_cpll_cal.gtwizard_ultrascale_v1_7_8_gtye4_cpll_cal_inst/gtwizard_ultrascale_v1_7_8_gtye4_cpll_cal_tx_i/bufg_gt_txoutclkmon_inst' is LOCed to site 'BUFG_GT_X1Y105'. Using a LOC constraint to assign the placement of a Global Clock Buffer can result in sub-optimal placement results.
Resolution: Remove the LOC constraint and use the CLOCK_REGION constraint to assign a Global Clock Buffer to a CLOCK_REGION.
WARNING: [Constraints 18-4434] Global Clock Buffer 'level0_i/blp/blp_i/ss_hif/inst/pcie/inst/gt_top_i/diablo_gt.diablo_gt_phy_wrapper/gt_wizard.gtwizard_top_i/bd_39ab_pcie_0_gt_i/inst/gen_gtwizard_gtye4_top.bd_39ab_pcie_0_gt_gtwizard_gtye4_inst/gen_gtwizard_gtye4.gen_cpll_cal_gtye4.gen_cpll_cal_inst[10].gen_inst_cpll_cal.gtwizard_ultrascale_v1_7_8_gtye4_cpll_cal_inst/gtwizard_ultrascale_v1_7_8_gtye4_cpll_cal_tx_i/bufg_gt_txoutclkmon_inst' is LOCed to site 'BUFG_GT_X1Y166'. Using a LOC constraint to assign the placement of a Global Clock Buffer can result in sub-optimal placement results.
Resolution: Remove the LOC constraint and use the CLOCK_REGION constraint to assign a Global Clock Buffer to a CLOCK_REGION.
WARNING: [Constraints 18-4434] Global Clock Buffer 'level0_i/blp/blp_i/ss_hif/inst/pcie/inst/gt_top_i/diablo_gt.diablo_gt_phy_wrapper/gt_wizard.gtwizard_top_i/bd_39ab_pcie_0_gt_i/inst/gen_gtwizard_gtye4_top.bd_39ab_pcie_0_gt_gtwizard_gtye4_inst/gen_gtwizard_gtye4.gen_cpll_cal_gtye4.gen_cpll_cal_inst[11].gen_inst_cpll_cal.gtwizard_ultrascale_v1_7_8_gtye4_cpll_cal_inst/gtwizard_ultrascale_v1_7_8_gtye4_cpll_cal_tx_i/bufg_gt_txoutclkmon_inst' is LOCed to site 'BUFG_GT_X1Y165'. Using a LOC constraint to assign the placement of a Global Clock Buffer can result in sub-optimal placement results.
Resolution: Remove the LOC constraint and use the CLOCK_REGION constraint to assign a Global Clock Buffer to a CLOCK_REGION.
WARNING: [Constraints 18-4434] Global Clock Buffer 'level0_i/blp/blp_i/ss_hif/inst/pcie/inst/gt_top_i/diablo_gt.diablo_gt_phy_wrapper/gt_wizard.gtwizard_top_i/bd_39ab_pcie_0_gt_i/inst/gen_gtwizard_gtye4_top.bd_39ab_pcie_0_gt_gtwizard_gtye4_inst/gen_gtwizard_gtye4.gen_cpll_cal_gtye4.gen_cpll_cal_inst[12].gen_inst_cpll_cal.gtwizard_ultrascale_v1_7_8_gtye4_cpll_cal_inst/gtwizard_ultrascale_v1_7_8_gtye4_cpll_cal_tx_i/bufg_gt_txoutclkmon_inst' is LOCed to site 'BUFG_GT_X1Y171'. Using a LOC constraint to assign the placement of a Global Clock Buffer can result in sub-optimal placement results.
Resolution: Remove the LOC constraint and use the CLOCK_REGION constraint to assign a Global Clock Buffer to a CLOCK_REGION.
WARNING: [Constraints 18-4434] Global Clock Buffer 'level0_i/blp/blp_i/ss_hif/inst/pcie/inst/gt_top_i/diablo_gt.diablo_gt_phy_wrapper/gt_wizard.gtwizard_top_i/bd_39ab_pcie_0_gt_i/inst/gen_gtwizard_gtye4_top.bd_39ab_pcie_0_gt_gtwizard_gtye4_inst/gen_gtwizard_gtye4.gen_cpll_cal_gtye4.gen_cpll_cal_inst[13].gen_inst_cpll_cal.gtwizard_ultrascale_v1_7_8_gtye4_cpll_cal_inst/gtwizard_ultrascale_v1_7_8_gtye4_cpll_cal_tx_i/bufg_gt_txoutclkmon_inst' is LOCed to site 'BUFG_GT_X1Y177'. Using a LOC constraint to assign the placement of a Global Clock Buffer can result in sub-optimal placement results.
Resolution: Remove the LOC constraint and use the CLOCK_REGION constraint to assign a Global Clock Buffer to a CLOCK_REGION.
WARNING: [Constraints 18-4434] Global Clock Buffer 'level0_i/blp/blp_i/ss_hif/inst/pcie/inst/gt_top_i/diablo_gt.diablo_gt_phy_wrapper/gt_wizard.gtwizard_top_i/bd_39ab_pcie_0_gt_i/inst/gen_gtwizard_gtye4_top.bd_39ab_pcie_0_gt_gtwizard_gtye4_inst/gen_gtwizard_gtye4.gen_cpll_cal_gtye4.gen_cpll_cal_inst[14].gen_inst_cpll_cal.gtwizard_ultrascale_v1_7_8_gtye4_cpll_cal_inst/gtwizard_ultrascale_v1_7_8_gtye4_cpll_cal_tx_i/bufg_gt_txoutclkmon_inst' is LOCed to site 'BUFG_GT_X1Y178'. Using a LOC constraint to assign the placement of a Global Clock Buffer can result in sub-optimal placement results.
Resolution: Remove the LOC constraint and use the CLOCK_REGION constraint to assign a Global Clock Buffer to a CLOCK_REGION.
WARNING: [Constraints 18-4434] Global Clock Buffer 'level0_i/blp/blp_i/ss_hif/inst/pcie/inst/gt_top_i/diablo_gt.diablo_gt_phy_wrapper/gt_wizard.gtwizard_top_i/bd_39ab_pcie_0_gt_i/inst/gen_gtwizard_gtye4_top.bd_39ab_pcie_0_gt_gtwizard_gtye4_inst/gen_gtwizard_gtye4.gen_cpll_cal_gtye4.gen_cpll_cal_inst[15].gen_inst_cpll_cal.gtwizard_ultrascale_v1_7_8_gtye4_cpll_cal_inst/gtwizard_ultrascale_v1_7_8_gtye4_cpll_cal_tx_i/bufg_gt_txoutclkmon_inst' is LOCed to site 'BUFG_GT_X1Y181'. Using a LOC constraint to assign the placement of a Global Clock Buffer can result in sub-optimal placement results.
Resolution: Remove the LOC constraint and use the CLOCK_REGION constraint to assign a Global Clock Buffer to a CLOCK_REGION.
WARNING: [Constraints 18-4434] Global Clock Buffer 'level0_i/blp/blp_i/ss_hif/inst/pcie/inst/gt_top_i/diablo_gt.diablo_gt_phy_wrapper/gt_wizard.gtwizard_top_i/bd_39ab_pcie_0_gt_i/inst/gen_gtwizard_gtye4_top.bd_39ab_pcie_0_gt_gtwizard_gtye4_inst/gen_gtwizard_gtye4.gen_cpll_cal_gtye4.gen_cpll_cal_inst[1].gen_inst_cpll_cal.gtwizard_ultrascale_v1_7_8_gtye4_cpll_cal_inst/gtwizard_ultrascale_v1_7_8_gtye4_cpll_cal_tx_i/bufg_gt_txoutclkmon_inst' is LOCed to site 'BUFG_GT_X1Y118'. Using a LOC constraint to assign the placement of a Global Clock Buffer can result in sub-optimal placement results.
Resolution: Remove the LOC constraint and use the CLOCK_REGION constraint to assign a Global Clock Buffer to a CLOCK_REGION.
WARNING: [Constraints 18-4434] Global Clock Buffer 'level0_i/blp/blp_i/ss_hif/inst/pcie/inst/gt_top_i/diablo_gt.diablo_gt_phy_wrapper/gt_wizard.gtwizard_top_i/bd_39ab_pcie_0_gt_i/inst/gen_gtwizard_gtye4_top.bd_39ab_pcie_0_gt_gtwizard_gtye4_inst/gen_gtwizard_gtye4.gen_cpll_cal_gtye4.gen_cpll_cal_inst[2].gen_inst_cpll_cal.gtwizard_ultrascale_v1_7_8_gtye4_cpll_cal_inst/gtwizard_ultrascale_v1_7_8_gtye4_cpll_cal_tx_i/bufg_gt_txoutclkmon_inst' is LOCed to site 'BUFG_GT_X1Y117'. Using a LOC constraint to assign the placement of a Global Clock Buffer can result in sub-optimal placement results.
Resolution: Remove the LOC constraint and use the CLOCK_REGION constraint to assign a Global Clock Buffer to a CLOCK_REGION.
WARNING: [Constraints 18-4434] Global Clock Buffer 'level0_i/blp/blp_i/ss_hif/inst/pcie/inst/gt_top_i/diablo_gt.diablo_gt_phy_wrapper/gt_wizard.gtwizard_top_i/bd_39ab_pcie_0_gt_i/inst/gen_gtwizard_gtye4_top.bd_39ab_pcie_0_gt_gtwizard_gtye4_inst/gen_gtwizard_gtye4.gen_cpll_cal_gtye4.gen_cpll_cal_inst[3].gen_inst_cpll_cal.gtwizard_ultrascale_v1_7_8_gtye4_cpll_cal_inst/gtwizard_ultrascale_v1_7_8_gtye4_cpll_cal_tx_i/bufg_gt_txoutclkmon_inst' is LOCed to site 'BUFG_GT_X1Y106'. Using a LOC constraint to assign the placement of a Global Clock Buffer can result in sub-optimal placement results.
Resolution: Remove the LOC constraint and use the CLOCK_REGION constraint to assign a Global Clock Buffer to a CLOCK_REGION.
WARNING: [Constraints 18-4434] Global Clock Buffer 'level0_i/blp/blp_i/ss_hif/inst/pcie/inst/gt_top_i/diablo_gt.diablo_gt_phy_wrapper/gt_wizard.gtwizard_top_i/bd_39ab_pcie_0_gt_i/inst/gen_gtwizard_gtye4_top.bd_39ab_pcie_0_gt_gtwizard_gtye4_inst/gen_gtwizard_gtye4.gen_cpll_cal_gtye4.gen_cpll_cal_inst[4].gen_inst_cpll_cal.gtwizard_ultrascale_v1_7_8_gtye4_cpll_cal_inst/gtwizard_ultrascale_v1_7_8_gtye4_cpll_cal_tx_i/bufg_gt_txoutclkmon_inst' is LOCed to site 'BUFG_GT_X1Y142'. Using a LOC constraint to assign the placement of a Global Clock Buffer can result in sub-optimal placement results.
Resolution: Remove the LOC constraint and use the CLOCK_REGION constraint to assign a Global Clock Buffer to a CLOCK_REGION.
WARNING: [Constraints 18-4434] Global Clock Buffer 'level0_i/blp/blp_i/ss_hif/inst/pcie/inst/gt_top_i/diablo_gt.diablo_gt_phy_wrapper/gt_wizard.gtwizard_top_i/bd_39ab_pcie_0_gt_i/inst/gen_gtwizard_gtye4_top.bd_39ab_pcie_0_gt_gtwizard_gtye4_inst/gen_gtwizard_gtye4.gen_cpll_cal_gtye4.gen_cpll_cal_inst[5].gen_inst_cpll_cal.gtwizard_ultrascale_v1_7_8_gtye4_cpll_cal_inst/gtwizard_ultrascale_v1_7_8_gtye4_cpll_cal_tx_i/bufg_gt_txoutclkmon_inst' is LOCed to site 'BUFG_GT_X1Y129'. Using a LOC constraint to assign the placement of a Global Clock Buffer can result in sub-optimal placement results.
Resolution: Remove the LOC constraint and use the CLOCK_REGION constraint to assign a Global Clock Buffer to a CLOCK_REGION.
WARNING: [Constraints 18-4434] Global Clock Buffer 'level0_i/blp/blp_i/ss_hif/inst/pcie/inst/gt_top_i/diablo_gt.diablo_gt_phy_wrapper/gt_wizard.gtwizard_top_i/bd_39ab_pcie_0_gt_i/inst/gen_gtwizard_gtye4_top.bd_39ab_pcie_0_gt_gtwizard_gtye4_inst/gen_gtwizard_gtye4.gen_cpll_cal_gtye4.gen_cpll_cal_inst[6].gen_inst_cpll_cal.gtwizard_ultrascale_v1_7_8_gtye4_cpll_cal_inst/gtwizard_ultrascale_v1_7_8_gtye4_cpll_cal_tx_i/bufg_gt_txoutclkmon_inst' is LOCed to site 'BUFG_GT_X1Y141'. Using a LOC constraint to assign the placement of a Global Clock Buffer can result in sub-optimal placement results.
Resolution: Remove the LOC constraint and use the CLOCK_REGION constraint to assign a Global Clock Buffer to a CLOCK_REGION.
WARNING: [Constraints 18-4434] Global Clock Buffer 'level0_i/blp/blp_i/ss_hif/inst/pcie/inst/gt_top_i/diablo_gt.diablo_gt_phy_wrapper/gt_wizard.gtwizard_top_i/bd_39ab_pcie_0_gt_i/inst/gen_gtwizard_gtye4_top.bd_39ab_pcie_0_gt_gtwizard_gtye4_inst/gen_gtwizard_gtye4.gen_cpll_cal_gtye4.gen_cpll_cal_inst[7].gen_inst_cpll_cal.gtwizard_ultrascale_v1_7_8_gtye4_cpll_cal_inst/gtwizard_ultrascale_v1_7_8_gtye4_cpll_cal_tx_i/bufg_gt_txoutclkmon_inst' is LOCed to site 'BUFG_GT_X1Y133'. Using a LOC constraint to assign the placement of a Global Clock Buffer can result in sub-optimal placement results.
Resolution: Remove the LOC constraint and use the CLOCK_REGION constraint to assign a Global Clock Buffer to a CLOCK_REGION.
WARNING: [Constraints 18-4434] Global Clock Buffer 'level0_i/blp/blp_i/ss_hif/inst/pcie/inst/gt_top_i/diablo_gt.diablo_gt_phy_wrapper/gt_wizard.gtwizard_top_i/bd_39ab_pcie_0_gt_i/inst/gen_gtwizard_gtye4_top.bd_39ab_pcie_0_gt_gtwizard_gtye4_inst/gen_gtwizard_gtye4.gen_cpll_cal_gtye4.gen_cpll_cal_inst[8].gen_inst_cpll_cal.gtwizard_ultrascale_v1_7_8_gtye4_cpll_cal_inst/gtwizard_ultrascale_v1_7_8_gtye4_cpll_cal_tx_i/bufg_gt_txoutclkmon_inst' is LOCed to site 'BUFG_GT_X1Y159'. Using a LOC constraint to assign the placement of a Global Clock Buffer can result in sub-optimal placement results.
Resolution: Remove the LOC constraint and use the CLOCK_REGION constraint to assign a Global Clock Buffer to a CLOCK_REGION.
WARNING: [Constraints 18-4434] Global Clock Buffer 'level0_i/blp/blp_i/ss_hif/inst/pcie/inst/gt_top_i/diablo_gt.diablo_gt_phy_wrapper/gt_wizard.gtwizard_top_i/bd_39ab_pcie_0_gt_i/inst/gen_gtwizard_gtye4_top.bd_39ab_pcie_0_gt_gtwizard_gtye4_inst/gen_gtwizard_gtye4.gen_cpll_cal_gtye4.gen_cpll_cal_inst[9].gen_inst_cpll_cal.gtwizard_ultrascale_v1_7_8_gtye4_cpll_cal_inst/gtwizard_ultrascale_v1_7_8_gtye4_cpll_cal_tx_i/bufg_gt_txoutclkmon_inst' is LOCed to site 'BUFG_GT_X1Y163'. Using a LOC constraint to assign the placement of a Global Clock Buffer can result in sub-optimal placement results.
Resolution: Remove the LOC constraint and use the CLOCK_REGION constraint to assign a Global Clock Buffer to a CLOCK_REGION.
WARNING: [Constraints 18-4434] Global Clock Buffer 'level0_i/blp/blp_i/ss_hif/inst/pcie/inst/gt_top_i/diablo_gt.diablo_gt_phy_wrapper/phy_clk_i/bufg_gt_coreclk' is LOCed to site 'BUFG_GT_X1Y182'. Using a LOC constraint to assign the placement of a Global Clock Buffer can result in sub-optimal placement results.
Resolution: Remove the LOC constraint and use the CLOCK_REGION constraint to assign a Global Clock Buffer to a CLOCK_REGION.
WARNING: [Constraints 18-4434] Global Clock Buffer 'level0_i/blp/blp_i/ss_hif/inst/pcie/inst/gt_top_i/diablo_gt.diablo_gt_phy_wrapper/phy_clk_i/bufg_gt_intclk' is LOCed to site 'BUFG_GT_X1Y173'. Using a LOC constraint to assign the placement of a Global Clock Buffer can result in sub-optimal placement results.
Resolution: Remove the LOC constraint and use the CLOCK_REGION constraint to assign a Global Clock Buffer to a CLOCK_REGION.
WARNING: [Constraints 18-4434] Global Clock Buffer 'level0_i/blp/blp_i/ss_hif/inst/pcie/inst/gt_top_i/diablo_gt.diablo_gt_phy_wrapper/phy_clk_i/bufg_gt_mcapclk' is LOCed to site 'BUFG_GT_X1Y174'. Using a LOC constraint to assign the placement of a Global Clock Buffer can result in sub-optimal placement results.
Resolution: Remove the LOC constraint and use the CLOCK_REGION constraint to assign a Global Clock Buffer to a CLOCK_REGION.
WARNING: [Constraints 18-4434] Global Clock Buffer 'level0_i/blp/blp_i/ss_hif/inst/pcie/inst/gt_top_i/diablo_gt.diablo_gt_phy_wrapper/phy_clk_i/bufg_gt_pclk' is LOCed to site 'BUFG_GT_X1Y188'. Using a LOC constraint to assign the placement of a Global Clock Buffer can result in sub-optimal placement results.
Resolution: Remove the LOC constraint and use the CLOCK_REGION constraint to assign a Global Clock Buffer to a CLOCK_REGION.
WARNING: [Constraints 18-4434] Global Clock Buffer 'level0_i/blp/blp_i/ss_hif/inst/pcie/inst/gt_top_i/diablo_gt.diablo_gt_phy_wrapper/phy_clk_i/bufg_gt_userclk' is LOCed to site 'BUFG_GT_X1Y180'. Using a LOC constraint to assign the placement of a Global Clock Buffer can result in sub-optimal placement results.
Resolution: Remove the LOC constraint and use the CLOCK_REGION constraint to assign a Global Clock Buffer to a CLOCK_REGION.
WARNING: [Constraints 18-4434] Global Clock Buffer 'level0_i/level1/level1_i/plp/clk_wiz_ddr4/inst/clkout1_buf' is LOCed to site 'BUFGCE_X0Y164'. Using a LOC constraint to assign the placement of a Global Clock Buffer can result in sub-optimal placement results.
Resolution: Remove the LOC constraint and use the CLOCK_REGION constraint to assign a Global Clock Buffer to a CLOCK_REGION.
write_xdc: Time (s): cpu = 00:00:31 ; elapsed = 00:00:31 . Memory (MB): peak = 28786.215 ; gain = 0.000 ; free physical = 81713 ; free virtual = 108003
INFO: [IP_Flow 19-5647] Added synthesis output to IP cache for IP bd_b35e_ddr4_mem02_0_phy, cache-ID = bbb0cb11f65b143f
INFO: [IP_Flow 19-5647] Added synthesis output to IP cache for IP bd_b35e_ddr4_mem01_0_phy, cache-ID = 4e10abb952c87da2
INFO: [IP_Flow 19-5647] Added synthesis output to IP cache for IP bd_b35e_ddr4_mem00_0_phy, cache-ID = 12a0d305337db474
read_xdc: Time (s): cpu = 00:00:12 ; elapsed = 00:00:11 . Memory (MB): peak = 28829.461 ; gain = 0.000 ; free physical = 85538 ; free virtual = 111883
read_xdc: Time (s): cpu = 00:00:11 ; elapsed = 00:00:10 . Memory (MB): peak = 28829.461 ; gain = 0.000 ; free physical = 85528 ; free virtual = 111899
read_xdc: Time (s): cpu = 00:00:11 ; elapsed = 00:00:11 . Memory (MB): peak = 28829.461 ; gain = 0.000 ; free physical = 85461 ; free virtual = 111858
reset_timing: Time (s): cpu = 00:00:05 ; elapsed = 00:00:06 . Memory (MB): peak = 28829.461 ; gain = 0.000 ; free physical = 85576 ; free virtual = 111972
get_clocks: Time (s): cpu = 00:08:40 ; elapsed = 00:02:51 . Memory (MB): peak = 28829.461 ; gain = 0.000 ; free physical = 81686 ; free virtual = 108083
get_pins: Time (s): cpu = 00:00:30 ; elapsed = 00:00:35 . Memory (MB): peak = 28912.461 ; gain = 83.000 ; free physical = 71972 ; free virtual = 98369
CRITICAL WARNING: [Constraints 18-514] set_max_delay: Path segmentation by forcing 'level0_i/level1/level1_i/ulp/ss_ucs/inst/aclk_kernel_00_hierarchy/clock_throttling_aclk_kernel_00/U0/Gate_Fast_d1_reg/C' to be timing endpoint. There will be no hold timing paths to this pin unless set_min_delay is used to constrain the paths. [/home/truongnh/minhphat/30m/debug_link_69460/vpp_temp/link/vivado/vpl/.local/hw_platform/tcl_hooks/impl.xdc:79]
Resolution: Use valid endpoint to avoid path segmentation such as the data pin of a register.
set_max_delay: Time (s): cpu = 00:01:59 ; elapsed = 00:00:37 . Memory (MB): peak = 29168.461 ; gain = 0.000 ; free physical = 71896 ; free virtual = 98293
CRITICAL WARNING: [Constraints 18-514] set_max_delay: Path segmentation by forcing 'level0_i/level1/level1_i/ulp/ss_ucs/inst/aclk_kernel_01_hierarchy/clock_throttling_aclk_kernel_01/U0/Gate_Fast_d1_reg/C' to be timing endpoint. There will be no hold timing paths to this pin unless set_min_delay is used to constrain the paths. [/home/truongnh/minhphat/30m/debug_link_69460/vpp_temp/link/vivado/vpl/.local/hw_platform/tcl_hooks/impl.xdc:80]
Resolution: Use valid endpoint to avoid path segmentation such as the data pin of a register.
get_clocks: Time (s): cpu = 00:00:54 ; elapsed = 00:00:20 . Memory (MB): peak = 29168.461 ; gain = 0.000 ; free physical = 71824 ; free virtual = 98220
get_clocks: Time (s): cpu = 00:01:23 ; elapsed = 00:00:30 . Memory (MB): peak = 29168.461 ; gain = 0.000 ; free physical = 71769 ; free virtual = 98165
get_clocks: Time (s): cpu = 00:00:35 ; elapsed = 00:00:13 . Memory (MB): peak = 29168.461 ; gain = 0.000 ; free physical = 71688 ; free virtual = 98085
get_clocks: Time (s): cpu = 00:03:07 ; elapsed = 00:01:13 . Memory (MB): peak = 29168.461 ; gain = 0.000 ; free physical = 71686 ; free virtual = 98083
all_fanout: Time (s): cpu = 00:00:29 ; elapsed = 00:00:11 . Memory (MB): peak = 29168.461 ; gain = 0.000 ; free physical = 71685 ; free virtual = 98082
read_xdc: Time (s): cpu = 00:21:59 ; elapsed = 00:08:45 . Memory (MB): peak = 29552.461 ; gain = 723.000 ; free physical = 81450 ; free virtual = 107846
Netlist sorting complete. Time (s): cpu = 00:00:00.60 ; elapsed = 00:00:00.60 . Memory (MB): peak = 29552.461 ; gain = 0.000 ; free physical = 81562 ; free virtual = 107852
Phase 1 Generate And Synthesize MIG Cores | Checksum: 211838e83

Time (s): cpu = 00:31:49 ; elapsed = 00:19:45 . Memory (MB): peak = 29552.461 ; gain = 766.246 ; free physical = 81567 ; free virtual = 107857

Phase 2 Generate And Synthesize Debug Cores
INFO: [Chipscope 16-329] Generating Script for core instance : level0_i/level1/level1_i/ulp/ip_db_bscan_user_00/inst/xsdbm 
INFO: [IP_Flow 19-3806] Processing IP xilinx.com:ip:xsdbm:3.0 for cell xsdbm_CV.
INFO: [Chipscope 16-469] Using cached IP synthesis design for IP xilinx.com:ip:xsdbm:3.0, cache-ID = b3dd071a5cf171b5.
set_false_path: Time (s): cpu = 00:00:05 ; elapsed = 00:00:07 . Memory (MB): peak = 29552.461 ; gain = 0.000 ; free physical = 85503 ; free virtual = 111798
get_clocks: Time (s): cpu = 00:07:05 ; elapsed = 00:02:23 . Memory (MB): peak = 29552.461 ; gain = 0.000 ; free physical = 81471 ; free virtual = 107767
Netlist sorting complete. Time (s): cpu = 00:00:02 ; elapsed = 00:00:02 . Memory (MB): peak = 29552.461 ; gain = 0.000 ; free physical = 81470 ; free virtual = 107766
Phase 2 Generate And Synthesize Debug Cores | Checksum: 14f894e8f

Time (s): cpu = 00:40:01 ; elapsed = 00:24:11 . Memory (MB): peak = 29552.461 ; gain = 766.246 ; free physical = 81465 ; free virtual = 107760
tcmalloc: large alloc 1073741824 bytes == 0x3a701a000 @  0x7ff60fc6763f 0x7ff5fbadb86e 0x5f7bdd6c0

Phase 3 Retarget
INFO: [Opt 31-1287] Pulled Inverter level0_i/level1/level1_i/ulp/distilbert_hls_top_1/inst/fadd_32ns_32ns_32_4_no_dsp_1_U32796/distilbert_hls_top_fadd_32ns_32ns_32_4_no_dsp_1_ip_u/inst/i_synth/ADDSUB_OP.ADDSUB/LOGIC_SPEED.OP/ALIGN_BLK/FRAC_ADDSUB/LOGIC_ADD.FRAC_ADDSUB/STRUCT_ADD2.ADD1/CHAIN_GEN[12].C_MUX.CARRY_MUX_i_2__0 into driver instance level0_i/level1/level1_i/ulp/distilbert_hls_top_1/inst/fadd_32ns_32ns_32_4_no_dsp_1_U32796/distilbert_hls_top_fadd_32ns_32ns_32_4_no_dsp_1_ip_u/inst/i_synth/ADDSUB_OP.ADDSUB/LOGIC_SPEED.OP/ALIGN_BLK/FRAC_ADDSUB/LOGIC_ADD.FRAC_ADDSUB/STRUCT_ADD2.ADD1/CHAIN_GEN[2].C_MUX.CARRY_MUX_i_4__0, which resulted in an inversion of 31 pins
INFO: [Opt 31-1287] Pulled Inverter level0_i/level1/level1_i/ulp/distilbert_hls_top_1/inst/fadd_32ns_32ns_32_4_no_dsp_1_U32797/distilbert_hls_top_fadd_32ns_32ns_32_4_no_dsp_1_ip_u/inst/i_synth/ADDSUB_OP.ADDSUB/LOGIC_SPEED.OP/ALIGN_BLK/FRAC_ADDSUB/LOGIC_ADD.FRAC_ADDSUB/STRUCT_ADD2.ADD1/CHAIN_GEN[12].C_MUX.CARRY_MUX_i_2__0 into driver instance level0_i/level1/level1_i/ulp/distilbert_hls_top_1/inst/fadd_32ns_32ns_32_4_no_dsp_1_U32797/distilbert_hls_top_fadd_32ns_32ns_32_4_no_dsp_1_ip_u/inst/i_synth/ADDSUB_OP.ADDSUB/LOGIC_SPEED.OP/ALIGN_BLK/FRAC_ADDSUB/LOGIC_ADD.FRAC_ADDSUB/STRUCT_ADD2.ADD1/CHAIN_GEN[2].C_MUX.CARRY_MUX_i_4__0, which resulted in an inversion of 31 pins
INFO: [Opt 31-1287] Pulled Inverter level0_i/level1/level1_i/ulp/distilbert_hls_top_1/inst/fadd_32ns_32ns_32_4_no_dsp_1_U32798/distilbert_hls_top_fadd_32ns_32ns_32_4_no_dsp_1_ip_u/inst/i_synth/ADDSUB_OP.ADDSUB/LOGIC_SPEED.OP/ALIGN_BLK/FRAC_ADDSUB/LOGIC_ADD.FRAC_ADDSUB/STRUCT_ADD2.ADD1/CHAIN_GEN[12].C_MUX.CARRY_MUX_i_2__0 into driver instance level0_i/level1/level1_i/ulp/distilbert_hls_top_1/inst/fadd_32ns_32ns_32_4_no_dsp_1_U32798/distilbert_hls_top_fadd_32ns_32ns_32_4_no_dsp_1_ip_u/inst/i_synth/ADDSUB_OP.ADDSUB/LOGIC_SPEED.OP/ALIGN_BLK/FRAC_ADDSUB/LOGIC_ADD.FRAC_ADDSUB/STRUCT_ADD2.ADD1/CHAIN_GEN[2].C_MUX.CARRY_MUX_i_4__0, which resulted in an inversion of 31 pins
INFO: [Opt 31-1287] Pulled Inverter level0_i/level1/level1_i/ulp/distilbert_hls_top_1/inst/fadd_32ns_32ns_32_4_no_dsp_1_U32799/distilbert_hls_top_fadd_32ns_32ns_32_4_no_dsp_1_ip_u/inst/i_synth/ADDSUB_OP.ADDSUB/LOGIC_SPEED.OP/ALIGN_BLK/FRAC_ADDSUB/LOGIC_ADD.FRAC_ADDSUB/STRUCT_ADD2.ADD1/CHAIN_GEN[12].C_MUX.CARRY_MUX_i_2__0 into driver instance level0_i/level1/level1_i/ulp/distilbert_hls_top_1/inst/fadd_32ns_32ns_32_4_no_dsp_1_U32799/distilbert_hls_top_fadd_32ns_32ns_32_4_no_dsp_1_ip_u/inst/i_synth/ADDSUB_OP.ADDSUB/LOGIC_SPEED.OP/ALIGN_BLK/FRAC_ADDSUB/LOGIC_ADD.FRAC_ADDSUB/STRUCT_ADD2.ADD1/CHAIN_GEN[2].C_MUX.CARRY_MUX_i_4__0, which resulted in an inversion of 31 pins
INFO: [Opt 31-1287] Pulled Inverter level0_i/level1/level1_i/ulp/distilbert_hls_top_1/inst/fadd_32ns_32ns_32_4_no_dsp_1_U32800/distilbert_hls_top_fadd_32ns_32ns_32_4_no_dsp_1_ip_u/inst/i_synth/ADDSUB_OP.ADDSUB/LOGIC_SPEED.OP/ALIGN_BLK/FRAC_ADDSUB/LOGIC_ADD.FRAC_ADDSUB/STRUCT_ADD2.ADD1/CHAIN_GEN[12].C_MUX.CARRY_MUX_i_2__0 into driver instance level0_i/level1/level1_i/ulp/distilbert_hls_top_1/inst/fadd_32ns_32ns_32_4_no_dsp_1_U32800/distilbert_hls_top_fadd_32ns_32ns_32_4_no_dsp_1_ip_u/inst/i_synth/ADDSUB_OP.ADDSUB/LOGIC_SPEED.OP/ALIGN_BLK/FRAC_ADDSUB/LOGIC_ADD.FRAC_ADDSUB/STRUCT_ADD2.ADD1/CHAIN_GEN[2].C_MUX.CARRY_MUX_i_4__0, which resulted in an inversion of 31 pins
INFO: [Opt 31-1287] Pulled Inverter level0_i/level1/level1_i/ulp/distilbert_hls_top_1/inst/fadd_32ns_32ns_32_4_no_dsp_1_U32801/distilbert_hls_top_fadd_32ns_32ns_32_4_no_dsp_1_ip_u/inst/i_synth/ADDSUB_OP.ADDSUB/LOGIC_SPEED.OP/ALIGN_BLK/FRAC_ADDSUB/LOGIC_ADD.FRAC_ADDSUB/STRUCT_ADD2.ADD1/CHAIN_GEN[12].C_MUX.CARRY_MUX_i_2__0 into driver instance level0_i/level1/level1_i/ulp/distilbert_hls_top_1/inst/fadd_32ns_32ns_32_4_no_dsp_1_U32801/distilbert_hls_top_fadd_32ns_32ns_32_4_no_dsp_1_ip_u/inst/i_synth/ADDSUB_OP.ADDSUB/LOGIC_SPEED.OP/ALIGN_BLK/FRAC_ADDSUB/LOGIC_ADD.FRAC_ADDSUB/STRUCT_ADD2.ADD1/CHAIN_GEN[2].C_MUX.CARRY_MUX_i_4__0, which resulted in an inversion of 31 pins
INFO: [Opt 31-1287] Pulled Inverter level0_i/level1/level1_i/ulp/distilbert_hls_top_1/inst/fadd_32ns_32ns_32_4_no_dsp_1_U32802/distilbert_hls_top_fadd_32ns_32ns_32_4_no_dsp_1_ip_u/inst/i_synth/ADDSUB_OP.ADDSUB/LOGIC_SPEED.OP/ALIGN_BLK/FRAC_ADDSUB/LOGIC_ADD.FRAC_ADDSUB/STRUCT_ADD2.ADD1/CHAIN_GEN[12].C_MUX.CARRY_MUX_i_2__0 into driver instance level0_i/level1/level1_i/ulp/distilbert_hls_top_1/inst/fadd_32ns_32ns_32_4_no_dsp_1_U32802/distilbert_hls_top_fadd_32ns_32ns_32_4_no_dsp_1_ip_u/inst/i_synth/ADDSUB_OP.ADDSUB/LOGIC_SPEED.OP/ALIGN_BLK/FRAC_ADDSUB/LOGIC_ADD.FRAC_ADDSUB/STRUCT_ADD2.ADD1/CHAIN_GEN[2].C_MUX.CARRY_MUX_i_4__0, which resulted in an inversion of 31 pins
INFO: [Opt 31-1287] Pulled Inverter level0_i/level1/level1_i/ulp/distilbert_hls_top_1/inst/fadd_32ns_32ns_32_4_no_dsp_1_U32803/distilbert_hls_top_fadd_32ns_32ns_32_4_no_dsp_1_ip_u/inst/i_synth/ADDSUB_OP.ADDSUB/LOGIC_SPEED.OP/ALIGN_BLK/FRAC_ADDSUB/LOGIC_ADD.FRAC_ADDSUB/STRUCT_ADD2.ADD1/CHAIN_GEN[12].C_MUX.CARRY_MUX_i_2__0 into driver instance level0_i/level1/level1_i/ulp/distilbert_hls_top_1/inst/fadd_32ns_32ns_32_4_no_dsp_1_U32803/distilbert_hls_top_fadd_32ns_32ns_32_4_no_dsp_1_ip_u/inst/i_synth/ADDSUB_OP.ADDSUB/LOGIC_SPEED.OP/ALIGN_BLK/FRAC_ADDSUB/LOGIC_ADD.FRAC_ADDSUB/STRUCT_ADD2.ADD1/CHAIN_GEN[2].C_MUX.CARRY_MUX_i_4__0, which resulted in an inversion of 31 pins
INFO: [Opt 31-1287] Pulled Inverter level0_i/level1/level1_i/ulp/distilbert_hls_top_1/inst/fadd_32ns_32ns_32_4_no_dsp_1_U32804/distilbert_hls_top_fadd_32ns_32ns_32_4_no_dsp_1_ip_u/inst/i_synth/ADDSUB_OP.ADDSUB/LOGIC_SPEED.OP/ALIGN_BLK/FRAC_ADDSUB/LOGIC_ADD.FRAC_ADDSUB/STRUCT_ADD2.ADD1/CHAIN_GEN[12].C_MUX.CARRY_MUX_i_2__0 into driver instance level0_i/level1/level1_i/ulp/distilbert_hls_top_1/inst/fadd_32ns_32ns_32_4_no_dsp_1_U32804/distilbert_hls_top_fadd_32ns_32ns_32_4_no_dsp_1_ip_u/inst/i_synth/ADDSUB_OP.ADDSUB/LOGIC_SPEED.OP/ALIGN_BLK/FRAC_ADDSUB/LOGIC_ADD.FRAC_ADDSUB/STRUCT_ADD2.ADD1/CHAIN_GEN[2].C_MUX.CARRY_MUX_i_4__0, which resulted in an inversion of 31 pins
INFO: [Opt 31-1287] Pulled Inverter level0_i/level1/level1_i/ulp/distilbert_hls_top_1/inst/fadd_32ns_32ns_32_4_no_dsp_1_U32805/distilbert_hls_top_fadd_32ns_32ns_32_4_no_dsp_1_ip_u/inst/i_synth/ADDSUB_OP.ADDSUB/LOGIC_SPEED.OP/ALIGN_BLK/FRAC_ADDSUB/LOGIC_ADD.FRAC_ADDSUB/STRUCT_ADD2.ADD1/CHAIN_GEN[12].C_MUX.CARRY_MUX_i_2__0 into driver instance level0_i/level1/level1_i/ulp/distilbert_hls_top_1/inst/fadd_32ns_32ns_32_4_no_dsp_1_U32805/distilbert_hls_top_fadd_32ns_32ns_32_4_no_dsp_1_ip_u/inst/i_synth/ADDSUB_OP.ADDSUB/LOGIC_SPEED.OP/ALIGN_BLK/FRAC_ADDSUB/LOGIC_ADD.FRAC_ADDSUB/STRUCT_ADD2.ADD1/CHAIN_GEN[2].C_MUX.CARRY_MUX_i_4__0, which resulted in an inversion of 31 pins
INFO: [Opt 31-1287] Pulled Inverter level0_i/level1/level1_i/ulp/distilbert_hls_top_1/inst/fadd_32ns_32ns_32_4_no_dsp_1_U32806/distilbert_hls_top_fadd_32ns_32ns_32_4_no_dsp_1_ip_u/inst/i_synth/ADDSUB_OP.ADDSUB/LOGIC_SPEED.OP/ALIGN_BLK/FRAC_ADDSUB/LOGIC_ADD.FRAC_ADDSUB/STRUCT_ADD2.ADD1/CHAIN_GEN[12].C_MUX.CARRY_MUX_i_2__0 into driver instance level0_i/level1/level1_i/ulp/distilbert_hls_top_1/inst/fadd_32ns_32ns_32_4_no_dsp_1_U32806/distilbert_hls_top_fadd_32ns_32ns_32_4_no_dsp_1_ip_u/inst/i_synth/ADDSUB_OP.ADDSUB/LOGIC_SPEED.OP/ALIGN_BLK/FRAC_ADDSUB/LOGIC_ADD.FRAC_ADDSUB/STRUCT_ADD2.ADD1/CHAIN_GEN[2].C_MUX.CARRY_MUX_i_4__0, which resulted in an inversion of 31 pins
INFO: [Opt 31-1287] Pulled Inverter level0_i/level1/level1_i/ulp/distilbert_hls_top_1/inst/grp_attention_forward_hls_fu_1070/grp_attention_context_online_softmax_fu_1172/grp_attention_context_online_softmax_Pipeline_ATTN_ONLINE_SUM_GROUP_fu_3078/flow_control_loop_pipe_sequential_init_U/trunc_ln342_reg_884[4]_i_1 into driver instance level0_i/level1/level1_i/ulp/distilbert_hls_top_1/inst/grp_attention_forward_hls_fu_1070/grp_attention_context_online_softmax_fu_1172/grp_attention_context_online_softmax_Pipeline_ATTN_ONLINE_SUM_GROUP_fu_3078/flow_control_loop_pipe_sequential_init_U/ram_reg_i_9, which resulted in an inversion of 15 pins
INFO: [Opt 31-1287] Pulled Inverter level0_i/level1/level1_i/ulp/distilbert_hls_top_1/inst/grp_attention_forward_hls_fu_1070/grp_attention_context_online_softmax_fu_1172/query_fu_1886[3]_i_1 into driver instance level0_i/level1/level1_i/ulp/distilbert_hls_top_1/inst/grp_attention_forward_hls_fu_1070/grp_attention_context_online_softmax_fu_1172/sub_ln302_reg_7116[9]_i_2, which resulted in an inversion of 2 pins
INFO: [Opt 31-1287] Pulled Inverter level0_i/level1/level1_i/ulp/distilbert_hls_top_1/inst/grp_attention_forward_hls_fu_1070/grp_qkv_projection_fused_hls_fu_700/grp_qkv_projection_fused_hls_Pipeline_QKV_LOAD_W_fu_8064/bitcast_ln104_29_reg_33207[31]_i_1 into driver instance level0_i/level1/level1_i/ulp/distilbert_hls_top_1/inst/grp_attention_forward_hls_fu_1070/grp_qkv_projection_fused_hls_fu_700/grp_qkv_projection_fused_hls_Pipeline_QKV_LOAD_W_fu_8064/flow_control_loop_pipe_sequential_init_U/bitcast_ln104_29_reg_33207[31]_i_2, which resulted in an inversion of 29 pins
INFO: [Opt 31-1287] Pulled Inverter level0_i/level1/level1_i/ulp/distilbert_hls_top_1/inst/grp_embedding_forward_hls_fu_1028/grp_embedding_forward_hls_Pipeline_EMB_PACK_fu_355/ap_enable_reg_pp0_iter2_i_1__3 into driver instance level0_i/level1/level1_i/ulp/distilbert_hls_top_1/inst/grp_embedding_forward_hls_fu_1028/grp_embedding_forward_hls_Pipeline_EMB_PACK_fu_355/flow_control_loop_pipe_sequential_init_U/ap_enable_reg_pp0_iter2_i_2, which resulted in an inversion of 12 pins
INFO: [Opt 31-1287] Pulled Inverter level0_i/level1/level1_i/ulp/ict_axi_ctrl_user_00/xbar/inst/gen_sasd.crossbar_sasd_0/addr_arbiter_inst/m_atarget_enc[1]_i_1 into driver instance level0_i/level1/level1_i/ulp/ict_axi_ctrl_user_00/xbar/inst/gen_sasd.crossbar_sasd_0/addr_arbiter_inst/m_atarget_hot[2]_i_2, which resulted in an inversion of 5 pins
INFO: [Opt 31-1287] Pulled Inverter level0_i/level1/level1_i/ulp/ict_axi_data_h2c_01/m01_couplers/auto_ds/inst/gen_downsizer.gen_simple_downsizer.axi_downsizer_inst/USE_WRITE.USE_SPLIT.write_resp_inst/first_mi_word_i_2 into driver instance level0_i/level1/level1_i/ulp/ict_axi_data_h2c_01/m01_couplers/auto_ds/inst/gen_downsizer.gen_simple_downsizer.axi_downsizer_inst/USE_WRITE.USE_SPLIT.write_resp_inst/s_axi_bvalid_INST_0_i_1, which resulted in an inversion of 5 pins
INFO: [Opt 31-1287] Pulled Inverter level0_i/level1/level1_i/ulp/ict_axi_data_h2c_01/xbar/inst/gen_samd.crossbar_samd/gen_slave_slots[0].gen_si_read.si_transactor_ar/gen_multi_thread.arbiter_resp_inst/s_axi_rid[0]_INST_0 into driver instance level0_i/level1/level1_i/ulp/ict_axi_data_h2c_01/xbar/inst/gen_samd.crossbar_samd/gen_slave_slots[0].gen_si_read.si_transactor_ar/gen_multi_thread.arbiter_resp_inst/s_axi_rid[0]_INST_0_i_1, which resulted in an inversion of 17 pins
INFO: [Opt 31-1287] Pulled Inverter level0_i/level1/level1_i/ulp/ict_axi_data_h2c_01/xbar/inst/gen_samd.crossbar_samd/gen_slave_slots[0].gen_si_read.si_transactor_ar/gen_multi_thread.arbiter_resp_inst/s_axi_rid[1]_INST_0 into driver instance level0_i/level1/level1_i/ulp/ict_axi_data_h2c_01/xbar/inst/gen_samd.crossbar_samd/gen_slave_slots[0].gen_si_read.si_transactor_ar/gen_multi_thread.arbiter_resp_inst/s_axi_rid[1]_INST_0_i_1, which resulted in an inversion of 17 pins
INFO: [Opt 31-1287] Pulled Inverter level0_i/level1/level1_i/ulp/ict_axi_data_h2c_01/xbar/inst/gen_samd.crossbar_samd/gen_slave_slots[0].gen_si_read.si_transactor_ar/gen_multi_thread.arbiter_resp_inst/s_axi_rid[2]_INST_0 into driver instance level0_i/level1/level1_i/ulp/ict_axi_data_h2c_01/xbar/inst/gen_samd.crossbar_samd/gen_slave_slots[0].gen_si_read.si_transactor_ar/gen_multi_thread.arbiter_resp_inst/s_axi_rid[2]_INST_0_i_1, which resulted in an inversion of 17 pins
INFO: [Opt 31-1287] Pulled Inverter level0_i/level1/level1_i/ulp/ict_axi_data_h2c_01/xbar/inst/gen_samd.crossbar_samd/gen_slave_slots[0].gen_si_read.si_transactor_ar/gen_multi_thread.arbiter_resp_inst/s_axi_rid[3]_INST_0 into driver instance level0_i/level1/level1_i/ulp/ict_axi_data_h2c_01/xbar/inst/gen_samd.crossbar_samd/gen_slave_slots[0].gen_si_read.si_transactor_ar/gen_multi_thread.arbiter_resp_inst/s_axi_rid[3]_INST_0_i_1, which resulted in an inversion of 17 pins
INFO: [Opt 31-1287] Pulled Inverter level0_i/level1/level1_i/ulp/ip_cc_axi_data_h2c_00/inst/gen_clock_conv.gen_async_conv.asyncfifo_axi/inst_fifo_gen/gaxi_full_lite.gread_ch.grdch2.axi_rdch/grf.rf/rstblk/ngwrdrst.grst.g7serrst.gnsckt_wrst.rst_wr_reg2_inst_i_1 into driver instance level0_i/level1/level1_i/ulp/ip_cc_axi_data_h2c_00/inst/gen_clock_conv.gen_async_conv.asyncfifo_axi_i_1, which resulted in an inversion of 1 pins
INFO: [Opt 31-1287] Pulled Inverter level0_i/level1/level1_i/ulp/ip_cc_axi_data_h2c_01/inst/gen_clock_conv.gen_async_conv.asyncfifo_axi/inst_fifo_gen/gaxi_full_lite.gread_ch.grdch2.axi_rdch/grf.rf/rstblk/ngwrdrst.grst.g7serrst.gnsckt_wrst.rst_wr_reg2_inst_i_1 into driver instance level0_i/level1/level1_i/ulp/ip_cc_axi_data_h2c_01/inst/gen_clock_conv.gen_async_conv.asyncfifo_axi_i_1, which resulted in an inversion of 1 pins
INFO: [Opt 31-1287] Pulled Inverter level0_i/level1/level1_i/ulp/ip_cc_axi_data_h2c_02/inst/gen_clock_conv.gen_async_conv.asyncfifo_axi/inst_fifo_gen/gaxi_full_lite.gread_ch.grdch2.axi_rdch/grf.rf/rstblk/ngwrdrst.grst.g7serrst.gnsckt_wrst.rst_wr_reg2_inst_i_1 into driver instance level0_i/level1/level1_i/ulp/ip_cc_axi_data_h2c_02/inst/gen_clock_conv.gen_async_conv.asyncfifo_axi_i_1, which resulted in an inversion of 1 pins
INFO: [Opt 31-1287] Pulled Inverter level0_i/level1/level1_i/ulp/ip_cc_axi_data_h2c_03/inst/gen_clock_conv.gen_async_conv.asyncfifo_axi/inst_fifo_gen/gaxi_full_lite.gread_ch.grdch2.axi_rdch/grf.rf/rstblk/ngwrdrst.grst.g7serrst.gnsckt_wrst.rst_wr_reg2_inst_i_1 into driver instance level0_i/level1/level1_i/ulp/ip_cc_axi_data_h2c_03/inst/gen_clock_conv.gen_async_conv.asyncfifo_axi_i_1, which resulted in an inversion of 1 pins
INFO: [Opt 31-1287] Pulled Inverter level0_i/level1/level1_i/ulp/memory_subsystem/inst/interconnect/interconnect_ddr4_mem00/inst/s00_entry_pipeline/s00_si_converter/inst/converter.wrap_narrow_inst/gen_thread_loop[0].r_payld_fifo/cmd_fifo/cmd_len_qq[7]_i_1 into driver instance level0_i/level1/level1_i/ulp/memory_subsystem/inst/interconnect/interconnect_ddr4_mem00/inst/s00_entry_pipeline/s00_si_converter/inst/converter.wrap_narrow_inst/gen_thread_loop[0].r_payld_fifo/cmd_fifo/gen_pipelined.state[2]_i_3__0, which resulted in an inversion of 6 pins
INFO: [Opt 31-1287] Pulled Inverter level0_i/level1/level1_i/ulp/memory_subsystem/inst/interconnect/interconnect_ddr4_mem00/inst/s00_entry_pipeline/s00_si_converter/inst/converter.wrap_narrow_inst/w_payld_fifo/cmd_fifo/cmd_len_qq[7]_i_1__0 into driver instance level0_i/level1/level1_i/ulp/memory_subsystem/inst/interconnect/interconnect_ddr4_mem00/inst/s00_entry_pipeline/s00_si_converter/inst/converter.wrap_narrow_inst/w_payld_fifo/cmd_fifo/gen_pipelined.state[2]_i_3__1, which resulted in an inversion of 6 pins
INFO: [Opt 31-1287] Pulled Inverter level0_i/level1/level1_i/ulp/memory_subsystem/inst/interconnect/interconnect_ddr4_mem01/inst/s00_entry_pipeline/s00_si_converter/inst/converter.wrap_narrow_inst/gen_thread_loop[0].r_payld_fifo/cmd_fifo/cmd_len_qq[7]_i_1 into driver instance level0_i/level1/level1_i/ulp/memory_subsystem/inst/interconnect/interconnect_ddr4_mem01/inst/s00_entry_pipeline/s00_si_converter/inst/converter.wrap_narrow_inst/gen_thread_loop[0].r_payld_fifo/cmd_fifo/gen_pipelined.state[2]_i_3__0, which resulted in an inversion of 6 pins
INFO: [Opt 31-1287] Pulled Inverter level0_i/level1/level1_i/ulp/memory_subsystem/inst/interconnect/interconnect_ddr4_mem01/inst/s00_entry_pipeline/s00_si_converter/inst/converter.wrap_narrow_inst/w_payld_fifo/cmd_fifo/cmd_len_qq[7]_i_1__0 into driver instance level0_i/level1/level1_i/ulp/memory_subsystem/inst/interconnect/interconnect_ddr4_mem01/inst/s00_entry_pipeline/s00_si_converter/inst/converter.wrap_narrow_inst/w_payld_fifo/cmd_fifo/gen_pipelined.state[2]_i_3__1, which resulted in an inversion of 6 pins
INFO: [Opt 31-1287] Pulled Inverter level0_i/level1/level1_i/ulp/memory_subsystem/inst/interconnect/interconnect_ddr4_mem02/inst/s00_entry_pipeline/s00_si_converter/inst/converter.wrap_narrow_inst/gen_thread_loop[0].r_payld_fifo/cmd_fifo/cmd_len_qq[7]_i_1 into driver instance level0_i/level1/level1_i/ulp/memory_subsystem/inst/interconnect/interconnect_ddr4_mem02/inst/s00_entry_pipeline/s00_si_converter/inst/converter.wrap_narrow_inst/gen_thread_loop[0].r_payld_fifo/cmd_fifo/gen_pipelined.state[2]_i_3__0, which resulted in an inversion of 6 pins
INFO: [Opt 31-1287] Pulled Inverter level0_i/level1/level1_i/ulp/memory_subsystem/inst/interconnect/interconnect_ddr4_mem02/inst/s00_entry_pipeline/s00_si_converter/inst/converter.wrap_narrow_inst/w_payld_fifo/cmd_fifo/cmd_len_qq[7]_i_1__0 into driver instance level0_i/level1/level1_i/ulp/memory_subsystem/inst/interconnect/interconnect_ddr4_mem02/inst/s00_entry_pipeline/s00_si_converter/inst/converter.wrap_narrow_inst/w_payld_fifo/cmd_fifo/gen_pipelined.state[2]_i_3__1, which resulted in an inversion of 6 pins
INFO: [Opt 31-1287] Pulled Inverter level0_i/level1/level1_i/ulp/memory_subsystem/inst/interconnect/interconnect_m00_axi_mem00/inst/s00_entry_pipeline/s00_si_converter/inst/converter.wrap_narrow_inst/gen_thread_loop[0].r_payld_fifo/cmd_fifo/cmd_len_qq[7]_i_1 into driver instance level0_i/level1/level1_i/ulp/memory_subsystem/inst/interconnect/interconnect_m00_axi_mem00/inst/s00_entry_pipeline/s00_si_converter/inst/converter.wrap_narrow_inst/gen_thread_loop[0].r_payld_fifo/cmd_fifo/gen_pipelined.state[2]_i_3__0, which resulted in an inversion of 6 pins
INFO: [Opt 31-1287] Pulled Inverter level0_i/level1/level1_i/ulp/memory_subsystem/inst/interconnect/interconnect_m00_axi_mem00/inst/s00_entry_pipeline/s00_si_converter/inst/converter.wrap_narrow_inst/w_payld_fifo/cmd_fifo/cmd_len_qq[7]_i_1__0 into driver instance level0_i/level1/level1_i/ulp/memory_subsystem/inst/interconnect/interconnect_m00_axi_mem00/inst/s00_entry_pipeline/s00_si_converter/inst/converter.wrap_narrow_inst/w_payld_fifo/cmd_fifo/gen_pipelined.state[2]_i_3__1, which resulted in an inversion of 6 pins
INFO: [Opt 31-1287] Pulled Inverter level0_i/level1/level1_i/ulp/memory_subsystem/inst/memory/ddr4_mem00/inst/u_ddr4_mem_intfc/u_ddr_cal_riu/mcs0/inst/microblaze_I/U0/MicroBlaze_Core_I/Performance.Core/Data_Flow_I/Operand_Select_I/Use_PCMP_instr.count_leading_zeros_I_i_2 into driver instance level0_i/level1/level1_i/ulp/memory_subsystem/inst/memory/ddr4_mem00/inst/u_ddr4_mem_intfc/u_ddr_cal_riu/mcs0/inst/microblaze_I/U0/MicroBlaze_Core_I/Performance.Core/Data_Flow_I/Operand_Select_I/Gen_Bit[31].MUXF7_I1/Use_PCMP_instr.count_leading_zeros_I_i_7, which resulted in an inversion of 5 pins
INFO: [Opt 31-1287] Pulled Inverter level0_i/level1/level1_i/ulp/memory_subsystem/inst/memory/ddr4_mem00/inst/u_ddr4_mem_intfc/u_ddr_cal_riu/mcs0/inst/microblaze_I/U0/MicroBlaze_Core_I/Performance.Core/Data_Flow_I/Operand_Select_I/Use_PCMP_instr.count_leading_zeros_I_i_4 into driver instance level0_i/level1/level1_i/ulp/memory_subsystem/inst/memory/ddr4_mem00/inst/u_ddr4_mem_intfc/u_ddr_cal_riu/mcs0/inst/microblaze_I/U0/MicroBlaze_Core_I/Performance.Core/Data_Flow_I/Operand_Select_I/Gen_Bit[31].MUXF7_I1/Use_PCMP_instr.count_leading_zeros_I_i_10, which resulted in an inversion of 3 pins
INFO: [Opt 31-1287] Pulled Inverter level0_i/level1/level1_i/ulp/memory_subsystem/inst/memory/ddr4_mem00/inst/u_ddr4_mem_intfc/u_ddr_mc/bgr[0].u_ddr_mc_group/trp_cntr[4]_i_1 into driver instance level0_i/level1/level1_i/ulp/memory_subsystem/inst/memory/ddr4_mem00/inst/u_ddr4_mem_intfc/u_ddr_mc/bgr[0].u_ddr_mc_group/trp_cntr_is_zero_i_2, which resulted in an inversion of 2 pins
INFO: [Opt 31-1287] Pulled Inverter level0_i/level1/level1_i/ulp/memory_subsystem/inst/memory/ddr4_mem00/inst/u_ddr4_mem_intfc/u_ddr_mc/bgr[1].u_ddr_mc_group/cmd_bank_cas[1]_i_1__0 into driver instance level0_i/level1/level1_i/ulp/memory_subsystem/inst/memory/ddr4_mem00/inst/u_ddr4_mem_intfc/u_ddr_mc/bgr[1].u_ddr_mc_group/cmd_bank_cas[1]_i_2__0, which resulted in an inversion of 2 pins
INFO: [Opt 31-1287] Pulled Inverter level0_i/level1/level1_i/ulp/memory_subsystem/inst/memory/ddr4_mem00/inst/u_ddr4_mem_intfc/u_ddr_mc/bgr[1].u_ddr_mc_group/trp_cntr[4]_i_1__0 into driver instance level0_i/level1/level1_i/ulp/memory_subsystem/inst/memory/ddr4_mem00/inst/u_ddr4_mem_intfc/u_ddr_mc/bgr[1].u_ddr_mc_group/trp_cntr[4]_i_2, which resulted in an inversion of 2 pins
INFO: [Opt 31-1287] Pulled Inverter level0_i/level1/level1_i/ulp/memory_subsystem/inst/memory/ddr4_mem00/inst/u_ddr4_mem_intfc/u_ddr_mc/bgr[2].u_ddr_mc_group/cmd_bank_cas[0]_i_1__1 into driver instance level0_i/level1/level1_i/ulp/memory_subsystem/inst/memory/ddr4_mem00/inst/u_ddr4_mem_intfc/u_ddr_mc/bgr[2].u_ddr_mc_group/cmd_bank_cas[0]_i_2__1, which resulted in an inversion of 2 pins
INFO: [Opt 31-1287] Pulled Inverter level0_i/level1/level1_i/ulp/memory_subsystem/inst/memory/ddr4_mem00/inst/u_ddr4_mem_intfc/u_ddr_mc/bgr[2].u_ddr_mc_group/trp_cntr[4]_i_1__1 into driver instance level0_i/level1/level1_i/ulp/memory_subsystem/inst/memory/ddr4_mem00/inst/u_ddr4_mem_intfc/u_ddr_mc/bgr[2].u_ddr_mc_group/trp_cntr[4]_i_2__0, which resulted in an inversion of 2 pins
INFO: [Opt 31-1287] Pulled Inverter level0_i/level1/level1_i/ulp/memory_subsystem/inst/memory/ddr4_mem00/inst/u_ddr4_mem_intfc/u_ddr_mc/bgr[3].u_ddr_mc_group/cmd_bank_cas[0]_i_1__2 into driver instance level0_i/level1/level1_i/ulp/memory_subsystem/inst/memory/ddr4_mem00/inst/u_ddr4_mem_intfc/u_ddr_mc/bgr[3].u_ddr_mc_group/cmd_bank_cas[0]_i_2__2, which resulted in an inversion of 2 pins
INFO: [Opt 31-1287] Pulled Inverter level0_i/level1/level1_i/ulp/memory_subsystem/inst/memory/ddr4_mem00/inst/u_ddr4_mem_intfc/u_ddr_mc/bgr[3].u_ddr_mc_group/trp_cntr[4]_i_1__2 into driver instance level0_i/level1/level1_i/ulp/memory_subsystem/inst/memory/ddr4_mem00/inst/u_ddr4_mem_intfc/u_ddr_mc/bgr[3].u_ddr_mc_group/trp_cntr[4]_i_2__1, which resulted in an inversion of 2 pins
INFO: [Opt 31-1287] Pulled Inverter level0_i/level1/level1_i/ulp/memory_subsystem/inst/memory/ddr4_mem00/inst/u_ddr4_mem_intfc/u_ddr_mc/u_ddr_mc_arb_c/prevGr[0]_i_1 into driver instance level0_i/level1/level1_i/ulp/memory_subsystem/inst/memory/ddr4_mem00/inst/u_ddr4_mem_intfc/u_ddr_mc/u_ddr_mc_arb_c/prevGr[0]_i_2, which resulted in an inversion of 17 pins
INFO: [Opt 31-1287] Pulled Inverter level0_i/level1/level1_i/ulp/memory_subsystem/inst/memory/ddr4_mem00/inst/u_ddr4_mem_intfc/u_ddr_mc/u_ddr_mc_arb_c/prevGr[1]_i_1 into driver instance level0_i/level1/level1_i/ulp/memory_subsystem/inst/memory/ddr4_mem00/inst/u_ddr4_mem_intfc/u_ddr_mc/u_ddr_mc_arb_c/prevGr[1]_i_2, which resulted in an inversion of 17 pins
INFO: [Opt 31-1287] Pulled Inverter level0_i/level1/level1_i/ulp/memory_subsystem/inst/memory/ddr4_mem00/inst/u_ddr4_mem_intfc/u_ddr_mc/u_ddr_mc_arb_c/winPort[0]_i_1 into driver instance level0_i/level1/level1_i/ulp/memory_subsystem/inst/memory/ddr4_mem00/inst/u_ddr4_mem_intfc/u_ddr_mc/u_ddr_mc_arb_c/winPort[0]_i_2, which resulted in an inversion of 2 pins
INFO: [Opt 31-1287] Pulled Inverter level0_i/level1/level1_i/ulp/memory_subsystem/inst/memory/ddr4_mem00/inst/u_ddr4_mem_intfc/u_ddr_mc/u_ddr_mc_rd_wr/wtrs[0].u_ddr_mc_wtr/winPortEnc[1]_i_2 into driver instance level0_i/level1/level1_i/ulp/memory_subsystem/inst/memory/ddr4_mem00/inst/u_ddr4_mem_intfc/u_ddr_mc/u_ddr_mc_rd_wr/wtrs[0].u_ddr_mc_wtr/winPortEnc[1]_i_3, which resulted in an inversion of 3 pins
INFO: [Opt 31-1287] Pulled Inverter level0_i/level1/level1_i/ulp/memory_subsystem/inst/memory/ddr4_mem00/inst/u_ddr4_mem_intfc/u_ddr_mc/u_ddr_mc_rd_wr/wtrs[0].u_ddr_mc_wtr/winPort[2]_i_1 into driver instance level0_i/level1/level1_i/ulp/memory_subsystem/inst/memory/ddr4_mem00/inst/u_ddr4_mem_intfc/u_ddr_mc/u_ddr_mc_rd_wr/wtrs[0].u_ddr_mc_wtr/winPort[2]_i_2, which resulted in an inversion of 7 pins
INFO: [Opt 31-1287] Pulled Inverter level0_i/level1/level1_i/ulp/memory_subsystem/inst/memory/ddr4_mem00/inst/u_ddr4_mem_intfc/u_ddr_mc/u_ddr_mc_rd_wr/wtrs[0].u_ddr_mc_wtr/winPort[3]_i_1 into driver instance level0_i/level1/level1_i/ulp/memory_subsystem/inst/memory/ddr4_mem00/inst/u_ddr4_mem_intfc/u_ddr_mc/u_ddr_mc_rd_wr/wtrs[0].u_ddr_mc_wtr/winPortEnc[0]_i_4, which resulted in an inversion of 7 pins
INFO: [Opt 31-1287] Pulled Inverter level0_i/level1/level1_i/ulp/memory_subsystem/inst/memory/ddr4_mem00/inst/u_ddr4_mem_intfc/u_ddr_mc/u_ddr_mc_rd_wr/wtrs[0].u_ddr_mc_wtr/winRead_i_1 into driver instance level0_i/level1/level1_i/ulp/memory_subsystem/inst/memory/ddr4_mem00/inst/u_ddr4_mem_intfc/u_ddr_mc/u_ddr_mc_rd_wr/wtrs[0].u_ddr_mc_wtr/winRead_i_2, which resulted in an inversion of 2 pins
INFO: [Opt 31-1287] Pulled Inverter level0_i/level1/level1_i/ulp/memory_subsystem/inst/memory/ddr4_mem00/inst/u_ddr4_mem_intfc/u_io_addr_sync/rd_vref_value[17]_i_1 into driver instance level0_i/level1/level1_i/ulp/memory_subsystem/inst/memory/ddr4_mem00/inst/u_ddr4_mem_intfc/u_io_addr_sync/rd_vref_value[17]_i_2, which resulted in an inversion of 2 pins
INFO: [Opt 31-1287] Pulled Inverter level0_i/level1/level1_i/ulp/memory_subsystem/inst/memory/ddr4_mem00/inst/u_ddr4_mem_intfc/u_io_addr_sync/rd_vref_value[29]_i_1 into driver instance level0_i/level1/level1_i/ulp/memory_subsystem/inst/memory/ddr4_mem00/inst/u_ddr4_mem_intfc/u_io_addr_sync/rd_vref_value[45]_i_2, which resulted in an inversion of 3 pins
INFO: [Opt 31-1287] Pulled Inverter level0_i/level1/level1_i/ulp/memory_subsystem/inst/memory/ddr4_mem00/inst/u_ddr4_mem_intfc/u_io_addr_sync/rd_vref_value[2]_i_1 into driver instance level0_i/level1/level1_i/ulp/memory_subsystem/inst/memory/ddr4_mem00/inst/u_ddr4_mem_intfc/u_io_addr_sync/rd_vref_value[2]_i_2, which resulted in an inversion of 2 pins
INFO: [Opt 31-1287] Pulled Inverter level0_i/level1/level1_i/ulp/memory_subsystem/inst/memory/ddr4_mem00/inst/u_ddr4_mem_intfc/u_io_addr_sync/rd_vref_value[8]_i_1 into driver instance level0_i/level1/level1_i/ulp/memory_subsystem/inst/memory/ddr4_mem00/inst/u_ddr4_mem_intfc/u_io_addr_sync/rd_vref_value[40]_i_2, which resulted in an inversion of 3 pins
INFO: [Opt 31-1287] Pulled Inverter level0_i/level1/level1_i/ulp/memory_subsystem/inst/memory/ddr4_mem00/inst/u_ddr4_mem_intfc/u_io_addr_sync/rd_vref_value[9]_i_1 into driver instance level0_i/level1/level1_i/ulp/memory_subsystem/inst/memory/ddr4_mem00/inst/u_ddr4_mem_intfc/u_io_addr_sync/rd_vref_value[9]_i_2, which resulted in an inversion of 2 pins
INFO: [Opt 31-1287] Pulled Inverter level0_i/level1/level1_i/ulp/memory_subsystem/inst/memory/ddr4_mem00/inst/u_ddr4_mem_intfc/u_io_addr_sync/uppCL0[34]_i_2 into driver instance level0_i/level1/level1_i/ulp/memory_subsystem/inst/memory/ddr4_mem00/inst/u_ddr4_mem_intfc/u_io_addr_sync/uppCL0[34]_i_4, which resulted in an inversion of 7 pins
INFO: [Opt 31-1287] Pulled Inverter level0_i/level1/level1_i/ulp/memory_subsystem/inst/memory/ddr4_mem00/inst/u_ddr4_mem_intfc/u_io_addr_sync/uppCL0[35]_i_2 into driver instance level0_i/level1/level1_i/ulp/memory_subsystem/inst/memory/ddr4_mem00/inst/u_ddr4_mem_intfc/u_io_addr_sync/uppCL0[35]_i_4, which resulted in an inversion of 7 pins
INFO: [Opt 31-1287] Pulled Inverter level0_i/level1/level1_i/ulp/memory_subsystem/inst/memory/ddr4_mem00/inst/u_ddr4_mem_intfc/u_io_addr_sync/uppCL1[34]_i_1 into driver instance level0_i/level1/level1_i/ulp/memory_subsystem/inst/memory/ddr4_mem00/inst/u_ddr4_mem_intfc/u_io_addr_sync/uppCL1[34]_i_2, which resulted in an inversion of 7 pins
INFO: [Opt 31-1287] Pulled Inverter level0_i/level1/level1_i/ulp/memory_subsystem/inst/memory/ddr4_mem00/inst/u_ddr4_mem_intfc/u_io_addr_sync/uppCL1[35]_i_1 into driver instance level0_i/level1/level1_i/ulp/memory_subsystem/inst/memory/ddr4_mem00/inst/u_ddr4_mem_intfc/u_io_addr_sync/uppCL1[35]_i_2, which resulted in an inversion of 7 pins
INFO: [Opt 31-1287] Pulled Inverter level0_i/level1/level1_i/ulp/memory_subsystem/inst/memory/ddr4_mem00/inst/u_ddr4_mem_intfc/u_io_addr_sync/uppCL2[34]_i_1 into driver instance level0_i/level1/level1_i/ulp/memory_subsystem/inst/memory/ddr4_mem00/inst/u_ddr4_mem_intfc/u_io_addr_sync/uppCL2[34]_i_2, which resulted in an inversion of 7 pins
INFO: [Opt 31-1287] Pulled Inverter level0_i/level1/level1_i/ulp/memory_subsystem/inst/memory/ddr4_mem00/inst/u_ddr4_mem_intfc/u_io_addr_sync/uppCL2[35]_i_1 into driver instance level0_i/level1/level1_i/ulp/memory_subsystem/inst/memory/ddr4_mem00/inst/u_ddr4_mem_intfc/u_io_addr_sync/uppCL2[35]_i_2, which resulted in an inversion of 7 pins
INFO: [Opt 31-1287] Pulled Inverter level0_i/level1/level1_i/ulp/memory_subsystem/inst/memory/ddr4_mem00/inst/u_ddr4_mem_intfc/u_io_addr_sync/uppCL3[34]_i_1 into driver instance level0_i/level1/level1_i/ulp/memory_subsystem/inst/memory/ddr4_mem00/inst/u_ddr4_mem_intfc/u_io_addr_sync/uppCL3[34]_i_2, which resulted in an inversion of 7 pins
INFO: [Opt 31-1287] Pulled Inverter level0_i/level1/level1_i/ulp/memory_subsystem/inst/memory/ddr4_mem00/inst/u_ddr4_mem_intfc/u_io_addr_sync/uppCL3[35]_i_1 into driver instance level0_i/level1/level1_i/ulp/memory_subsystem/inst/memory/ddr4_mem00/inst/u_ddr4_mem_intfc/u_io_addr_sync/uppCL3[35]_i_2, which resulted in an inversion of 7 pins
INFO: [Opt 31-1287] Pulled Inverter level0_i/level1/level1_i/ulp/memory_subsystem/inst/memory/ddr4_mem00/inst/u_ddr4_mem_intfc/u_mig_ddr4_phy/riu_nibble_8[1]_INST_0 into driver instance level0_i/level1/level1_i/ulp/memory_subsystem/inst/memory/ddr4_mem00/inst/u_ddr4_mem_intfc/u_mig_ddr4_phy/inst/riu_nibble_8[1]_INST_0_i_1, which resulted in an inversion of 85 pins
INFO: [Opt 31-1287] Pulled Inverter level0_i/level1/level1_i/ulp/memory_subsystem/inst/memory/ddr4_mem00/inst/u_ddr4_mem_intfc/u_mig_ddr4_phy/riu_nibble_8[2]_INST_0 into driver instance level0_i/level1/level1_i/ulp/memory_subsystem/inst/memory/ddr4_mem00/inst/u_ddr4_mem_intfc/u_mig_ddr4_phy/inst/riu_nibble_8[2]_INST_0_i_1, which resulted in an inversion of 85 pins
INFO: [Opt 31-1287] Pulled Inverter level0_i/level1/level1_i/ulp/memory_subsystem/inst/memory/ddr4_mem00/inst/u_ddr4_mem_intfc/u_mig_ddr4_phy/riu_nibble_8[4]_INST_0 into driver instance level0_i/level1/level1_i/ulp/memory_subsystem/inst/memory/ddr4_mem00/inst/u_ddr4_mem_intfc/u_mig_ddr4_phy/inst/riu_nibble_8[4]_INST_0_i_1, which resulted in an inversion of 17 pins
INFO: [Opt 31-1287] Pulled Inverter level0_i/level1/level1_i/ulp/memory_subsystem/inst/memory/ddr4_mem00/inst/u_ddr_axi/axi_ar_channel_0/axi_mc_cmd_translator_0/axi_mc_incr_cmd_0/r_rlast_i_1 into driver instance level0_i/level1/level1_i/ulp/memory_subsystem/inst/memory/ddr4_mem00/inst/u_ddr_axi/axi_ar_channel_0/axi_mc_cmd_translator_0/axi_mc_incr_cmd_0/axready_i_2, which resulted in an inversion of 3 pins
INFO: [Opt 31-1287] Pulled Inverter level0_i/level1/level1_i/ulp/memory_subsystem/inst/memory/ddr4_mem01/inst/u_ddr4_mem_intfc/u_ddr_cal_riu/mcs0/inst/microblaze_I/U0/MicroBlaze_Core_I/Performance.Core/Data_Flow_I/Operand_Select_I/Use_PCMP_instr.count_leading_zeros_I_i_2 into driver instance level0_i/level1/level1_i/ulp/memory_subsystem/inst/memory/ddr4_mem01/inst/u_ddr4_mem_intfc/u_ddr_cal_riu/mcs0/inst/microblaze_I/U0/MicroBlaze_Core_I/Performance.Core/Data_Flow_I/Operand_Select_I/Gen_Bit[31].MUXF7_I1/Use_PCMP_instr.count_leading_zeros_I_i_7, which resulted in an inversion of 5 pins
INFO: [Opt 31-1287] Pulled Inverter level0_i/level1/level1_i/ulp/memory_subsystem/inst/memory/ddr4_mem01/inst/u_ddr4_mem_intfc/u_ddr_cal_riu/mcs0/inst/microblaze_I/U0/MicroBlaze_Core_I/Performance.Core/Data_Flow_I/Operand_Select_I/Use_PCMP_instr.count_leading_zeros_I_i_4 into driver instance level0_i/level1/level1_i/ulp/memory_subsystem/inst/memory/ddr4_mem01/inst/u_ddr4_mem_intfc/u_ddr_cal_riu/mcs0/inst/microblaze_I/U0/MicroBlaze_Core_I/Performance.Core/Data_Flow_I/Operand_Select_I/Gen_Bit[31].MUXF7_I1/Use_PCMP_instr.count_leading_zeros_I_i_10, which resulted in an inversion of 3 pins
INFO: [Opt 31-1287] Pulled Inverter level0_i/level1/level1_i/ulp/memory_subsystem/inst/memory/ddr4_mem01/inst/u_ddr4_mem_intfc/u_ddr_mc/bgr[0].u_ddr_mc_group/trp_cntr[4]_i_1 into driver instance level0_i/level1/level1_i/ulp/memory_subsystem/inst/memory/ddr4_mem01/inst/u_ddr4_mem_intfc/u_ddr_mc/bgr[0].u_ddr_mc_group/trp_cntr_is_zero_i_2, which resulted in an inversion of 2 pins
INFO: [Opt 31-1287] Pulled Inverter level0_i/level1/level1_i/ulp/memory_subsystem/inst/memory/ddr4_mem01/inst/u_ddr4_mem_intfc/u_ddr_mc/bgr[1].u_ddr_mc_group/cmd_bank_cas[1]_i_1__0 into driver instance level0_i/level1/level1_i/ulp/memory_subsystem/inst/memory/ddr4_mem01/inst/u_ddr4_mem_intfc/u_ddr_mc/bgr[1].u_ddr_mc_group/cmd_bank_cas[1]_i_2__0, which resulted in an inversion of 2 pins
INFO: [Opt 31-1287] Pulled Inverter level0_i/level1/level1_i/ulp/memory_subsystem/inst/memory/ddr4_mem01/inst/u_ddr4_mem_intfc/u_ddr_mc/bgr[1].u_ddr_mc_group/trp_cntr[4]_i_1__0 into driver instance level0_i/level1/level1_i/ulp/memory_subsystem/inst/memory/ddr4_mem01/inst/u_ddr4_mem_intfc/u_ddr_mc/bgr[1].u_ddr_mc_group/trp_cntr[4]_i_2, which resulted in an inversion of 2 pins
INFO: [Opt 31-1287] Pulled Inverter level0_i/level1/level1_i/ulp/memory_subsystem/inst/memory/ddr4_mem01/inst/u_ddr4_mem_intfc/u_ddr_mc/bgr[2].u_ddr_mc_group/cmd_bank_cas[0]_i_1__1 into driver instance level0_i/level1/level1_i/ulp/memory_subsystem/inst/memory/ddr4_mem01/inst/u_ddr4_mem_intfc/u_ddr_mc/bgr[2].u_ddr_mc_group/cmd_bank_cas[0]_i_2__1, which resulted in an inversion of 2 pins
INFO: [Opt 31-1287] Pulled Inverter level0_i/level1/level1_i/ulp/memory_subsystem/inst/memory/ddr4_mem01/inst/u_ddr4_mem_intfc/u_ddr_mc/bgr[2].u_ddr_mc_group/trp_cntr[4]_i_1__1 into driver instance level0_i/level1/level1_i/ulp/memory_subsystem/inst/memory/ddr4_mem01/inst/u_ddr4_mem_intfc/u_ddr_mc/bgr[2].u_ddr_mc_group/trp_cntr[4]_i_2__0, which resulted in an inversion of 2 pins
INFO: [Opt 31-1287] Pulled Inverter level0_i/level1/level1_i/ulp/memory_subsystem/inst/memory/ddr4_mem01/inst/u_ddr4_mem_intfc/u_ddr_mc/bgr[3].u_ddr_mc_group/cmd_bank_cas[0]_i_1__2 into driver instance level0_i/level1/level1_i/ulp/memory_subsystem/inst/memory/ddr4_mem01/inst/u_ddr4_mem_intfc/u_ddr_mc/bgr[3].u_ddr_mc_group/cmd_bank_cas[0]_i_2__2, which resulted in an inversion of 2 pins
INFO: [Opt 31-1287] Pulled Inverter level0_i/level1/level1_i/ulp/memory_subsystem/inst/memory/ddr4_mem01/inst/u_ddr4_mem_intfc/u_ddr_mc/bgr[3].u_ddr_mc_group/trp_cntr[4]_i_1__2 into driver instance level0_i/level1/level1_i/ulp/memory_subsystem/inst/memory/ddr4_mem01/inst/u_ddr4_mem_intfc/u_ddr_mc/bgr[3].u_ddr_mc_group/trp_cntr[4]_i_2__1, which resulted in an inversion of 2 pins
INFO: [Opt 31-1287] Pulled Inverter level0_i/level1/level1_i/ulp/memory_subsystem/inst/memory/ddr4_mem01/inst/u_ddr4_mem_intfc/u_ddr_mc/u_ddr_mc_arb_c/prevGr[0]_i_1 into driver instance level0_i/level1/level1_i/ulp/memory_subsystem/inst/memory/ddr4_mem01/inst/u_ddr4_mem_intfc/u_ddr_mc/u_ddr_mc_arb_c/prevGr[0]_i_2, which resulted in an inversion of 17 pins
INFO: [Opt 31-1287] Pulled Inverter level0_i/level1/level1_i/ulp/memory_subsystem/inst/memory/ddr4_mem01/inst/u_ddr4_mem_intfc/u_ddr_mc/u_ddr_mc_arb_c/prevGr[1]_i_1 into driver instance level0_i/level1/level1_i/ulp/memory_subsystem/inst/memory/ddr4_mem01/inst/u_ddr4_mem_intfc/u_ddr_mc/u_ddr_mc_arb_c/prevGr[1]_i_2, which resulted in an inversion of 17 pins
INFO: [Opt 31-1287] Pulled Inverter level0_i/level1/level1_i/ulp/memory_subsystem/inst/memory/ddr4_mem01/inst/u_ddr4_mem_intfc/u_ddr_mc/u_ddr_mc_arb_c/winPort[0]_i_1 into driver instance level0_i/level1/level1_i/ulp/memory_subsystem/inst/memory/ddr4_mem01/inst/u_ddr4_mem_intfc/u_ddr_mc/u_ddr_mc_arb_c/winPort[0]_i_2, which resulted in an inversion of 2 pins
INFO: [Opt 31-1287] Pulled Inverter level0_i/level1/level1_i/ulp/memory_subsystem/inst/memory/ddr4_mem01/inst/u_ddr4_mem_intfc/u_ddr_mc/u_ddr_mc_rd_wr/wtrs[0].u_ddr_mc_wtr/winPortEnc[1]_i_2 into driver instance level0_i/level1/level1_i/ulp/memory_subsystem/inst/memory/ddr4_mem01/inst/u_ddr4_mem_intfc/u_ddr_mc/u_ddr_mc_rd_wr/wtrs[0].u_ddr_mc_wtr/winPortEnc[1]_i_3, which resulted in an inversion of 3 pins
INFO: [Opt 31-1287] Pulled Inverter level0_i/level1/level1_i/ulp/memory_subsystem/inst/memory/ddr4_mem01/inst/u_ddr4_mem_intfc/u_ddr_mc/u_ddr_mc_rd_wr/wtrs[0].u_ddr_mc_wtr/winPort[2]_i_1 into driver instance level0_i/level1/level1_i/ulp/memory_subsystem/inst/memory/ddr4_mem01/inst/u_ddr4_mem_intfc/u_ddr_mc/u_ddr_mc_rd_wr/wtrs[0].u_ddr_mc_wtr/winPort[2]_i_2, which resulted in an inversion of 7 pins
INFO: [Opt 31-1287] Pulled Inverter level0_i/level1/level1_i/ulp/memory_subsystem/inst/memory/ddr4_mem01/inst/u_ddr4_mem_intfc/u_ddr_mc/u_ddr_mc_rd_wr/wtrs[0].u_ddr_mc_wtr/winPort[3]_i_1 into driver instance level0_i/level1/level1_i/ulp/memory_subsystem/inst/memory/ddr4_mem01/inst/u_ddr4_mem_intfc/u_ddr_mc/u_ddr_mc_rd_wr/wtrs[0].u_ddr_mc_wtr/winPortEnc[0]_i_4, which resulted in an inversion of 7 pins
INFO: [Opt 31-1287] Pulled Inverter level0_i/level1/level1_i/ulp/memory_subsystem/inst/memory/ddr4_mem01/inst/u_ddr4_mem_intfc/u_ddr_mc/u_ddr_mc_rd_wr/wtrs[0].u_ddr_mc_wtr/winRead_i_1 into driver instance level0_i/level1/level1_i/ulp/memory_subsystem/inst/memory/ddr4_mem01/inst/u_ddr4_mem_intfc/u_ddr_mc/u_ddr_mc_rd_wr/wtrs[0].u_ddr_mc_wtr/winRead_i_2, which resulted in an inversion of 2 pins
INFO: [Opt 31-1287] Pulled Inverter level0_i/level1/level1_i/ulp/memory_subsystem/inst/memory/ddr4_mem01/inst/u_ddr4_mem_intfc/u_io_addr_sync/rd_vref_value[17]_i_1 into driver instance level0_i/level1/level1_i/ulp/memory_subsystem/inst/memory/ddr4_mem01/inst/u_ddr4_mem_intfc/u_io_addr_sync/rd_vref_value[17]_i_2, which resulted in an inversion of 2 pins
INFO: [Opt 31-1287] Pulled Inverter level0_i/level1/level1_i/ulp/memory_subsystem/inst/memory/ddr4_mem01/inst/u_ddr4_mem_intfc/u_io_addr_sync/rd_vref_value[29]_i_1 into driver instance level0_i/level1/level1_i/ulp/memory_subsystem/inst/memory/ddr4_mem01/inst/u_ddr4_mem_intfc/u_io_addr_sync/rd_vref_value[45]_i_2, which resulted in an inversion of 3 pins
INFO: [Opt 31-1287] Pulled Inverter level0_i/level1/level1_i/ulp/memory_subsystem/inst/memory/ddr4_mem01/inst/u_ddr4_mem_intfc/u_io_addr_sync/rd_vref_value[2]_i_1 into driver instance level0_i/level1/level1_i/ulp/memory_subsystem/inst/memory/ddr4_mem01/inst/u_ddr4_mem_intfc/u_io_addr_sync/rd_vref_value[2]_i_2, which resulted in an inversion of 2 pins
INFO: [Opt 31-1287] Pulled Inverter level0_i/level1/level1_i/ulp/memory_subsystem/inst/memory/ddr4_mem01/inst/u_ddr4_mem_intfc/u_io_addr_sync/rd_vref_value[8]_i_1 into driver instance level0_i/level1/level1_i/ulp/memory_subsystem/inst/memory/ddr4_mem01/inst/u_ddr4_mem_intfc/u_io_addr_sync/rd_vref_value[40]_i_2, which resulted in an inversion of 3 pins
INFO: [Opt 31-1287] Pulled Inverter level0_i/level1/level1_i/ulp/memory_subsystem/inst/memory/ddr4_mem01/inst/u_ddr4_mem_intfc/u_io_addr_sync/rd_vref_value[9]_i_1 into driver instance level0_i/level1/level1_i/ulp/memory_subsystem/inst/memory/ddr4_mem01/inst/u_ddr4_mem_intfc/u_io_addr_sync/rd_vref_value[9]_i_2, which resulted in an inversion of 2 pins
INFO: [Opt 31-1287] Pulled Inverter level0_i/level1/level1_i/ulp/memory_subsystem/inst/memory/ddr4_mem01/inst/u_ddr4_mem_intfc/u_io_addr_sync/uppCL0[34]_i_2 into driver instance level0_i/level1/level1_i/ulp/memory_subsystem/inst/memory/ddr4_mem01/inst/u_ddr4_mem_intfc/u_io_addr_sync/uppCL0[34]_i_4, which resulted in an inversion of 7 pins
INFO: [Opt 31-1287] Pulled Inverter level0_i/level1/level1_i/ulp/memory_subsystem/inst/memory/ddr4_mem01/inst/u_ddr4_mem_intfc/u_io_addr_sync/uppCL0[35]_i_2 into driver instance level0_i/level1/level1_i/ulp/memory_subsystem/inst/memory/ddr4_mem01/inst/u_ddr4_mem_intfc/u_io_addr_sync/uppCL0[35]_i_4, which resulted in an inversion of 7 pins
INFO: [Opt 31-1287] Pulled Inverter level0_i/level1/level1_i/ulp/memory_subsystem/inst/memory/ddr4_mem01/inst/u_ddr4_mem_intfc/u_io_addr_sync/uppCL1[34]_i_1 into driver instance level0_i/level1/level1_i/ulp/memory_subsystem/inst/memory/ddr4_mem01/inst/u_ddr4_mem_intfc/u_io_addr_sync/uppCL1[34]_i_2, which resulted in an inversion of 7 pins
INFO: [Opt 31-1287] Pulled Inverter level0_i/level1/level1_i/ulp/memory_subsystem/inst/memory/ddr4_mem01/inst/u_ddr4_mem_intfc/u_io_addr_sync/uppCL1[35]_i_1 into driver instance level0_i/level1/level1_i/ulp/memory_subsystem/inst/memory/ddr4_mem01/inst/u_ddr4_mem_intfc/u_io_addr_sync/uppCL1[35]_i_2, which resulted in an inversion of 7 pins
INFO: [Opt 31-1287] Pulled Inverter level0_i/level1/level1_i/ulp/memory_subsystem/inst/memory/ddr4_mem01/inst/u_ddr4_mem_intfc/u_io_addr_sync/uppCL2[34]_i_1 into driver instance level0_i/level1/level1_i/ulp/memory_subsystem/inst/memory/ddr4_mem01/inst/u_ddr4_mem_intfc/u_io_addr_sync/uppCL2[34]_i_2, which resulted in an inversion of 7 pins
INFO: [Opt 31-1287] Pulled Inverter level0_i/level1/level1_i/ulp/memory_subsystem/inst/memory/ddr4_mem01/inst/u_ddr4_mem_intfc/u_io_addr_sync/uppCL2[35]_i_1 into driver instance level0_i/level1/level1_i/ulp/memory_subsystem/inst/memory/ddr4_mem01/inst/u_ddr4_mem_intfc/u_io_addr_sync/uppCL2[35]_i_2, which resulted in an inversion of 7 pins
INFO: [Opt 31-1287] Pulled Inverter level0_i/level1/level1_i/ulp/memory_subsystem/inst/memory/ddr4_mem01/inst/u_ddr4_mem_intfc/u_io_addr_sync/uppCL3[34]_i_1 into driver instance level0_i/level1/level1_i/ulp/memory_subsystem/inst/memory/ddr4_mem01/inst/u_ddr4_mem_intfc/u_io_addr_sync/uppCL3[34]_i_2, which resulted in an inversion of 7 pins
INFO: [Opt 31-1287] Pulled Inverter level0_i/level1/level1_i/ulp/memory_subsystem/inst/memory/ddr4_mem01/inst/u_ddr4_mem_intfc/u_io_addr_sync/uppCL3[35]_i_1 into driver instance level0_i/level1/level1_i/ulp/memory_subsystem/inst/memory/ddr4_mem01/inst/u_ddr4_mem_intfc/u_io_addr_sync/uppCL3[35]_i_2, which resulted in an inversion of 7 pins
INFO: [Opt 31-1287] Pulled Inverter level0_i/level1/level1_i/ulp/memory_subsystem/inst/memory/ddr4_mem01/inst/u_ddr4_mem_intfc/u_mig_ddr4_phy/riu_nibble_8[1]_INST_0 into driver instance level0_i/level1/level1_i/ulp/memory_subsystem/inst/memory/ddr4_mem01/inst/u_ddr4_mem_intfc/u_mig_ddr4_phy/inst/riu_nibble_8[1]_INST_0_i_1, which resulted in an inversion of 85 pins
INFO: [Opt 31-1287] Pulled Inverter level0_i/level1/level1_i/ulp/memory_subsystem/inst/memory/ddr4_mem01/inst/u_ddr4_mem_intfc/u_mig_ddr4_phy/riu_nibble_8[2]_INST_0 into driver instance level0_i/level1/level1_i/ulp/memory_subsystem/inst/memory/ddr4_mem01/inst/u_ddr4_mem_intfc/u_mig_ddr4_phy/inst/riu_nibble_8[2]_INST_0_i_1, which resulted in an inversion of 85 pins
INFO: [Opt 31-1287] Pulled Inverter level0_i/level1/level1_i/ulp/memory_subsystem/inst/memory/ddr4_mem01/inst/u_ddr4_mem_intfc/u_mig_ddr4_phy/riu_nibble_8[3]_INST_0 into driver instance level0_i/level1/level1_i/ulp/memory_subsystem/inst/memory/ddr4_mem01/inst/u_ddr4_mem_intfc/u_mig_ddr4_phy/inst/riu_nibble_8[3]_INST_0_i_1, which resulted in an inversion of 17 pins
INFO: [Opt 31-1287] Pulled Inverter level0_i/level1/level1_i/ulp/memory_subsystem/inst/memory/ddr4_mem01/inst/u_ddr_axi/axi_ar_channel_0/axi_mc_cmd_translator_0/axi_mc_incr_cmd_0/r_rlast_i_1 into driver instance level0_i/level1/level1_i/ulp/memory_subsystem/inst/memory/ddr4_mem01/inst/u_ddr_axi/axi_ar_channel_0/axi_mc_cmd_translator_0/axi_mc_incr_cmd_0/axready_i_2, which resulted in an inversion of 3 pins
INFO: [Opt 31-1287] Pulled Inverter level0_i/level1/level1_i/ulp/memory_subsystem/inst/memory/ddr4_mem02/inst/u_ddr4_mem_intfc/u_ddr_cal_riu/mcs0/inst/microblaze_I/U0/MicroBlaze_Core_I/Performance.Core/Data_Flow_I/Operand_Select_I/Use_PCMP_instr.count_leading_zeros_I_i_2 into driver instance level0_i/level1/level1_i/ulp/memory_subsystem/inst/memory/ddr4_mem02/inst/u_ddr4_mem_intfc/u_ddr_cal_riu/mcs0/inst/microblaze_I/U0/MicroBlaze_Core_I/Performance.Core/Data_Flow_I/Operand_Select_I/Gen_Bit[31].MUXF7_I1/Use_PCMP_instr.count_leading_zeros_I_i_7, which resulted in an inversion of 5 pins
INFO: [Common 17-14] Message 'Opt 31-1287' appears 100 times and further instances of the messages will be disabled. Use the Tcl command set_msg_config to change the current settings.
INFO: [Opt 31-138] Pushed 1390 inverter(s) to 15384 load pin(s).
INFO: [Opt 31-49] Retargeted 0 cell(s).
Phase 3 Retarget | Checksum: 1cfcf2cbd

Time (s): cpu = 00:45:51 ; elapsed = 00:28:19 . Memory (MB): peak = 29576.473 ; gain = 790.258 ; free physical = 84659 ; free virtual = 110955
INFO: [Opt 31-389] Phase Retarget created 32448 cells and removed 35578 cells
INFO: [Opt 31-1021] In phase Retarget, 14839 netlist objects are constrained preventing optimization. Please run opt_design with -debug_log to get more detail. 

Phase 4 Constant propagation
INFO: [Opt 31-138] Pushed 56 inverter(s) to 236 load pin(s).
Phase 4 Constant propagation | Checksum: 22cea2fa7

Time (s): cpu = 00:46:13 ; elapsed = 00:28:42 . Memory (MB): peak = 29576.473 ; gain = 790.258 ; free physical = 84661 ; free virtual = 110956
INFO: [Opt 31-389] Phase Constant propagation created 1984 cells and removed 17632 cells
INFO: [Opt 31-1021] In phase Constant propagation, 5484 netlist objects are constrained preventing optimization. Please run opt_design with -debug_log to get more detail. 

Phase 5 Sweep
INFO: [Opt 31-120] Instance level0_i/level1/level1_i/ulp (ulp) has been optimized to an empty box cell during sweep but it has constraints that prevent its removal. Empty box cells do not impact the implementation flow but they have no functional relevance.
Resolution: If this is not expected, please check for DONT_TOUCH properties or timing constraint set on the empty box cell or on nets connected to the cell. If found, remove the relevant DONT_TOUCH property or timing constraint and re-run opt_design.
Phase 5 Sweep | Checksum: 192b1e653

Time (s): cpu = 00:47:53 ; elapsed = 00:30:23 . Memory (MB): peak = 29576.473 ; gain = 790.258 ; free physical = 84360 ; free virtual = 110655
INFO: [Opt 31-389] Phase Sweep created 0 cells and removed 23127 cells
INFO: [Opt 31-1021] In phase Sweep, 1481105 netlist objects are constrained preventing optimization. Please run opt_design with -debug_log to get more detail. 

Phase 6 BUFG optimization
INFO: [Opt 31-1077] Phase BUFG optimization inserted 0 global clock buffer(s) for CLOCK_LOW_FANOUT.
Phase 6 BUFG optimization | Checksum: 1a5b1c7ae

Time (s): cpu = 00:49:03 ; elapsed = 00:31:34 . Memory (MB): peak = 29576.473 ; gain = 790.258 ; free physical = 84645 ; free virtual = 110940
INFO: [Opt 31-662] Phase BUFG optimization created 2 cells of which 2 are BUFGs and removed 4 cells.
INFO: [Opt 31-1021] In phase BUFG optimization, 71 netlist objects are constrained preventing optimization. Please run opt_design with -debug_log to get more detail. 

Phase 7 Shift Register Optimization
INFO: [Opt 31-1064] SRL Remap converted 0 SRLs to 0 registers and converted 0 registers of register chains to 0 SRLs
Phase 7 Shift Register Optimization | Checksum: 191cee37f

Time (s): cpu = 00:49:11 ; elapsed = 00:31:42 . Memory (MB): peak = 29576.473 ; gain = 790.258 ; free physical = 84645 ; free virtual = 110941
INFO: [Opt 31-389] Phase Shift Register Optimization created 28 cells and removed 0 cells

Phase 8 Post Processing Netlist
Phase 8 Post Processing Netlist | Checksum: 243f92bf6

Time (s): cpu = 00:49:28 ; elapsed = 00:31:58 . Memory (MB): peak = 29576.473 ; gain = 790.258 ; free physical = 84645 ; free virtual = 110940
INFO: [Opt 31-389] Phase Post Processing Netlist created 0 cells and removed 7 cells
INFO: [Opt 31-1021] In phase Post Processing Netlist, 6031 netlist objects are constrained preventing optimization. Please run opt_design with -debug_log to get more detail. 
Opt_design Change Summary
=========================


-------------------------------------------------------------------------------------------------------------------------
|  Phase                        |  #Cells created  |  #Cells Removed  |  #Constrained objects preventing optimizations  |
-------------------------------------------------------------------------------------------------------------------------
|  Retarget                     |           32448  |           35578  |                                          14839  |
|  Constant propagation         |            1984  |           17632  |                                           5484  |
|  Sweep                        |               0  |           23127  |                                        1481105  |
|  BUFG optimization            |               2  |               4  |                                             71  |
|  Shift Register Optimization  |              28  |               0  |                                              0  |
|  Post Processing Netlist      |               0  |               7  |                                           6031  |
-------------------------------------------------------------------------------------------------------------------------


CRITICAL WARNING: [Constraints 18-952] The ports 'ulp_m_aclk_ctrl_00, ulp_m_aclk_freerun_ref_00, and ulp_m_aclk_pcie_user_00' in reconfigurable module 'level0_i/level1/level1_i/plp' are not connected to upper-level during instantiation. Those ports should not be used by any configuration, otherwise, they may lead to drive-less logic. Resolution: remove those unnecessary ports from the reconfigurable module interface. 

Starting Connectivity Check Task

Time (s): cpu = 00:00:04 ; elapsed = 00:00:04 . Memory (MB): peak = 29576.473 ; gain = 0.000 ; free physical = 84654 ; free virtual = 110949
Ending Logic Optimization Task | Checksum: 28d355e74

Time (s): cpu = 00:50:34 ; elapsed = 00:33:03 . Memory (MB): peak = 29576.473 ; gain = 790.258 ; free physical = 84651 ; free virtual = 110947

Starting Netlist Obfuscation Task
Netlist sorting complete. Time (s): cpu = 00:00:00.55 ; elapsed = 00:00:00.55 . Memory (MB): peak = 29576.473 ; gain = 0.000 ; free physical = 84679 ; free virtual = 110975
Ending Netlist Obfuscation Task | Checksum: 28d355e74

Time (s): cpu = 00:00:00.55 ; elapsed = 00:00:00.55 . Memory (MB): peak = 29576.473 ; gain = 0.000 ; free physical = 84648 ; free virtual = 110943
INFO: [Common 17-83] Releasing license: Implementation
334 Infos, 570 Warnings, 6 Critical Warnings and 0 Errors encountered.
opt_design completed successfully
opt_design: Time (s): cpu = 00:52:22 ; elapsed = 00:34:28 . Memory (MB): peak = 29576.473 ; gain = 798.262 ; free physical = 84653 ; free virtual = 110949
source /home/truongnh/minhphat/30m/debug_link_69460/vpp_temp/link/vivado/vpl/scripts/impl_1/_full_opt_post.tcl
get_nets: Time (s): cpu = 00:00:11 ; elapsed = 00:00:11 . Memory (MB): peak = 29576.473 ; gain = 0.000 ; free physical = 84665 ; free virtual = 110961
get_pins: Time (s): cpu = 00:00:23 ; elapsed = 00:00:24 . Memory (MB): peak = 29576.473 ; gain = 0.000 ; free physical = 84701 ; free virtual = 110996
get_pins: Time (s): cpu = 00:00:23 ; elapsed = 00:00:24 . Memory (MB): peak = 29576.473 ; gain = 0.000 ; free physical = 84701 ; free virtual = 110997
get_pins: Time (s): cpu = 00:00:23 ; elapsed = 00:00:23 . Memory (MB): peak = 29576.473 ; gain = 0.000 ; free physical = 84701 ; free virtual = 110997
get_pins: Time (s): cpu = 00:00:23 ; elapsed = 00:00:24 . Memory (MB): peak = 29576.473 ; gain = 0.000 ; free physical = 84716 ; free virtual = 111012
INFO: [Timing 38-35] Done setting XDC timing constraints.
WARNING: [Timing 38-3] User defined clock exists on pin level0_i/blp/blp_i/ss_hif/inst/pcie/inst/gt_top_i/diablo_gt.diablo_gt_phy_wrapper/gt_wizard.gtwizard_top_i/bd_39ab_pcie_0_gt_i/inst/gen_gtwizard_gtye4_top.bd_39ab_pcie_0_gt_gtwizard_gtye4_inst/gen_gtwizard_gtye4.gen_channel_container[31].gen_enabled_channel.gtye4_channel_wrapper_inst/channel_inst/gtye4_channel_gen.gen_gtye4_channel_inst[3].GTYE4_CHANNEL_PRIM_INST/TXOUTCLK [See /home/truongnh/minhphat/30m/debug_link_69460/vpp_temp/link/vivado/vpl/prj/prj.runs/impl_1/ip_pcie4_uscale_plus_x0y1.xdc:127] and will prevent any subsequent automatic derivation of generated clocks on that pin. If the user defined clock specifies '-add', any existing auto-derived clocks on that pin are retained.
WARNING: [Timing 38-3] User defined clock exists on pin level0_i/level1/level1_i/ulp/ss_ucs/inst/aclk_kernel_00_hierarchy/clkwiz_aclk_kernel_00/inst/CLK_CORE_DRP_I/clk_inst/mmcme4_adv_inst/CLKOUT0 [See /home/truongnh/minhphat/30m/debug_link_69460/vpp_temp/link/vivado/vpl/output/_user_impl_clk.xdc:3] and will prevent any subsequent automatic derivation of generated clocks on that pin. If the user defined clock specifies '-add', any existing auto-derived clocks on that pin are retained.
INFO: [Timing 38-480] Writing timing data to binary archive.
Writing placer database...
Writing XDEF routing.
Writing XDEF routing logical nets.
Writing XDEF routing special nets.
Write XDEF Complete: Time (s): cpu = 00:01:13 ; elapsed = 00:00:25 . Memory (MB): peak = 37109.777 ; gain = 1740.914 ; free physical = 63303 ; free virtual = 90863
report_design_analysis: Time (s): cpu = 00:01:06 ; elapsed = 00:01:00 . Memory (MB): peak = 37125.785 ; gain = 16.008 ; free physical = 63479 ; free virtual = 91560
INFO: [Common 17-1381] The checkpoint '/home/truongnh/minhphat/30m/debug_link_69460/vpp_temp/link/vivado/vpl/prj/prj.runs/impl_1/level0_wrapper_opt.dcp' has been generated.
write_checkpoint: Time (s): cpu = 00:18:46 ; elapsed = 00:11:21 . Memory (MB): peak = 37125.785 ; gain = 7549.312 ; free physical = 79734 ; free virtual = 106764
source /home/truongnh/minhphat/30m/debug_link_69460/vpp_temp/link/vivado/vpl/scripts/impl_1/_full_place_pre.tcl
CRITICAL WARNING: [Vivado 12-4430] You are lowering the severity from an ERROR. This can potentially lead to board damage or other functionality issues on hardware. If this is not desired, please run 'reset_property SEVERITY [get_drc_checks HDPR-5]' to undo this change.
INFO: [Chipscope 16-240] Debug cores have already been implemented
Command: place_design -directive SSI_BalanceSLLs
Attempting to get a license for feature 'Implementation' and/or device 'xcu250'
INFO: [Common 17-349] Got license for feature 'Implementation' and/or device 'xcu250'
WARNING: [Timing 38-172] LUT was found on clock network. Both rising/falling clock edges are propagated from LUT output pin. Use set_clock_sense to specify if that clock should be inverted or not. e.g. set_clock_sense -positive/-negative level0_i/blp/blp_i/ss_cmp/inst/mgmt_debug_bridge/inst/bs_mux/inst/update_INST_0/O
INFO: [DRC 23-27] Running DRC with 4 threads
INFO: [Vivado_Tcl 4-198] DRC finished with 0 Errors
INFO: [Vivado_Tcl 4-199] Please refer to the DRC report (report_drc) for more information.
Running DRC as a precondition to command place_design
INFO: [DRC 23-27] Running DRC with 4 threads
WARNING: [DRC RPBF-3] IO port buffering is incomplete: Device port io_ddr4_01_dq[0] expects both input and output buffering but the buffers are incomplete.
WARNING: [DRC RPBF-3] IO port buffering is incomplete: Device port io_ddr4_01_dq[10] expects both input and output buffering but the buffers are incomplete.
WARNING: [DRC RPBF-3] IO port buffering is incomplete: Device port io_ddr4_01_dq[11] expects both input and output buffering but the buffers are incomplete.
WARNING: [DRC RPBF-3] IO port buffering is incomplete: Device port io_ddr4_01_dq[12] expects both input and output buffering but the buffers are incomplete.
WARNING: [DRC RPBF-3] IO port buffering is incomplete: Device port io_ddr4_01_dq[13] expects both input and output buffering but the buffers are incomplete.
WARNING: [DRC RPBF-3] IO port buffering is incomplete: Device port io_ddr4_01_dq[14] expects both input and output buffering but the buffers are incomplete.
WARNING: [DRC RPBF-3] IO port buffering is incomplete: Device port io_ddr4_01_dq[15] expects both input and output buffering but the buffers are incomplete.
WARNING: [DRC RPBF-3] IO port buffering is incomplete: Device port io_ddr4_01_dq[16] expects both input and output buffering but the buffers are incomplete.
WARNING: [DRC RPBF-3] IO port buffering is incomplete: Device port io_ddr4_01_dq[17] expects both input and output buffering but the buffers are incomplete.
WARNING: [DRC RPBF-3] IO port buffering is incomplete: Device port io_ddr4_01_dq[18] expects both input and output buffering but the buffers are incomplete.
WARNING: [DRC RPBF-3] IO port buffering is incomplete: Device port io_ddr4_01_dq[19] expects both input and output buffering but the buffers are incomplete.
WARNING: [DRC RPBF-3] IO port buffering is incomplete: Device port io_ddr4_01_dq[1] expects both input and output buffering but the buffers are incomplete.
WARNING: [DRC RPBF-3] IO port buffering is incomplete: Device port io_ddr4_01_dq[20] expects both input and output buffering but the buffers are incomplete.
WARNING: [DRC RPBF-3] IO port buffering is incomplete: Device port io_ddr4_01_dq[21] expects both input and output buffering but the buffers are incomplete.
WARNING: [DRC RPBF-3] IO port buffering is incomplete: Device port io_ddr4_01_dq[22] expects both input and output buffering but the buffers are incomplete.
WARNING: [DRC RPBF-3] IO port buffering is incomplete: Device port io_ddr4_01_dq[23] expects both input and output buffering but the buffers are incomplete.
WARNING: [DRC RPBF-3] IO port buffering is incomplete: Device port io_ddr4_01_dq[24] expects both input and output buffering but the buffers are incomplete.
WARNING: [DRC RPBF-3] IO port buffering is incomplete: Device port io_ddr4_01_dq[25] expects both input and output buffering but the buffers are incomplete.
WARNING: [DRC RPBF-3] IO port buffering is incomplete: Device port io_ddr4_01_dq[26] expects both input and output buffering but the buffers are incomplete.
WARNING: [DRC RPBF-3] IO port buffering is incomplete: Device port io_ddr4_01_dq[27] expects both input and output buffering but the buffers are incomplete.
WARNING: [DRC RPBF-3] IO port buffering is incomplete: Device port io_ddr4_01_dq[28] expects both input and output buffering but the buffers are incomplete.
WARNING: [DRC RPBF-3] IO port buffering is incomplete: Device port io_ddr4_01_dq[29] expects both input and output buffering but the buffers are incomplete.
WARNING: [DRC RPBF-3] IO port buffering is incomplete: Device port io_ddr4_01_dq[2] expects both input and output buffering but the buffers are incomplete.
WARNING: [DRC RPBF-3] IO port buffering is incomplete: Device port io_ddr4_01_dq[30] expects both input and output buffering but the buffers are incomplete.
WARNING: [DRC RPBF-3] IO port buffering is incomplete: Device port io_ddr4_01_dq[31] expects both input and output buffering but the buffers are incomplete.
WARNING: [DRC RPBF-3] IO port buffering is incomplete: Device port io_ddr4_01_dq[32] expects both input and output buffering but the buffers are incomplete.
WARNING: [DRC RPBF-3] IO port buffering is incomplete: Device port io_ddr4_01_dq[33] expects both input and output buffering but the buffers are incomplete.
WARNING: [DRC RPBF-3] IO port buffering is incomplete: Device port io_ddr4_01_dq[34] expects both input and output buffering but the buffers are incomplete.
WARNING: [DRC RPBF-3] IO port buffering is incomplete: Device port io_ddr4_01_dq[35] expects both input and output buffering but the buffers are incomplete.
WARNING: [DRC RPBF-3] IO port buffering is incomplete: Device port io_ddr4_01_dq[36] expects both input and output buffering but the buffers are incomplete.
WARNING: [DRC RPBF-3] IO port buffering is incomplete: Device port io_ddr4_01_dq[37] expects both input and output buffering but the buffers are incomplete.
WARNING: [DRC RPBF-3] IO port buffering is incomplete: Device port io_ddr4_01_dq[38] expects both input and output buffering but the buffers are incomplete.
WARNING: [DRC RPBF-3] IO port buffering is incomplete: Device port io_ddr4_01_dq[39] expects both input and output buffering but the buffers are incomplete.
WARNING: [DRC RPBF-3] IO port buffering is incomplete: Device port io_ddr4_01_dq[3] expects both input and output buffering but the buffers are incomplete.
WARNING: [DRC RPBF-3] IO port buffering is incomplete: Device port io_ddr4_01_dq[40] expects both input and output buffering but the buffers are incomplete.
WARNING: [DRC RPBF-3] IO port buffering is incomplete: Device port io_ddr4_01_dq[41] expects both input and output buffering but the buffers are incomplete.
WARNING: [DRC RPBF-3] IO port buffering is incomplete: Device port io_ddr4_01_dq[42] expects both input and output buffering but the buffers are incomplete.
WARNING: [DRC RPBF-3] IO port buffering is incomplete: Device port io_ddr4_01_dq[43] expects both input and output buffering but the buffers are incomplete.
WARNING: [DRC RPBF-3] IO port buffering is incomplete: Device port io_ddr4_01_dq[44] expects both input and output buffering but the buffers are incomplete.
WARNING: [DRC RPBF-3] IO port buffering is incomplete: Device port io_ddr4_01_dq[45] expects both input and output buffering but the buffers are incomplete.
WARNING: [DRC RPBF-3] IO port buffering is incomplete: Device port io_ddr4_01_dq[46] expects both input and output buffering but the buffers are incomplete.
WARNING: [DRC RPBF-3] IO port buffering is incomplete: Device port io_ddr4_01_dq[47] expects both input and output buffering but the buffers are incomplete.
WARNING: [DRC RPBF-3] IO port buffering is incomplete: Device port io_ddr4_01_dq[48] expects both input and output buffering but the buffers are incomplete.
WARNING: [DRC RPBF-3] IO port buffering is incomplete: Device port io_ddr4_01_dq[49] expects both input and output buffering but the buffers are incomplete.
WARNING: [DRC RPBF-3] IO port buffering is incomplete: Device port io_ddr4_01_dq[4] expects both input and output buffering but the buffers are incomplete.
WARNING: [DRC RPBF-3] IO port buffering is incomplete: Device port io_ddr4_01_dq[50] expects both input and output buffering but the buffers are incomplete.
WARNING: [DRC RPBF-3] IO port buffering is incomplete: Device port io_ddr4_01_dq[51] expects both input and output buffering but the buffers are incomplete.
WARNING: [DRC RPBF-3] IO port buffering is incomplete: Device port io_ddr4_01_dq[52] expects both input and output buffering but the buffers are incomplete.
WARNING: [DRC RPBF-3] IO port buffering is incomplete: Device port io_ddr4_01_dq[53] expects both input and output buffering but the buffers are incomplete.
WARNING: [DRC RPBF-3] IO port buffering is incomplete: Device port io_ddr4_01_dq[54] expects both input and output buffering but the buffers are incomplete.
WARNING: [DRC RPBF-3] IO port buffering is incomplete: Device port io_ddr4_01_dq[55] expects both input and output buffering but the buffers are incomplete.
WARNING: [DRC RPBF-3] IO port buffering is incomplete: Device port io_ddr4_01_dq[56] expects both input and output buffering but the buffers are incomplete.
WARNING: [DRC RPBF-3] IO port buffering is incomplete: Device port io_ddr4_01_dq[57] expects both input and output buffering but the buffers are incomplete.
WARNING: [DRC RPBF-3] IO port buffering is incomplete: Device port io_ddr4_01_dq[58] expects both input and output buffering but the buffers are incomplete.
WARNING: [DRC RPBF-3] IO port buffering is incomplete: Device port io_ddr4_01_dq[59] expects both input and output buffering but the buffers are incomplete.
WARNING: [DRC RPBF-3] IO port buffering is incomplete: Device port io_ddr4_01_dq[5] expects both input and output buffering but the buffers are incomplete.
WARNING: [DRC RPBF-3] IO port buffering is incomplete: Device port io_ddr4_01_dq[60] expects both input and output buffering but the buffers are incomplete.
WARNING: [DRC RPBF-3] IO port buffering is incomplete: Device port io_ddr4_01_dq[61] expects both input and output buffering but the buffers are incomplete.
WARNING: [DRC RPBF-3] IO port buffering is incomplete: Device port io_ddr4_01_dq[62] expects both input and output buffering but the buffers are incomplete.
WARNING: [DRC RPBF-3] IO port buffering is incomplete: Device port io_ddr4_01_dq[63] expects both input and output buffering but the buffers are incomplete.
WARNING: [DRC RPBF-3] IO port buffering is incomplete: Device port io_ddr4_01_dq[64] expects both input and output buffering but the buffers are incomplete.
WARNING: [DRC RPBF-3] IO port buffering is incomplete: Device port io_ddr4_01_dq[65] expects both input and output buffering but the buffers are incomplete.
WARNING: [DRC RPBF-3] IO port buffering is incomplete: Device port io_ddr4_01_dq[66] expects both input and output buffering but the buffers are incomplete.
WARNING: [DRC RPBF-3] IO port buffering is incomplete: Device port io_ddr4_01_dq[67] expects both input and output buffering but the buffers are incomplete.
WARNING: [DRC RPBF-3] IO port buffering is incomplete: Device port io_ddr4_01_dq[68] expects both input and output buffering but the buffers are incomplete.
WARNING: [DRC RPBF-3] IO port buffering is incomplete: Device port io_ddr4_01_dq[69] expects both input and output buffering but the buffers are incomplete.
WARNING: [DRC RPBF-3] IO port buffering is incomplete: Device port io_ddr4_01_dq[6] expects both input and output buffering but the buffers are incomplete.
WARNING: [DRC RPBF-3] IO port buffering is incomplete: Device port io_ddr4_01_dq[70] expects both input and output buffering but the buffers are incomplete.
WARNING: [DRC RPBF-3] IO port buffering is incomplete: Device port io_ddr4_01_dq[71] expects both input and output buffering but the buffers are incomplete.
WARNING: [DRC RPBF-3] IO port buffering is incomplete: Device port io_ddr4_01_dq[7] expects both input and output buffering but the buffers are incomplete.
WARNING: [DRC RPBF-3] IO port buffering is incomplete: Device port io_ddr4_01_dq[8] expects both input and output buffering but the buffers are incomplete.
WARNING: [DRC RPBF-3] IO port buffering is incomplete: Device port io_ddr4_01_dq[9] expects both input and output buffering but the buffers are incomplete.
WARNING: [DRC RPBF-3] IO port buffering is incomplete: Device port io_ddr4_01_dqs_c[0] expects both input and output buffering but the buffers are incomplete.
WARNING: [DRC RPBF-3] IO port buffering is incomplete: Device port io_ddr4_01_dqs_c[10] expects both input and output buffering but the buffers are incomplete.
WARNING: [DRC RPBF-3] IO port buffering is incomplete: Device port io_ddr4_01_dqs_c[11] expects both input and output buffering but the buffers are incomplete.
WARNING: [DRC RPBF-3] IO port buffering is incomplete: Device port io_ddr4_01_dqs_c[12] expects both input and output buffering but the buffers are incomplete.
WARNING: [DRC RPBF-3] IO port buffering is incomplete: Device port io_ddr4_01_dqs_c[13] expects both input and output buffering but the buffers are incomplete.
WARNING: [DRC RPBF-3] IO port buffering is incomplete: Device port io_ddr4_01_dqs_c[14] expects both input and output buffering but the buffers are incomplete.
WARNING: [DRC RPBF-3] IO port buffering is incomplete: Device port io_ddr4_01_dqs_c[15] expects both input and output buffering but the buffers are incomplete.
WARNING: [DRC RPBF-3] IO port buffering is incomplete: Device port io_ddr4_01_dqs_c[16] expects both input and output buffering but the buffers are incomplete.
WARNING: [DRC RPBF-3] IO port buffering is incomplete: Device port io_ddr4_01_dqs_c[17] expects both input and output buffering but the buffers are incomplete.
WARNING: [DRC RPBF-3] IO port buffering is incomplete: Device port io_ddr4_01_dqs_c[1] expects both input and output buffering but the buffers are incomplete.
WARNING: [DRC RPBF-3] IO port buffering is incomplete: Device port io_ddr4_01_dqs_c[2] expects both input and output buffering but the buffers are incomplete.
WARNING: [DRC RPBF-3] IO port buffering is incomplete: Device port io_ddr4_01_dqs_c[3] expects both input and output buffering but the buffers are incomplete.
WARNING: [DRC RPBF-3] IO port buffering is incomplete: Device port io_ddr4_01_dqs_c[4] expects both input and output buffering but the buffers are incomplete.
WARNING: [DRC RPBF-3] IO port buffering is incomplete: Device port io_ddr4_01_dqs_c[5] expects both input and output buffering but the buffers are incomplete.
WARNING: [DRC RPBF-3] IO port buffering is incomplete: Device port io_ddr4_01_dqs_c[6] expects both input and output buffering but the buffers are incomplete.
WARNING: [DRC RPBF-3] IO port buffering is incomplete: Device port io_ddr4_01_dqs_c[7] expects both input and output buffering but the buffers are incomplete.
WARNING: [DRC RPBF-3] IO port buffering is incomplete: Device port io_ddr4_01_dqs_c[8] expects both input and output buffering but the buffers are incomplete.
WARNING: [DRC RPBF-3] IO port buffering is incomplete: Device port io_ddr4_01_dqs_c[9] expects both input and output buffering but the buffers are incomplete.
WARNING: [DRC RPBF-3] IO port buffering is incomplete: Device port io_ddr4_01_dqs_t[0] expects both input and output buffering but the buffers are incomplete.
WARNING: [DRC RPBF-3] IO port buffering is incomplete: Device port io_ddr4_01_dqs_t[10] expects both input and output buffering but the buffers are incomplete.
WARNING: [DRC RPBF-3] IO port buffering is incomplete: Device port io_ddr4_01_dqs_t[11] expects both input and output buffering but the buffers are incomplete.
WARNING: [DRC RPBF-3] IO port buffering is incomplete: Device port io_ddr4_01_dqs_t[12] expects both input and output buffering but the buffers are incomplete.
WARNING: [DRC RPBF-3] IO port buffering is incomplete: Device port io_ddr4_01_dqs_t[13] expects both input and output buffering but the buffers are incomplete.
WARNING: [DRC RPBF-3] IO port buffering is incomplete: Device port io_ddr4_01_dqs_t[14] expects both input and output buffering but the buffers are incomplete.
WARNING: [DRC RPBF-3] IO port buffering is incomplete: Device port io_ddr4_01_dqs_t[15] expects both input and output buffering but the buffers are incomplete.
WARNING: [DRC RPBF-3] IO port buffering is incomplete: Device port io_ddr4_01_dqs_t[16] expects both input and output buffering but the buffers are incomplete.
WARNING: [DRC RPBF-3] IO port buffering is incomplete: Device port io_ddr4_01_dqs_t[17] expects both input and output buffering but the buffers are incomplete.
WARNING: [DRC RPBF-3] IO port buffering is incomplete: Device port io_ddr4_01_dqs_t[1] expects both input and output buffering but the buffers are incomplete.
INFO: [Common 17-14] Message 'DRC RPBF-3' appears 100 times and further instances of the messages will be disabled. Use the Tcl command set_msg_config to change the current settings.
INFO: [Vivado_Tcl 4-198] DRC finished with 0 Errors, 108 Warnings
INFO: [Vivado_Tcl 4-199] Please refer to the DRC report (report_drc) for more information.

Starting Placer Task
INFO: [Place 46-5] The placer was invoked with the 'SSI_BalanceSLLs' directive.
INFO: [Place 30-611] Multithreading enabled for place_design using a maximum of 4 CPUs

Phase 1 Placer Initialization

Phase 1.1 Placer Initialization Netlist Sorting
Netlist sorting complete. Time (s): cpu = 00:00:00.59 ; elapsed = 00:00:00.64 . Memory (MB): peak = 37125.785 ; gain = 0.000 ; free physical = 76706 ; free virtual = 103736
Phase 1.1 Placer Initialization Netlist Sorting | Checksum: 130ef2093

Time (s): cpu = 00:00:02 ; elapsed = 00:00:02 . Memory (MB): peak = 37125.785 ; gain = 0.000 ; free physical = 76696 ; free virtual = 103726
Netlist sorting complete. Time (s): cpu = 00:00:00.58 ; elapsed = 00:00:00.58 . Memory (MB): peak = 37125.785 ; gain = 0.000 ; free physical = 76705 ; free virtual = 103735
WARNING: [Constraints 18-5648] For reconfigurable module level0_i/level1/level1_i/plp, the top/bottom edges of its PBLOCK pblock_level1_plp are aligned with clock regions. With this type of floorplan, it has limited routability at PBLOCK top/bottom edges due to routing containment requirement. The edge tiles (only listed 10) are CLEL_R_X74Y479 CLEM_X75Y479 CLEL_R_X75Y479 CLEL_R_X76Y479 CLEM_X77Y479 CLEM_X78Y479 CLEL_R_X78Y479 CLEM_X80Y479 CLEL_R_X81Y479 CLEM_X82Y479 : . Tool will infer PROHIBIT on those tiles to enhancement routability at the edges of PBLOCK. You may also make the PBLOCK not aligned to clock region at top/bottom edges as a solution. Please refer 'Design Consideration' in UG909 for guidelines. 
WARNING: [Constraints 18-5648] For reconfigurable module level0_i/level1/level1_i/ulp, the top/bottom edges of its PBLOCK pblock_dynamic_region are aligned with clock regions. With this type of floorplan, it has limited routability at PBLOCK top/bottom edges due to routing containment requirement. The edge tiles (only listed 10) are CLEM_X75Y480 CLEL_R_X75Y480 CLEL_L_X129Y480 CLEL_R_X129Y480 CLEM_X130Y480 CLEM_X131Y480 CLEL_R_X131Y480 CLEM_X132Y480 CLEL_R_X132Y480 CLEM_X133Y480 : . Tool will infer PROHIBIT on those tiles to enhancement routability at the edges of PBLOCK. You may also make the PBLOCK not aligned to clock region at top/bottom edges as a solution. Please refer 'Design Consideration' in UG909 for guidelines. 

Phase 1.2 IO Placement/ Clock Placement/ Build Placer Device
Phase 1.2 IO Placement/ Clock Placement/ Build Placer Device | Checksum: f22faf60

Time (s): cpu = 00:14:08 ; elapsed = 00:11:04 . Memory (MB): peak = 37125.785 ; gain = 0.000 ; free physical = 77176 ; free virtual = 104207

Phase 1.3 Build Placer Netlist Model
INFO: [Place 30-1040]   HIGH_PRIORITY Clock: clk_kernel_00_unbuffered_net
INFO: [Place 30-1040]   HIGH_PRIORITY Clock: pll_clk[2]_2
INFO: [Place 30-1040]   HIGH_PRIORITY Clock: pll_clk[1]_2
INFO: [Place 30-1040]   HIGH_PRIORITY Clock: pll_clk[0]_2
INFO: [Place 30-1040]   HIGH_PRIORITY Clock: pll_clk[2]_2_DIV
INFO: [Place 30-1040]   HIGH_PRIORITY Clock: mmcm_clkout0_2
INFO: [Place 30-1040]   HIGH_PRIORITY Clock: clk_kernel_01_unbuffered_net
INFO: [Place 30-1040]   HIGH_PRIORITY Clock: pll_clk[2]_1
INFO: [Place 30-1040]   HIGH_PRIORITY Clock: pll_clk[1]_DIV
INFO: [Place 30-1040]   HIGH_PRIORITY Clock: pll_clk[1]_2_DIV
INFO: [Place 30-1040]   HIGH_PRIORITY Clock: pll_clk[0]
INFO: [Place 30-1040]   HIGH_PRIORITY Clock: clk_out1_bd_39ab_clkwiz_level0_periph_0
INFO: [Place 30-1040]   HIGH_PRIORITY Clock: pll_clk[1]_1_DIV
INFO: [Place 30-1040]   HIGH_PRIORITY Clock: pcie_ip_user_clk
INFO: [Place 30-1040]   HIGH_PRIORITY Clock: clk_out2_bd_39ab_clkwiz_level0_periph_0
INFO: [Place 30-1040]   HIGH_PRIORITY Clock: pll_clk[2]_DIV
INFO: [Place 30-1040]   HIGH_PRIORITY Clock: pll_clk[1]
INFO: [Place 30-1040]   HIGH_PRIORITY Clock: level0_i/blp/blp_i/ss_hif/inst/pcie/inst/gt_top_i/diablo_gt.diablo_gt_phy_wrapper/gt_wizard.gtwizard_top_i/bd_39ab_pcie_0_gt_i/inst/gen_gtwizard_gtye4_top.bd_39ab_pcie_0_gt_gtwizard_gtye4_inst/gen_gtwizard_gtye4.gen_channel_container[31].gen_enabled_channel.gtye4_channel_wrapper_inst/channel_inst/gtye4_channel_gen.gen_gtye4_channel_inst[3].GTYE4_CHANNEL_PRIM_INST/TXOUTCLK
INFO: [Place 30-1040]   HIGH_PRIORITY Clock: pll_clk[2]
INFO: [Place 30-1040]   HIGH_PRIORITY Clock: pll_clk[0]_DIV
INFO: [Place 30-1040]   HIGH_PRIORITY Clock: pll_clk[0]_1_DIV
INFO: [Place 30-1040]   HIGH_PRIORITY Clock: mmcm_clkout0
INFO: [Place 30-1040]   HIGH_PRIORITY Clock: mmcm_clkout0_1
INFO: [Place 30-1040]   HIGH_PRIORITY Clock: pll_clk[2]_1_DIV
INFO: [Place 30-1040]   HIGH_PRIORITY Clock: pll_clk[0]_1
INFO: [Place 30-1040]   HIGH_PRIORITY Clock: pll_clk[0]_2_DIV
INFO: [Place 30-1040]   HIGH_PRIORITY Clock: pll_clk[1]_1
Phase 1.3 Build Placer Netlist Model | Checksum: 1560c9b62

Time (s): cpu = 00:28:37 ; elapsed = 00:19:22 . Memory (MB): peak = 37136.801 ; gain = 11.016 ; free physical = 74317 ; free virtual = 101347

Phase 1.4 Constrain Clocks/Macros
Phase 1.4 Constrain Clocks/Macros | Checksum: 1560c9b62

Time (s): cpu = 00:33:29 ; elapsed = 00:24:21 . Memory (MB): peak = 37136.801 ; gain = 11.016 ; free physical = 74212 ; free virtual = 101242
Phase 1 Placer Initialization | Checksum: 1560c9b62

Time (s): cpu = 00:33:39 ; elapsed = 00:24:30 . Memory (MB): peak = 37136.801 ; gain = 11.016 ; free physical = 74100 ; free virtual = 101130

Phase 2 Global Placement

Phase 2.1 Floorplanning
ERROR: [Place 30-864] Super Long Lines (SLLs) capacity is violated between Super Logic Regions (SLR): 2 and SLR: 3 for PBlock: pblock_dynamic_region. SLLs required = 38933, SLLs available = 23040.
WARNING: [Place 30-1239] Failed to find partition obeying SLR constraint, SLR 1, for Cell level0_i/level1/level1_i/ulp/distilbert_hls_top_1/inst.
Phase 2.1 Floorplanning | Checksum: 17c62c543

Time (s): cpu = 01:45:48 ; elapsed = 01:04:41 . Memory (MB): peak = 37136.801 ; gain = 11.016 ; free physical = 73318 ; free virtual = 100349
Phase 2 Global Placement | Checksum: 17c62c543

Time (s): cpu = 01:45:50 ; elapsed = 01:04:42 . Memory (MB): peak = 37136.801 ; gain = 11.016 ; free physical = 73318 ; free virtual = 100349
ERROR: [Place 30-99] Placer failed with error: 'Design cannot be split into multiple SLRs due to overutilization: 95.1% LUT utilization in SLR2, 42837 SLLs required between SLR2 and SLR3 of 23040 SLLs available.

Resolution: Review and adjust physical constraints including use of Pblocks, PROHIBIT, USER_SLR_ASSIGNMENT, and USER_CROSSING_SLR that may affect the ability to partition the design into SLRs.'
Please review all ERROR, CRITICAL WARNING, and WARNING messages during placement to understand the cause for failure.
Ending Placer Task | Checksum: 13930588e

Time (s): cpu = 01:48:14 ; elapsed = 01:07:08 . Memory (MB): peak = 37136.801 ; gain = 11.016 ; free physical = 73469 ; free virtual = 100500
INFO: [Common 17-83] Releasing license: Implementation
376 Infos, 676 Warnings, 7 Critical Warnings and 3 Errors encountered.
place_design failed
ERROR: [Common 17-69] Command failed: Placer could not place all instances
INFO: [Common 17-206] Exiting Vivado at Sun Jun 28 11:29:14 2026...
